Customer_ID,Customer_Name,Gender,Age,State,City,Bank_Branch,Account_Type,Transaction_ID,Transaction_Date,Transaction_Time,Transaction_Amount,Merchant_ID,Transaction_Type,Merchant_Category,Account_Balance,Transaction_Device,Transaction_Location,Device_Type,Is_Fraud,Risk_Type,Transaction_Currency,Customer_Contact,Transaction_Description,Customer_Email
03afef84-c45a-42b6-b440-57b3da966859,pii_full_name_4ec01955bc4c,Female,52,Punjab,Amritsar,Amritsar Branch,Checking,8cce5f51-c1ae-489e-8cb6-d37742eb73a4,29-01-2025,02:57:32,76554.48,c52b70db-f863-456c-9c15-913b41035649,Withdrawal,Restaurant,10641.13,Branch Counter,"Amritsar, Punjab",ATM,0,Clean,INR,+91910077XXXXXX,Flight ticket,pii_email_8a0deca8e360
03afef84-c45a-42b6-b440-57b3da966859,pii_full_name_4ec01955bc4c,Female,52,Punjab,Amritsar,Amritsar Branch,Checking,4e6c59ba-9a29-489e-9e4f-469ed15c2f27,26-02-2025,09:04:13,8798.57,4f2eedb8-625e-40c4-9399-731fd78ea21f,Withdrawal,Entertainment,36654.65,Mobile Banking App,"Amritsar, Punjab",ATM,0,Clean,INR,+91910077XXXXXX,Mutual fund investment,pii_email_8a0deca8e360
03afef84-c45a-42b6-b440-57b3da966859,pii_full_name_4ec01955bc4c,Female,52,Punjab,Amritsar,Amritsar Branch,Checking,5ce993c2-841f-47fa-b418-81d879e6d906,08-03-2025,12:21:37,55834.83,ed64f54f-24c3-4656-8223-e7dfd60ab648,Debit,Restaurant,28055.42,Internet Banking,"Amritsar, Punjab",POS,0,Clean,INR,+91910077XXXXXX,Taxi fare,pii_email_8a0deca8e360
03afef84-c45a-42b6-b440-57b3da966859,pii_full_name_4ec01955bc4c,Female,52,Punjab,Amritsar,Amritsar Branch,Checking,4f3fcb4b-2761-4a53-88e6-c27750139f7f,09-03-2025,15:36:21,80574.24,de4399a8-b2b2-419b-b21f-5d0ee9c5f299,Debit,Restaurant,39380.7,Video Banking,"Amritsar, Punjab",ATM,1,Clean,INR,+91910077XXXXXX,Gym membership,pii_email_8a0deca8e360
03afef84-c45a-42b6-b440-57b3da966859,pii_full_name_4ec01955bc4c,Female,52,Punjab,Amritsar,Amritsar Branch,Checking,270bb66f-150b-4f5b-90c3-7bcf254372bd,10-04-2025,18:23:03,5306.07,63ae8ba6-331f-491d-b758-056b48f14b42,Bill Payment,Restaurant,36124.04,Video Banking,"Amritsar, Punjab",POS,0,Clean,INR,+91910077XXXXXX,EMI payment,pii_email_8a0deca8e360
03afef84-c45a-42b6-b440-57b3da966859,pii_full_name_4ec01955bc4c,Female,52,Punjab,Amritsar,Amritsar Branch,Checking,cc04fd8d-4ba0-480b-ad40-f767103caa01,13-04-2025,16:39:27,12237.99,fd22c3a2-aade-4650-97af-7d39456e5dd5,Transfer,Restaurant,11864.93,Voice Assistant,"Amritsar, Punjab",Desktop,0,Clean,INR,+91910077XXXXXX,Flight ticket,pii_email_8a0deca8e360
03afef84-c45a-42b6-b440-57b3da966859,pii_full_name_4ec01955bc4c,Female,52,Punjab,Amritsar,Amritsar Branch,Checking,b7386940-50a8-4099-a2bf-8b32e6cfd10c,22-04-2025,06:26:24,63511.56,9eb35cef-e456-4fa1-bad8-3bdcbd1b59fb,Credit,Clothing,47438.12,Mobile Banking App,"Amritsar, Punjab",POS,0,Clean,INR,+91910077XXXXXX,Debt repayment,pii_email_8a0deca8e360
03afef84-c45a-42b6-b440-57b3da966859,pii_full_name_4ec01955bc4c,Female,52,Punjab,Amritsar,Amritsar Branch,Checking,499b243b-9293-4b55-945a-7896e6cfc650,01-06-2025,00:29:14,49629.22,ae4b0fc7-eccd-4f71-acea-534e38baf5bc,Credit,Restaurant,41086.96,POS Mobile App,"Amritsar, Punjab",ATM,0,Clean,INR,+91910077XXXXXX,Insurance premium,pii_email_8a0deca8e360
03afef84-c45a-42b6-b440-57b3da966859,pii_full_name_4ec01955bc4c,Female,52,Punjab,Amritsar,Amritsar Branch,Checking,08389da0-95f7-442e-937e-39e91db7c4f0,09-07-2025,15:19:24,48822.8,046721d4-28f8-4848-b876-66902aa50fab,Withdrawal,Groceries,32928.46,POS Mobile App,"Amritsar, Punjab",Mobile,0,Clean,INR,+91910077XXXXXX,Salary credit,pii_email_8a0deca8e360
03afef84-c45a-42b6-b440-57b3da966859,pii_full_name_4ec01955bc4c,Female,52,Punjab,Amritsar,Amritsar Branch,Checking,c0a281fd-c439-4cc1-a409-9c8a42f88ea0,18-07-2025,15:24:37,82668.78,495fcca7-2ced-4241-84fe-eb45aefab483,Transfer,Clothing,29775.52,Voice Assistant,"Amritsar, Punjab",POS,0,Clean,INR,+91910077XXXXXX,Food delivery,pii_email_8a0deca8e360
03afef84-c45a-42b6-b440-57b3da966859,pii_full_name_4ec01955bc4c,Female,52,Punjab,Amritsar,Amritsar Branch,Checking,1fc45439-cf27-4a69-b59a-e2b3ec89bca0,24-07-2025,19:24:41,70411.12,26ccb677-bfe3-4e82-9775-a713f455ba9d,Withdrawal,Restaurant,18296.58,Self-service Banking Machine,"Amritsar, Punjab",ATM,0,Clean,INR,+91910077XXXXXX,Grocery delivery,pii_email_8a0deca8e360
03afef84-c45a-42b6-b440-57b3da966859,pii_full_name_4ec01955bc4c,Female,52,Punjab,Amritsar,Amritsar Branch,Checking,45116f93-55df-444d-80a7-96d8422254b6,09-08-2025,05:38:10,46356.03,b081e752-5bd3-40a8-978b-abdb008a8b45,Withdrawal,Entertainment,23419.82,POS Mobile App,"Amritsar, Punjab",ATM,0,Clean,INR,+91910077XXXXXX,Salary credit,pii_email_8a0deca8e360
03afef84-c45a-42b6-b440-57b3da966859,pii_full_name_4ec01955bc4c,Female,52,Punjab,Amritsar,Amritsar Branch,Checking,8aec5f12-7adb-4b1f-b4e5-03833562da2d,23-08-2025,12:34:48,13773.25,d54268c8-5b1a-4599-ac8f-bd9e6630af0e,Credit,Clothing,45052.29,Branch Counter,"Amritsar, Punjab",POS,0,Clean,INR,+91910077XXXXXX,Grocery delivery,pii_email_8a0deca8e360
03afef84-c45a-42b6-b440-57b3da966859,pii_full_name_4ec01955bc4c,Female,52,Punjab,Amritsar,Amritsar Branch,Checking,1d614e67-d0b4-427e-9eca-e1b46c1ec41f,28-08-2025,21:42:31,45132.4,c0353464-77c7-4dd8-a215-aca7bf29af97,Withdrawal,Clothing,28415.22,ATM,"Amritsar, Punjab",Mobile,0,Clean,INR,+91910077XXXXXX,Debt repayment,pii_email_8a0deca8e360
03afef84-c45a-42b6-b440-57b3da966859,pii_full_name_4ec01955bc4c,Female,52,Punjab,Amritsar,Amritsar Branch,Checking,4d323dc3-25a4-46f5-a221-8c8850c59c13,01-10-2025,05:01:12,91192.86,51c681ea-e82f-4d42-adca-27f5624ca0cf,Credit,Health,37534.51,Phone Banking,"Amritsar, Punjab",POS,0,Clean,INR,+91910077XXXXXX,Flight ticket,pii_email_8a0deca8e360
03afef84-c45a-42b6-b440-57b3da966859,pii_full_name_4ec01955bc4c,Female,52,Punjab,Amritsar,Amritsar Branch,Checking,4a0e71b8-be07-412c-8c29-9534a8de78ed,21-10-2025,04:26:47,26019.99,a0fd0af3-0ad5-485b-a59c-eb7837e7d0f5,Credit,Restaurant,21508.65,Magnetic Strip Card,"Amritsar, Punjab",POS,0,Clean,INR,+91910077XXXXXX,Restaurant dining,pii_email_8a0deca8e360
03afef84-c45a-42b6-b440-57b3da966859,pii_full_name_4ec01955bc4c,Female,52,Punjab,Amritsar,Amritsar Branch,Checking,907463a2-8268-43aa-bab2-8f3702837e99,12-11-2025,09:14:16,72415.48,1a0acb1f-3940-47f6-a8a8-0f7c3f1f0d5e,Debit,Groceries,37810.74,Mobile Banking App,"Amritsar, Punjab",Desktop,0,Clean,INR,+91910077XXXXXX,Movie tickets,pii_email_8a0deca8e360
03afef84-c45a-42b6-b440-57b3da966859,pii_full_name_4ec01955bc4c,Female,52,Punjab,Amritsar,Amritsar Branch,Checking,a53f8469-349a-4243-b352-fd8895109cd1,22-11-2025,08:36:52,45131.7,cf7b29fc-7f56-416b-976f-a9a7c062079c,Bill Payment,Restaurant,18906.65,Digital Wallet,"Amritsar, Punjab",POS,0,Clean,INR,+91910077XXXXXX,EMI payment,pii_email_8a0deca8e360
03afef84-c45a-42b6-b440-57b3da966859,pii_full_name_4ec01955bc4c,Female,52,Punjab,Amritsar,Amritsar Branch,Checking,cc6d8768-9ab6-4748-aa1d-80befa211c4c,28-11-2025,00:22:11,57417.93,9fcb0664-b36f-4cd0-b44d-cffd09da694c,Withdrawal,Electronics,33638.9,QR Code Scanner,"Amritsar, Punjab",ATM,0,Clean,INR,+91910077XXXXXX,Online shopping,pii_email_8a0deca8e360
03afef84-c45a-42b6-b440-57b3da966859,pii_full_name_4ec01955bc4c,Female,52,Punjab,Amritsar,Amritsar Branch,Checking,5af9b8ba-be86-4494-9f0b-946218024a3e,04-12-2025,09:34:34,44378.31,7f337a32-7194-40ea-9cad-36188332c489,Debit,Groceries,25337.69,Branch Counter,"Amritsar, Punjab",ATM,0,Clean,INR,+91910077XXXXXX,Movie tickets,pii_email_8a0deca8e360
05f2f6c2-5c79-46a3-97cc-c5e9267dbe0e,pii_full_name_deebbc647cc7,Male,46,Madhya Pradesh,Indore,Indore Branch,Savings,8988389a-529c-4a68-a9de-995284b81805,29-04-2025,13:28:03,7936.14,69bfe7f0-84d2-4ad5-b760-d3c1ca771c42,Withdrawal,Restaurant,39202.94,Chip Card,"Indore, Madhya Pradesh",Mobile,0,Clean,INR,+91916737XXXXXX,Gym membership,pii_email_a7a6366b7ce9
05f2f6c2-5c79-46a3-97cc-c5e9267dbe0e,pii_full_name_deebbc647cc7,Male,46,Madhya Pradesh,Indore,Indore Branch,Savings,a02eedd3-d042-48b0-8248-e74c72444e48,02-05-2025,23:40:01,64580.97,9e25e796-9327-42b8-821e-cf566e390d74,Debit,Electronics,39784.67,Internet Banking,"Indore, Madhya Pradesh",ATM,0,Clean,INR,+91916737XXXXXX,Cash withdrawal,pii_email_a7a6366b7ce9
05f2f6c2-5c79-46a3-97cc-c5e9267dbe0e,pii_full_name_deebbc647cc7,Male,46,Madhya Pradesh,Indore,Indore Branch,Savings,02a0c1f0-60dd-4d9d-abf4-3d3ed114313c,02-07-2025,09:43:50,91910.65,3f5f7f76-de21-47b4-b2c9-8b6f9e9ac778,Credit,Health,39996.55,POS Mobile Device,"Indore, Madhya Pradesh",Mobile,0,Clean,INR,+91916737XXXXXX,Cash withdrawal,pii_email_a7a6366b7ce9
05f2f6c2-5c79-46a3-97cc-c5e9267dbe0e,pii_full_name_deebbc647cc7,Male,46,Madhya Pradesh,Indore,Indore Branch,Savings,0a927f08-e817-4615-8cbc-c19d3c857fc3,26-08-2025,19:22:04,37001.24,d9dd9907-9c0e-4adc-8fad-970873e0725e,Debit,Health,30805.48,Digital Wallet,"Indore, Madhya Pradesh",POS,0,Clean,INR,+91916737XXXXXX,Hotel booking,pii_email_a7a6366b7ce9
05f2f6c2-5c79-46a3-97cc-c5e9267dbe0e,pii_full_name_deebbc647cc7,Male,46,Madhya Pradesh,Indore,Indore Branch,Savings,e2bdedc4-9394-46ce-8c52-c4d13fa0069e,07-10-2025,08:47:47,52790.61,a364e53f-6b57-4414-b5de-1d4c19ec9c8f,Withdrawal,Restaurant,34505.61,Contactless Card,"Indore, Madhya Pradesh",POS,0,Clean,INR,+91916737XXXXXX,Gym membership,pii_email_a7a6366b7ce9
07089a8a-275c-4154-b63d-486e868df779,pii_full_name_5fddd8469e0d,Female,70,Maharashtra,Mumbai,Mumbai Branch,Checking,6bb06590-8b4f-448e-bc17-bc60a443893e,09-01-2025,15:50:17,16787.13,f94fd38e-eff9-483f-bc45-a49cceeeb1d7,Transfer,Restaurant,20247.88,Phone Banking,"Mumbai, Maharashtra",POS,0,Clean,INR,+91984543XXXXXX,Restaurant dining,pii_email_b524e7ea4f2d
07089a8a-275c-4154-b63d-486e868df779,pii_full_name_5fddd8469e0d,Female,70,Maharashtra,Mumbai,Mumbai Branch,Checking,1a612c8e-7d61-4318-8d92-7cdcca6d9af6,19-02-2025,13:53:09,61889.47,9300a3f7-62bf-4249-b36d-2637fe38eb40,Debit,Entertainment,51054.03,Debit/Credit Card,"Mumbai, Maharashtra",ATM,0,Clean,INR,+91984543XXXXXX,EMI payment,pii_email_b524e7ea4f2d
07089a8a-275c-4154-b63d-486e868df779,pii_full_name_5fddd8469e0d,Female,70,Maharashtra,Mumbai,Mumbai Branch,Checking,7c51a4fe-6752-4204-8ba2-58115bdd249b,16-03-2025,06:24:20,73814.51,21fcf463-681f-4727-a01f-279d614abcc8,Debit,Entertainment,43672.58,Branch Counter,"Mumbai, Maharashtra",Mobile,1,Clean,INR,+91984543XXXXXX,Mobile recharge,pii_email_b524e7ea4f2d
07089a8a-275c-4154-b63d-486e868df779,pii_full_name_5fddd8469e0d,Female,70,Maharashtra,Mumbai,Mumbai Branch,Checking,bd552ab6-431b-4c7d-a540-0afd2a2c29b1,24-03-2025,15:59:10,41547.88,1ec04b64-2914-4146-83d5-f8cebba30549,Credit,Entertainment,18569.17,ATM Booth Kiosk,"Mumbai, Maharashtra",POS,0,Clean,INR,+91984543XXXXXX,Online shopping,pii_email_b524e7ea4f2d
07089a8a-275c-4154-b63d-486e868df779,pii_full_name_5fddd8469e0d,Female,70,Maharashtra,Mumbai,Mumbai Branch,Checking,be61f776-966b-418e-a6d0-4c868a6a354b,21-04-2025,05:43:39,79575.52,ad9da8b3-735c-4b59-b2be-e8afacc56471,Bill Payment,Restaurant,5029.66,Virtual Card,"Mumbai, Maharashtra",Mobile,0,Clean,INR,+91984543XXXXXX,Debt repayment,pii_email_b524e7ea4f2d
07089a8a-275c-4154-b63d-486e868df779,pii_full_name_5fddd8469e0d,Female,70,Maharashtra,Mumbai,Mumbai Branch,Checking,2d02e010-da6a-4e10-8849-da23f74cf74e,12-05-2025,09:17:43,38654.79,96c53347-ea90-4053-b629-855b757e2ddc,Bill Payment,Groceries,14414.38,Chip Card,"Mumbai, Maharashtra",ATM,0,Clean,INR,+91984543XXXXXX,Online shopping,pii_email_b524e7ea4f2d
07089a8a-275c-4154-b63d-486e868df779,pii_full_name_5fddd8469e0d,Female,70,Maharashtra,Mumbai,Mumbai Branch,Checking,1dde2b96-579d-4607-93e1-7ba9c41de01c,31-05-2025,12:04:03,6149.03,338ebe26-1084-4e0d-8fce-29aa8273ac0b,Bill Payment,Health,43057.68,Video Banking,"Mumbai, Maharashtra",ATM,0,Clean,INR,+91984543XXXXXX,Bitcoin transaction,pii_email_b524e7ea4f2d
07089a8a-275c-4154-b63d-486e868df779,pii_full_name_5fddd8469e0d,Female,70,Maharashtra,Mumbai,Mumbai Branch,Checking,d0ae4975-969a-4b09-8880-099273005528,05-06-2025,07:59:06,39870.46,b301b357-9581-4472-b0a1-04e94701dc14,Debit,Entertainment,28579.97,Internet Banking,"Mumbai, Maharashtra",POS,0,Clean,INR,+91984543XXXXXX,Gym membership,pii_email_b524e7ea4f2d
07089a8a-275c-4154-b63d-486e868df779,pii_full_name_5fddd8469e0d,Female,70,Maharashtra,Mumbai,Mumbai Branch,Checking,de1873e3-5f08-400e-b214-60998e8adcc8,02-08-2025,17:37:22,84087.31,2ace2550-71b4-41ee-bbf5-c19a2d96b4d0,Bill Payment,Electronics,57242.98,Virtual Card,"Mumbai, Maharashtra",Desktop,0,Clean,INR,+91984543XXXXXX,Utility bill,pii_email_b524e7ea4f2d
07089a8a-275c-4154-b63d-486e868df779,pii_full_name_5fddd8469e0d,Female,70,Maharashtra,Mumbai,Mumbai Branch,Checking,e08d8694-11e2-4d15-bbba-e806588e3289,08-08-2025,23:07:41,87974.19,43de2779-0ba0-4529-a60e-1617aa79bbaf,Withdrawal,Health,19782.55,ATM,"Mumbai, Maharashtra",Desktop,0,Clean,INR,+91984543XXXXXX,Movie tickets,pii_email_b524e7ea4f2d
07089a8a-275c-4154-b63d-486e868df779,pii_full_name_5fddd8469e0d,Female,70,Maharashtra,Mumbai,Mumbai Branch,Checking,1d1f7a76-f3a7-4396-9c8b-ca9b90038296,10-08-2025,01:08:46,6539.96,058adb0b-6e4f-4660-b12e-24bda02ebf07,Bill Payment,Entertainment,5029.66,POS Mobile App,"Mumbai, Maharashtra",ATM,0,Clean,INR,+91984543XXXXXX,Train ticket,pii_email_b524e7ea4f2d
07089a8a-275c-4154-b63d-486e868df779,pii_full_name_5fddd8469e0d,Female,70,Maharashtra,Mumbai,Mumbai Branch,Checking,e0629392-274d-4321-a6f8-dd580cbf6d9a,29-08-2025,16:42:30,50694.93,4a88b287-f30e-4c1a-8ad3-25c69c3b12c0,Bill Payment,Entertainment,37988.19,QR Code Scanner,"Mumbai, Maharashtra",POS,0,Clean,INR,+91984543XXXXXX,Grocery delivery,pii_email_b524e7ea4f2d
07089a8a-275c-4154-b63d-486e868df779,pii_full_name_5fddd8469e0d,Female,70,Maharashtra,Mumbai,Mumbai Branch,Checking,89bb7516-7249-4fc7-b388-ded1283cba9f,07-10-2025,05:33:39,92795.06,ec5446f6-c607-4d67-b909-f7151560663e,Withdrawal,Restaurant,32567.01,Digital Wallet,"Mumbai, Maharashtra",POS,0,Clean,INR,+91984543XXXXXX,Mobile recharge,pii_email_b524e7ea4f2d
07089a8a-275c-4154-b63d-486e868df779,pii_full_name_5fddd8469e0d,Female,70,Maharashtra,Mumbai,Mumbai Branch,Checking,1d46a2cb-7baa-4fad-a778-f53535646b55,13-10-2025,21:02:36,96483.16,35877ee8-11b0-4c39-a8af-a785b08c9711,Debit,Electronics,5154.74,UPI,"Mumbai, Maharashtra",Desktop,0,Clean,INR,+91984543XXXXXX,Jewelry purchase,pii_email_b524e7ea4f2d
07089a8a-275c-4154-b63d-486e868df779,pii_full_name_5fddd8469e0d,Female,70,Maharashtra,Mumbai,Mumbai Branch,Checking,16763167-2a02-41d7-a66a-e7493fb8d471,24-11-2025,06:46:25,15026.85,eb219fb4-a720-4ac5-baa5-dfd7e4c1a6c1,Withdrawal,Clothing,18279.86,Debit/Credit Card,"Mumbai, Maharashtra",POS,0,Clean,INR,+91984543XXXXXX,EMI payment,pii_email_b524e7ea4f2d
07089a8a-275c-4154-b63d-486e868df779,pii_full_name_5fddd8469e0d,Female,70,Maharashtra,Mumbai,Mumbai Branch,Checking,d55ea6f4-9289-4d61-a907-b3c61e257288,02-12-2025,07:09:03,54448.27,aa662246-4f44-42d4-8844-da188902c5f8,Withdrawal,Entertainment,14803.06,ATM,"Mumbai, Maharashtra",Desktop,0,Clean,INR,+91984543XXXXXX,Salary credit,pii_email_b524e7ea4f2d
07089a8a-275c-4154-b63d-486e868df779,pii_full_name_5fddd8469e0d,Female,70,Maharashtra,Mumbai,Mumbai Branch,Checking,5b9b9361-2518-41cb-9412-12e7a2b833f3,03-12-2025,06:29:27,38583.31,45e09e47-a05d-4963-ac83-f77f1aad5e93,Credit,Restaurant,41846.52,Voice Assistant,"Mumbai, Maharashtra",Mobile,0,Clean,INR,+91984543XXXXXX,Gym membership,pii_email_b524e7ea4f2d
070c9c8c-bcef-4cf9-ad12-0209501fef1f,pii_full_name_beef3b1d02a4,Male,46,Bihar,Patna,Patna Branch,Checking,0161db5d-f8a3-45c8-98b3-9b01e898d316,24-02-2025,06:41:47,44319.86,ed2aac47-3229-4435-af3a-8d6872d8f9f6,Debit,Groceries,69191.58,POS Mobile Device,"Patna, Bihar",Mobile,0,Clean,INR,+91966491XXXXXX,Electricity bill,pii_email_3c99777871b5
070c9c8c-bcef-4cf9-ad12-0209501fef1f,pii_full_name_beef3b1d02a4,Male,46,Bihar,Patna,Patna Branch,Checking,fba082c8-b29f-420b-b76c-a38f446ad4e2,20-03-2025,11:16:32,51913.39,743d18c8-b366-4060-992f-cceb69335477,Withdrawal,Health,83390.76,Biometric ATM,"Patna, Bihar",Mobile,0,Clean,INR,+91966491XXXXXX,Insurance premium,pii_email_3c99777871b5
070c9c8c-bcef-4cf9-ad12-0209501fef1f,pii_full_name_beef3b1d02a4,Male,46,Bihar,Patna,Patna Branch,Checking,36f51ba1-ae1d-479f-bb33-ca4e8a920d83,08-04-2025,08:55:22,38575.27,bdb42427-4336-4ed3-a28e-30b7e0dd50e4,Debit,Health,92966.15,Self-service Banking Machine,"Patna, Bihar",Desktop,0,Clean,INR,+91966491XXXXXX,Gas bill,pii_email_3c99777871b5
070c9c8c-bcef-4cf9-ad12-0209501fef1f,pii_full_name_beef3b1d02a4,Male,46,Bihar,Patna,Patna Branch,Checking,0d1dcbda-245c-4ef7-bcaf-1c1739bbe6ff,10-05-2025,12:30:28,25464.65,4b355643-6993-48dc-9a53-bda412f2e6f1,Withdrawal,Entertainment,66645.11,ATM,"Patna, Bihar",Mobile,0,Clean,INR,+91966491XXXXXX,Flight ticket,pii_email_3c99777871b5
070c9c8c-bcef-4cf9-ad12-0209501fef1f,pii_full_name_beef3b1d02a4,Male,46,Bihar,Patna,Patna Branch,Checking,27490d0e-76c0-4e8c-8726-1d20e885d5f4,25-07-2025,06:55:39,41048.52,1ff44b1e-e4b4-4941-89ab-138940578b53,Withdrawal,Groceries,81792.72,Self-service Banking Machine,"Patna, Bihar",ATM,0,Clean,INR,+91966491XXXXXX,Insurance premium,pii_email_3c99777871b5
070c9c8c-bcef-4cf9-ad12-0209501fef1f,pii_full_name_beef3b1d02a4,Male,46,Bihar,Patna,Patna Branch,Checking,27ba65dc-1e4e-4792-8c71-afcebb582be4,21-08-2025,02:10:11,86266.22,55c5a635-7adc-448f-9bb2-7831532624ea,Credit,Groceries,85897.57,POS Mobile Device,"Patna, Bihar",Mobile,0,Clean,INR,+91966491XXXXXX,Restaurant dining,pii_email_3c99777871b5
070c9c8c-bcef-4cf9-ad12-0209501fef1f,pii_full_name_beef3b1d02a4,Male,46,Bihar,Patna,Patna Branch,Checking,37479e8e-f590-4d7b-9093-507e873b338b,29-10-2025,21:10:47,43840.49,ead556c6-bede-4466-9012-9e5de4c78fe3,Bill Payment,Clothing,88582.1,POS Mobile App,"Patna, Bihar",Mobile,0,Clean,INR,+91966491XXXXXX,Jewelry purchase,pii_email_3c99777871b5
070c9c8c-bcef-4cf9-ad12-0209501fef1f,pii_full_name_beef3b1d02a4,Male,46,Bihar,Patna,Patna Branch,Checking,f3252503-ce3e-425e-aaeb-e71c7aefbebe,07-12-2025,04:09:05,61198.07,f805bbd2-f5bc-4d84-9516-000689165d83,Bill Payment,Entertainment,77270.95,Contactless Card,"Patna, Bihar",Mobile,0,Clean,INR,+91966491XXXXXX,Jewelry purchase,pii_email_3c99777871b5
070c9c8c-bcef-4cf9-ad12-0209501fef1f,pii_full_name_beef3b1d02a4,Male,46,Bihar,Patna,Patna Branch,Checking,d18cf6c3-3563-43d3-a454-a5a2fba275ca,23-12-2025,08:22:07,60038.88,f5a88134-b0c9-4d56-a1de-bdc064c043ef,Withdrawal,Electronics,60641.23,QR Code Scanner,"Patna, Bihar",ATM,0,Clean,INR,+91966491XXXXXX,Debt repayment,pii_email_3c99777871b5
070c9c8c-bcef-4cf9-ad12-0209501fef1f,pii_full_name_beef3b1d02a4,Male,46,Bihar,Patna,Patna Branch,Checking,d571c29f-8ea4-4870-8e78-94cac75fb96f,24-12-2025,10:22:03,81691.58,e5135e54-9f70-4f5e-a66f-b38fdc7fc9cc,Debit,Electronics,73623.56,Debit/Credit Card,"Patna, Bihar",ATM,1,Clean,INR,+91966491XXXXXX,Mobile recharge,pii_email_3c99777871b5
076142fc-50fc-4751-9fdf-efd08b7dfdfd,pii_full_name_c6c9a35d0766,Male,46,Bihar,Gaya,Gaya Branch,Checking,6b9a855a-a875-4011-b5e0-8d896e37525d,05-02-2025,03:02:57,65232.97,7de80f41-429a-4d25-9b6b-89c93695fbf0,Credit,Health,82508.82,Digital Wallet,"Gaya, Bihar",Desktop,0,Clean,INR,+91990910XXXXXX,Mutual fund investment,pii_email_1c8ba489995e
076142fc-50fc-4751-9fdf-efd08b7dfdfd,pii_full_name_c6c9a35d0766,Male,46,Bihar,Gaya,Gaya Branch,Checking,71c31a84-494b-4418-8a62-2e687cfc9f49,05-02-2025,05:55:21,42554.57,9b7b8e67-e0b2-469e-aafc-11d41443b2be,Debit,Clothing,78840.94,Voice Assistant,"Gaya, Bihar",ATM,0,Clean,INR,+91990910XXXXXX,Bitcoin transaction,pii_email_1c8ba489995e
076142fc-50fc-4751-9fdf-efd08b7dfdfd,pii_full_name_c6c9a35d0766,Male,46,Bihar,Gaya,Gaya Branch,Checking,be1f6f22-788f-4e09-865a-3c9b52764193,19-02-2025,06:17:50,33160.18,57e44cf6-b681-4c33-8a19-5a6e8edaf2b4,Transfer,Health,98723.27,POS Mobile Device,"Gaya, Bihar",Mobile,0,Clean,INR,+91990910XXXXXX,Restaurant dining,pii_email_1c8ba489995e
076142fc-50fc-4751-9fdf-efd08b7dfdfd,pii_full_name_c6c9a35d0766,Male,46,Bihar,Gaya,Gaya Branch,Checking,80363792-fff2-424d-91b7-ff352819f01d,25-02-2025,11:12:03,54167.52,423593d1-6fb4-4109-8fce-bcc5f245f5da,Bill Payment,Restaurant,92775.54,Phone Banking,"Gaya, Bihar",Desktop,0,Clean,INR,+91990910XXXXXX,Pharmacy bill,pii_email_1c8ba489995e
076142fc-50fc-4751-9fdf-efd08b7dfdfd,pii_full_name_c6c9a35d0766,Male,46,Bihar,Gaya,Gaya Branch,Checking,3cdd2ea6-d915-4aa3-b6b6-eb9366d7dccc,26-02-2025,22:27:36,22245.77,c3526bf1-932f-4f82-8596-1eac196b5d20,Withdrawal,Groceries,93941.04,ATM,"Gaya, Bihar",POS,0,Clean,INR,+91990910XXXXXX,Food delivery,pii_email_1c8ba489995e
076142fc-50fc-4751-9fdf-efd08b7dfdfd,pii_full_name_c6c9a35d0766,Male,46,Bihar,Gaya,Gaya Branch,Checking,88a8b8a9-9ead-4684-8ce7-877887f64060,02-03-2025,03:00:11,14662.1,437a97cb-3ab4-491d-9564-8640f421ee1c,Credit,Entertainment,95407.25,Debit/Credit Card,"Gaya, Bihar",Mobile,0,Clean,INR,+91990910XXXXXX,Insurance premium,pii_email_1c8ba489995e
076142fc-50fc-4751-9fdf-efd08b7dfdfd,pii_full_name_c6c9a35d0766,Male,46,Bihar,Gaya,Gaya Branch,Checking,a5ac2e3b-314f-4a9c-979c-ca32d970ecde,17-03-2025,17:35:09,79149.86,3a8f1e3f-6271-4a96-9c3f-4e9f4ddc256f,Credit,Restaurant,90423.81,Voice Assistant,"Gaya, Bihar",POS,1,Clean,INR,+91990910XXXXXX,Train ticket,pii_email_1c8ba489995e
076142fc-50fc-4751-9fdf-efd08b7dfdfd,pii_full_name_c6c9a35d0766,Male,46,Bihar,Gaya,Gaya Branch,Checking,43d0cc98-5ff9-4131-b916-b3fb9093613f,13-05-2025,17:41:39,78009.93,95bbe8b7-0e06-4cba-ab11-f6d3ae620c34,Withdrawal,Health,80471.29,Virtual Card,"Gaya, Bihar",Mobile,1,Clean,INR,+91990910XXXXXX,Restaurant dining,pii_email_1c8ba489995e
076142fc-50fc-4751-9fdf-efd08b7dfdfd,pii_full_name_c6c9a35d0766,Male,46,Bihar,Gaya,Gaya Branch,Checking,234df739-4926-4369-9859-89c57cf27215,03-06-2025,16:28:58,8477.86,77b98206-cdd5-4c2a-9691-eae875202870,Transfer,Electronics,94040.86,Voice Assistant,"Gaya, Bihar",POS,0,Clean,INR,+91990910XXXXXX,Restaurant dining,pii_email_1c8ba489995e
076142fc-50fc-4751-9fdf-efd08b7dfdfd,pii_full_name_c6c9a35d0766,Male,46,Bihar,Gaya,Gaya Branch,Checking,5d30f93b-4bd2-43e9-9f7e-1096dacd1fe4,08-06-2025,00:32:46,56905.0,9d8b9248-6483-4f89-8fb3-4b98f98800ac,Bill Payment,Clothing,75985.52,Digital Wallet,"Gaya, Bihar",Desktop,0,Clean,INR,+91990910XXXXXX,Train ticket,pii_email_1c8ba489995e
076142fc-50fc-4751-9fdf-efd08b7dfdfd,pii_full_name_c6c9a35d0766,Male,46,Bihar,Gaya,Gaya Branch,Checking,375dedc9-0d58-4068-8d27-90680d676de3,25-07-2025,17:03:32,95396.79,0b517391-a304-439a-8185-292b5e2a9567,Debit,Electronics,83096.39,Branch Counter,"Gaya, Bihar",ATM,0,Clean,INR,+91990910XXXXXX,Jewelry purchase,pii_email_1c8ba489995e
076142fc-50fc-4751-9fdf-efd08b7dfdfd,pii_full_name_c6c9a35d0766,Male,46,Bihar,Gaya,Gaya Branch,Checking,f390a59f-d1c7-4e8e-af96-2acb7bb5c87b,19-09-2025,08:39:29,57685.83,2004d471-b8af-45a9-b305-e526aac3b048,Withdrawal,Restaurant,88272.28,POS Mobile Device,"Gaya, Bihar",Desktop,0,Clean,INR,+91990910XXXXXX,Restaurant dining,pii_email_1c8ba489995e
076142fc-50fc-4751-9fdf-efd08b7dfdfd,pii_full_name_c6c9a35d0766,Male,46,Bihar,Gaya,Gaya Branch,Checking,21ba3bad-6c6f-48fa-b720-0ca6bea12d73,24-10-2025,23:23:15,31620.05,0cd56fee-3d38-4c9a-a9c8-11b64d276131,Transfer,Restaurant,92501.51,POS Mobile App,"Gaya, Bihar",Mobile,0,Clean,INR,+91990910XXXXXX,Gas bill,pii_email_1c8ba489995e
076142fc-50fc-4751-9fdf-efd08b7dfdfd,pii_full_name_c6c9a35d0766,Male,46,Bihar,Gaya,Gaya Branch,Checking,d5a539b5-bf60-4c88-b6f5-f8dce558abb1,03-11-2025,17:46:35,4175.34,e4a953a4-3ea2-4f4c-9d24-3cca166b31f5,Credit,Entertainment,93193.08,Virtual Card,"Gaya, Bihar",POS,0,Clean,INR,+91990910XXXXXX,Bitcoin transaction,pii_email_1c8ba489995e
076142fc-50fc-4751-9fdf-efd08b7dfdfd,pii_full_name_c6c9a35d0766,Male,46,Bihar,Gaya,Gaya Branch,Checking,fbcfa3a8-6847-4d6b-bb81-085c4c170128,05-11-2025,23:16:48,1345.6,08ce77c2-32af-4a71-8fa8-7688d29169c1,Credit,Clothing,92636.07,QR Code Scanner,"Gaya, Bihar",ATM,1,Clean,INR,+91990910XXXXXX,EMI payment,pii_email_1c8ba489995e
076142fc-50fc-4751-9fdf-efd08b7dfdfd,pii_full_name_c6c9a35d0766,Male,46,Bihar,Gaya,Gaya Branch,Checking,bb62de59-842d-4a7b-81bf-5e2f9eb548d1,06-11-2025,14:00:14,28350.86,158e503a-92bf-4ecb-8c91-d66ce5936a10,Transfer,Restaurant,81676.02,Debit/Credit Card,"Gaya, Bihar",ATM,0,Clean,INR,+91990910XXXXXX,Debt repayment,pii_email_1c8ba489995e
076142fc-50fc-4751-9fdf-efd08b7dfdfd,pii_full_name_c6c9a35d0766,Male,46,Bihar,Gaya,Gaya Branch,Checking,373bfe23-bd85-4b64-838a-6c00f9d06829,07-12-2025,05:42:48,57418.1,8ee163c5-9029-4342-81ab-691a7fa87c96,Credit,Restaurant,96165.62,QR Code Scanner,"Gaya, Bihar",Mobile,0,Clean,INR,+91990910XXXXXX,Gym membership,pii_email_1c8ba489995e
076142fc-50fc-4751-9fdf-efd08b7dfdfd,pii_full_name_c6c9a35d0766,Male,46,Bihar,Gaya,Gaya Branch,Checking,5f9568d3-c294-4e78-9018-95fd7d8ae326,30-12-2025,07:39:29,88682.22,76e592a6-4416-48f1-a006-d79f31c7c88b,Credit,Health,89339.51,QR Code Scanner,"Gaya, Bihar",ATM,0,Clean,INR,+91990910XXXXXX,Pharmacy bill,pii_email_1c8ba489995e
07aa8ec7-d136-4271-875f-abb96e2b0eee,pii_full_name_f8959687a797,Male,18,Bihar,Bhagalpur,Bhagalpur Branch,Checking,9a4e5e5e-02e5-4062-b44b-3fadcd9e362f,27-01-2025,08:40:47,91708.72,9f2154c1-ea33-4349-a29a-210fa6691b12,Transfer,Electronics,92492.98,Phone Banking,"Bhagalpur, Bihar",Mobile,0,Clean,INR,+91952944XXXXXX,Taxi fare,pii_email_fb7eeabfca53
07aa8ec7-d136-4271-875f-abb96e2b0eee,pii_full_name_f8959687a797,Male,18,Bihar,Bhagalpur,Bhagalpur Branch,Checking,f945d625-274a-46ea-b51b-a568cb976ccc,28-03-2025,15:48:23,26048.35,19d8f391-11b6-4e8c-aa0d-dcc9b2d30103,Transfer,Restaurant,89105.01,Internet Banking,"Bhagalpur, Bihar",Mobile,0,Clean,INR,+91952944XXXXXX,Train ticket,pii_email_fb7eeabfca53
07aa8ec7-d136-4271-875f-abb96e2b0eee,pii_full_name_f8959687a797,Male,18,Bihar,Bhagalpur,Bhagalpur Branch,Checking,d5d59228-3ad0-42c5-a5ec-377b82be7899,17-04-2025,12:07:38,46796.18,d0f0f05d-6613-4212-9f32-01342671a188,Credit,Groceries,86500.18,Branch Counter,"Bhagalpur, Bihar",ATM,0,Clean,INR,+91952944XXXXXX,Grocery delivery,pii_email_fb7eeabfca53
07aa8ec7-d136-4271-875f-abb96e2b0eee,pii_full_name_f8959687a797,Male,18,Bihar,Bhagalpur,Bhagalpur Branch,Checking,4c2cf8f7-6d43-4fee-a1b4-7d69a654dde6,31-05-2025,19:05:52,42820.78,af9c7fb2-6ff7-4245-bff6-8a579cce6c18,Debit,Restaurant,80450.66,Virtual Card,"Bhagalpur, Bihar",ATM,0,Clean,INR,+91952944XXXXXX,Electricity bill,pii_email_fb7eeabfca53
07aa8ec7-d136-4271-875f-abb96e2b0eee,pii_full_name_f8959687a797,Male,18,Bihar,Bhagalpur,Bhagalpur Branch,Checking,94a5a834-4743-438d-8404-34bc62db068f,01-06-2025,23:53:04,62056.21,06bad184-c939-4aed-a6a4-646edb29cb4a,Bill Payment,Groceries,93790.82,Mobile Banking App,"Bhagalpur, Bihar",POS,0,Clean,INR,+91952944XXXXXX,Movie tickets,pii_email_fb7eeabfca53
07aa8ec7-d136-4271-875f-abb96e2b0eee,pii_full_name_f8959687a797,Male,18,Bihar,Bhagalpur,Bhagalpur Branch,Checking,f905c41e-2120-49a4-ad7c-ee108614a957,21-06-2025,05:00:24,31360.33,9105923e-2170-405d-a7b4-d7d56825c586,Debit,Restaurant,88318.77,Biometric ATM,"Bhagalpur, Bihar",ATM,0,Clean,INR,+91952944XXXXXX,Gas bill,pii_email_fb7eeabfca53
07aa8ec7-d136-4271-875f-abb96e2b0eee,pii_full_name_f8959687a797,Male,18,Bihar,Bhagalpur,Bhagalpur Branch,Checking,67eb8d17-993b-4fd6-a275-1d464796df27,14-08-2025,03:30:37,94894.07,39576dcc-de41-4c4a-bf7a-ac67cf4ad156,Transfer,Clothing,74437.22,Video Banking,"Bhagalpur, Bihar",Desktop,0,Clean,INR,+91952944XXXXXX,Electricity bill,pii_email_fb7eeabfca53
07aa8ec7-d136-4271-875f-abb96e2b0eee,pii_full_name_f8959687a797,Male,18,Bihar,Bhagalpur,Bhagalpur Branch,Checking,5d58cf8d-808f-45c6-b09b-089f12ebb775,16-08-2025,17:11:30,92837.57,16cad3e6-9c38-4e94-81ab-9219cd6d8160,Bill Payment,Restaurant,71166.9,ATM Booth Kiosk,"Bhagalpur, Bihar",Mobile,0,Clean,INR,+91952944XXXXXX,Jewelry purchase,pii_email_fb7eeabfca53
07aa8ec7-d136-4271-875f-abb96e2b0eee,pii_full_name_f8959687a797,Male,18,Bihar,Bhagalpur,Bhagalpur Branch,Checking,caa703d0-bc3d-453a-b51a-f66975be973b,19-08-2025,21:47:15,57503.73,d2669f5e-7d06-482d-92da-a55a9e9931d1,Bill Payment,Clothing,65416.53,UPI,"Bhagalpur, Bihar",Mobile,0,Clean,INR,+91952944XXXXXX,Cash withdrawal,pii_email_fb7eeabfca53
07aa8ec7-d136-4271-875f-abb96e2b0eee,pii_full_name_f8959687a797,Male,18,Bihar,Bhagalpur,Bhagalpur Branch,Checking,84522be5-1f38-4283-a0c6-32b84429ac06,22-08-2025,05:55:05,90558.9,62f657bf-58ea-45aa-a49a-2af6313e414f,Transfer,Entertainment,98160.9,Debit/Credit Card,"Bhagalpur, Bihar",ATM,0,Clean,INR,+91952944XXXXXX,Hotel booking,pii_email_fb7eeabfca53
07aa8ec7-d136-4271-875f-abb96e2b0eee,pii_full_name_f8959687a797,Male,18,Bihar,Bhagalpur,Bhagalpur Branch,Checking,437f4200-bb2e-4bb4-b181-33b9aea99c53,25-08-2025,04:28:53,23360.15,4566ab94-f7c8-464f-9a25-09b5b0ddcc1d,Debit,Groceries,91454.8,UPI,"Bhagalpur, Bihar",Desktop,0,Clean,INR,+91952944XXXXXX,Utility bill,pii_email_fb7eeabfca53
07aa8ec7-d136-4271-875f-abb96e2b0eee,pii_full_name_f8959687a797,Male,18,Bihar,Bhagalpur,Bhagalpur Branch,Checking,c2190ca0-ed87-4867-b406-8d95c36542d5,01-09-2025,05:00:06,49966.62,a43eee85-c2e6-4d91-8d95-433f17ff3787,Debit,Entertainment,83322.11,Contactless Card,"Bhagalpur, Bihar",Desktop,0,Clean,INR,+91952944XXXXXX,Insurance premium,pii_email_fb7eeabfca53
07aa8ec7-d136-4271-875f-abb96e2b0eee,pii_full_name_f8959687a797,Male,18,Bihar,Bhagalpur,Bhagalpur Branch,Checking,64200ffd-2b21-4598-a825-0acb9cc662f6,02-09-2025,12:46:25,89874.71,b4159094-ca53-4d59-87ab-83fdba709fe4,Transfer,Entertainment,99996.44,UPI,"Bhagalpur, Bihar",ATM,0,Clean,INR,+91952944XXXXXX,Insurance premium,pii_email_fb7eeabfca53
07aa8ec7-d136-4271-875f-abb96e2b0eee,pii_full_name_f8959687a797,Male,18,Bihar,Bhagalpur,Bhagalpur Branch,Checking,a5147e86-d2fc-4aef-849e-460c18ef39c1,29-09-2025,20:07:09,77602.47,a23dc131-3002-44b6-a289-8e580e47305b,Debit,Electronics,84732.73,POS Mobile Device,"Bhagalpur, Bihar",POS,0,Clean,INR,+91952944XXXXXX,Electricity bill,pii_email_fb7eeabfca53
07aa8ec7-d136-4271-875f-abb96e2b0eee,pii_full_name_f8959687a797,Male,18,Bihar,Bhagalpur,Bhagalpur Branch,Checking,9614cdca-15e2-4f65-b16b-f02956a36e28,06-11-2025,11:14:27,4687.17,cde0768e-c067-4b94-9bc2-a18ee58055ed,Debit,Restaurant,64947.81,Contactless Card,"Bhagalpur, Bihar",POS,0,Clean,INR,+91952944XXXXXX,Hotel booking,pii_email_fb7eeabfca53
07de05d6-9835-4877-aa25-3f3efedbf6a4,pii_full_name_07969a47caac,Male,38,Maharashtra,Mumbai,Mumbai Branch,Savings,54f0e3bb-92fa-4d4f-bc49-bda4495bf3f3,28-03-2025,14:00:57,74734.44,c95d82ee-b40f-461a-9629-75f1910aa798,Bill Payment,Entertainment,34772.56,Virtual Card,"Mumbai, Maharashtra",POS,0,Clean,INR,+91921246XXXXXX,Hotel booking,pii_email_2a177ab185ff
07de05d6-9835-4877-aa25-3f3efedbf6a4,pii_full_name_07969a47caac,Male,38,Maharashtra,Mumbai,Mumbai Branch,Savings,db41300a-585f-4d0d-a22b-9209a1cc9f1d,26-04-2025,10:23:55,7095.44,8c4da262-3d04-44d3-95a3-8856ce303bbd,Debit,Clothing,42246.01,Mobile Banking App,"Mumbai, Maharashtra",Mobile,0,Clean,INR,+91921246XXXXXX,Movie tickets,pii_email_2a177ab185ff
07de05d6-9835-4877-aa25-3f3efedbf6a4,pii_full_name_07969a47caac,Male,38,Maharashtra,Mumbai,Mumbai Branch,Savings,f27c5746-7abe-4b58-a64e-0d9aa1a4cc8e,02-09-2025,21:06:12,60377.78,f39a8452-d4c4-45b5-a8ea-8b00d04af38f,Debit,Restaurant,42955.55,Mobile Banking App,"Mumbai, Maharashtra",POS,0,Clean,INR,+91921246XXXXXX,Gym membership,pii_email_2a177ab185ff
0a698921-851e-4c0e-938a-d29b5506fbfa,pii_full_name_248d94126d3b,Female,54,Tamil Nadu,Chennai,Chennai Branch,Checking,510a6f87-8dcb-4c8f-bcf1-4e7a9183031f,19-01-2025,04:52:07,33404.53,ecfb6070-e509-4150-9e8b-b74038df7d7c,Bill Payment,Groceries,24868.95,Mobile Banking App,"Chennai, Tamil Nadu",POS,0,Clean,INR,+91996925XXXXXX,Grocery delivery,pii_email_bf82c2bc7c5e
0a698921-851e-4c0e-938a-d29b5506fbfa,pii_full_name_248d94126d3b,Female,54,Tamil Nadu,Chennai,Chennai Branch,Checking,bc78abf3-6611-49b6-87c4-327dc33543d0,01-02-2025,04:14:03,37184.32,47a09c39-d20f-4344-b4d5-db0ed0e951aa,Withdrawal,Clothing,28209.4,POS Mobile App,"Chennai, Tamil Nadu",POS,0,Clean,INR,+91996925XXXXXX,Debt repayment,pii_email_bf82c2bc7c5e
0a698921-851e-4c0e-938a-d29b5506fbfa,pii_full_name_248d94126d3b,Female,54,Tamil Nadu,Chennai,Chennai Branch,Checking,00cdd788-d98b-4baa-985c-40f7d3a4a1d0,02-03-2025,22:27:40,76158.84,e3debedc-4ae6-4e85-9059-a504ba848ffb,Debit,Restaurant,37102.5,Virtual Card,"Chennai, Tamil Nadu",Desktop,0,Clean,INR,+91996925XXXXXX,Grocery delivery,pii_email_bf82c2bc7c5e
0a698921-851e-4c0e-938a-d29b5506fbfa,pii_full_name_248d94126d3b,Female,54,Tamil Nadu,Chennai,Chennai Branch,Checking,06aae2a6-cc07-424b-9c50-63ff8e80b6ff,08-05-2025,16:59:05,47684.05,497f420d-00d3-493c-820f-de31c320dde3,Credit,Clothing,29637.35,Voice Assistant,"Chennai, Tamil Nadu",Desktop,1,Clean,INR,+91996925XXXXXX,Salary credit,pii_email_bf82c2bc7c5e
0a698921-851e-4c0e-938a-d29b5506fbfa,pii_full_name_248d94126d3b,Female,54,Tamil Nadu,Chennai,Chennai Branch,Checking,af00fbcc-ee68-4d8a-a4b6-c2a1b862a0a4,04-10-2025,02:22:11,88869.32,b6872c62-7bea-467d-971a-8909ce306026,Transfer,Electronics,38524.28,Mobile Banking App,"Chennai, Tamil Nadu",Desktop,0,Clean,INR,+91996925XXXXXX,Salary credit,pii_email_bf82c2bc7c5e
0a698921-851e-4c0e-938a-d29b5506fbfa,pii_full_name_248d94126d3b,Female,54,Tamil Nadu,Chennai,Chennai Branch,Checking,15f1f655-58af-4050-84cb-6d9331711079,25-10-2025,13:17:32,51746.71,cc0b9e61-7be3-40d6-ab1a-73b7199fead0,Bill Payment,Electronics,31927.83,Internet Banking,"Chennai, Tamil Nadu",POS,0,Clean,INR,+91996925XXXXXX,Movie tickets,pii_email_bf82c2bc7c5e
0a698921-851e-4c0e-938a-d29b5506fbfa,pii_full_name_248d94126d3b,Female,54,Tamil Nadu,Chennai,Chennai Branch,Checking,b98f65ad-79fb-4c58-a46d-a79723b7f696,10-11-2025,03:04:06,1511.93,6d63db2b-8a2b-4c73-bd68-c389088c8f2a,Credit,Health,38675.48,POS Mobile App,"Chennai, Tamil Nadu",Mobile,0,Clean,INR,+91996925XXXXXX,Restaurant dining,pii_email_bf82c2bc7c5e
0b46be1d-0cac-43b7-ad10-5d1d49e9f437,pii_full_name_5e43dc3ac43b,Male,18,Rajasthan,Jaipur,Jaipur Branch,Checking,de70fbf1-5b6c-4b9c-ab0a-1da1d85887e4,21-01-2025,03:08:55,87527.63,ffb5f67f-1b0f-4a92-8c76-efda9b77bf56,Credit,Clothing,16243.88,POS Mobile Device,"Jaipur, Rajasthan",ATM,0,Clean,INR,+91934160XXXXXX,Restaurant dining,pii_email_72601f10b9fd
0b46be1d-0cac-43b7-ad10-5d1d49e9f437,pii_full_name_5e43dc3ac43b,Male,18,Rajasthan,Jaipur,Jaipur Branch,Checking,7ad11517-2c52-4ba0-abfb-59ed9840aeae,01-02-2025,07:48:12,43303.66,f22fcb17-696b-4be1-a368-f65c024958fb,Debit,Electronics,8598.23,Contactless Card,"Jaipur, Rajasthan",POS,0,Clean,INR,+91934160XXXXXX,Mobile recharge,pii_email_72601f10b9fd
0b46be1d-0cac-43b7-ad10-5d1d49e9f437,pii_full_name_5e43dc3ac43b,Male,18,Rajasthan,Jaipur,Jaipur Branch,Checking,662a778b-9575-4e53-bc54-bd1369cb11f8,12-03-2025,10:19:33,38978.89,acf2dae7-7d5c-47d3-a40e-f9b4e520aff4,Bill Payment,Health,5029.66,Virtual Card,"Jaipur, Rajasthan",ATM,0,Clean,INR,+91934160XXXXXX,Debt repayment,pii_email_72601f10b9fd
0b46be1d-0cac-43b7-ad10-5d1d49e9f437,pii_full_name_5e43dc3ac43b,Male,18,Rajasthan,Jaipur,Jaipur Branch,Checking,682e5534-f776-4211-a1ab-31e227a7862f,17-03-2025,14:20:56,64790.67,70f82527-3118-474e-971c-eedbb92ea9d4,Withdrawal,Groceries,5029.66,Mobile Banking App,"Jaipur, Rajasthan",Desktop,0,Clean,INR,+91934160XXXXXX,Grocery delivery,pii_email_72601f10b9fd
0b46be1d-0cac-43b7-ad10-5d1d49e9f437,pii_full_name_5e43dc3ac43b,Male,18,Rajasthan,Jaipur,Jaipur Branch,Checking,ff608f7f-a85d-4da6-ade6-0d27eec7bbef,09-04-2025,01:54:21,89363.8,cae050b9-7405-4b72-bf88-af282c802ba2,Credit,Restaurant,23740.22,Magnetic Strip Card,"Jaipur, Rajasthan",ATM,0,Clean,INR,+91934160XXXXXX,Food delivery,pii_email_72601f10b9fd
0b46be1d-0cac-43b7-ad10-5d1d49e9f437,pii_full_name_5e43dc3ac43b,Male,18,Rajasthan,Jaipur,Jaipur Branch,Checking,25c72b91-b858-48c3-88ba-ef8dad1eed01,10-04-2025,00:21:26,80838.15,b8321299-a76d-49c2-a0d5-34edcd221709,Bill Payment,Groceries,5029.66,Mobile Banking App,"Jaipur, Rajasthan",Desktop,0,Clean,INR,+91934160XXXXXX,Electricity bill,pii_email_72601f10b9fd
0b46be1d-0cac-43b7-ad10-5d1d49e9f437,pii_full_name_5e43dc3ac43b,Male,18,Rajasthan,Jaipur,Jaipur Branch,Checking,a63407a3-cbd5-43ed-9f3d-a4f43dc5bd78,24-04-2025,11:49:59,44254.66,91edfe1b-07e9-4e56-9139-ad3064170b6f,Bill Payment,Groceries,5029.66,Chip Card,"Jaipur, Rajasthan",POS,0,Clean,INR,+91934160XXXXXX,Movie tickets,pii_email_72601f10b9fd
0b46be1d-0cac-43b7-ad10-5d1d49e9f437,pii_full_name_5e43dc3ac43b,Male,18,Rajasthan,Jaipur,Jaipur Branch,Checking,8c7d1246-4922-496d-9ac7-d6e994089a53,29-04-2025,04:53:02,51233.28,ccc80cd6-cd8c-46e1-8dd6-dcdc9858634c,Credit,Entertainment,10152.99,POS Mobile App,"Jaipur, Rajasthan",ATM,0,Clean,INR,+91934160XXXXXX,EMI payment,pii_email_72601f10b9fd
0b46be1d-0cac-43b7-ad10-5d1d49e9f437,pii_full_name_5e43dc3ac43b,Male,18,Rajasthan,Jaipur,Jaipur Branch,Checking,9f065721-38ed-4fcb-afb3-5b2c7e50d3b3,17-05-2025,16:14:36,55782.49,068c8d19-3ecf-4a18-8b34-509b03629972,Transfer,Entertainment,10607.91,POS Mobile App,"Jaipur, Rajasthan",POS,0,Clean,INR,+91934160XXXXXX,Food delivery,pii_email_72601f10b9fd
0b46be1d-0cac-43b7-ad10-5d1d49e9f437,pii_full_name_5e43dc3ac43b,Male,18,Rajasthan,Jaipur,Jaipur Branch,Checking,8b1cbf0e-078d-4817-a81e-3389a74099f9,21-05-2025,00:47:35,64115.81,b82e31ea-9a7d-483c-871e-28f8dadaafa5,Bill Payment,Clothing,11362.05,POS Mobile Device,"Jaipur, Rajasthan",Mobile,1,Clean,INR,+91934160XXXXXX,EMI payment,pii_email_72601f10b9fd
0b46be1d-0cac-43b7-ad10-5d1d49e9f437,pii_full_name_5e43dc3ac43b,Male,18,Rajasthan,Jaipur,Jaipur Branch,Checking,6f83f15d-0357-434f-bbc2-cb183166efea,09-06-2025,12:47:11,31167.92,9c03b0c3-7304-4ca8-b656-7fade459ee6a,Withdrawal,Clothing,7491.12,Branch Counter,"Jaipur, Rajasthan",Mobile,1,Clean,INR,+91934160XXXXXX,Gas bill,pii_email_72601f10b9fd
0b46be1d-0cac-43b7-ad10-5d1d49e9f437,pii_full_name_5e43dc3ac43b,Male,18,Rajasthan,Jaipur,Jaipur Branch,Checking,95238717-0ec1-4199-a202-86d610449334,25-07-2025,23:06:11,11138.76,6af1f1ad-39da-4c89-9058-1f4871ac00e5,Withdrawal,Groceries,12928.6,Internet Banking,"Jaipur, Rajasthan",ATM,0,Clean,INR,+91934160XXXXXX,Restaurant dining,pii_email_72601f10b9fd
0b46be1d-0cac-43b7-ad10-5d1d49e9f437,pii_full_name_5e43dc3ac43b,Male,18,Rajasthan,Jaipur,Jaipur Branch,Checking,12d4b316-9c43-4ab2-a792-0e2f422185f2,31-07-2025,07:53:01,68280.24,ddbaedc1-5310-4521-ab27-6633c9336cfa,Bill Payment,Health,5029.66,Magnetic Strip Card,"Jaipur, Rajasthan",Mobile,1,Clean,INR,+91934160XXXXXX,Online shopping,pii_email_72601f10b9fd
0b46be1d-0cac-43b7-ad10-5d1d49e9f437,pii_full_name_5e43dc3ac43b,Male,18,Rajasthan,Jaipur,Jaipur Branch,Checking,c062c43d-bc9f-4793-9e9e-0607f35d18d7,15-08-2025,21:55:30,59665.92,8248b0eb-8e40-4813-bdf6-bfaaa9b8451c,Bill Payment,Groceries,17773.63,Video Banking,"Jaipur, Rajasthan",POS,0,Clean,INR,+91934160XXXXXX,Taxi fare,pii_email_72601f10b9fd
0b46be1d-0cac-43b7-ad10-5d1d49e9f437,pii_full_name_5e43dc3ac43b,Male,18,Rajasthan,Jaipur,Jaipur Branch,Checking,f5f7bdc2-bf20-4c55-a0c5-7164f065cf7f,28-09-2025,08:35:07,89649.32,27557bc8-7306-4ec0-a1aa-af49b3c89d29,Credit,Health,14803.84,QR Code Scanner,"Jaipur, Rajasthan",ATM,0,Clean,INR,+91934160XXXXXX,Hotel booking,pii_email_72601f10b9fd
0b46be1d-0cac-43b7-ad10-5d1d49e9f437,pii_full_name_5e43dc3ac43b,Male,18,Rajasthan,Jaipur,Jaipur Branch,Checking,731e96d8-5b2d-465d-8920-cede5514077b,30-09-2025,09:18:39,98027.94,d5d6d581-1430-4501-8855-bfcc9dac9d2d,Withdrawal,Health,5029.66,ATM Booth Kiosk,"Jaipur, Rajasthan",Mobile,0,Clean,INR,+91934160XXXXXX,Pharmacy bill,pii_email_72601f10b9fd
0b46be1d-0cac-43b7-ad10-5d1d49e9f437,pii_full_name_5e43dc3ac43b,Male,18,Rajasthan,Jaipur,Jaipur Branch,Checking,47c62bef-81d6-475a-ab86-f4c4ef392ef0,27-10-2025,11:37:25,22014.03,22527b0d-75f9-479e-a332-252d5e0d0a56,Bill Payment,Clothing,14042.48,Magnetic Strip Card,"Jaipur, Rajasthan",POS,0,Clean,INR,+91934160XXXXXX,Gas bill,pii_email_72601f10b9fd
0b46be1d-0cac-43b7-ad10-5d1d49e9f437,pii_full_name_5e43dc3ac43b,Male,18,Rajasthan,Jaipur,Jaipur Branch,Checking,4c408726-5493-4620-9a93-52d1a22be7e4,30-10-2025,19:00:51,4087.17,711d4c3a-7160-4b90-990a-993dbdb40109,Debit,Groceries,5029.66,Debit/Credit Card,"Jaipur, Rajasthan",Mobile,0,Clean,INR,+91934160XXXXXX,Jewelry purchase,pii_email_72601f10b9fd
0b46be1d-0cac-43b7-ad10-5d1d49e9f437,pii_full_name_5e43dc3ac43b,Male,18,Rajasthan,Jaipur,Jaipur Branch,Checking,2b86d2fd-61e7-4442-9f87-a20c9beed3c1,21-12-2025,01:24:53,82749.02,c2ecbfb7-fc2c-4ab9-9079-1cb1df3634cf,Debit,Restaurant,5029.66,POS Mobile App,"Jaipur, Rajasthan",POS,0,Clean,INR,+91934160XXXXXX,Mutual fund investment,pii_email_72601f10b9fd
0b4863c8-f370-435a-9f44-b278eaf257dc,pii_full_name_86f748f31d4a,Female,57,Maharashtra,Nagpur,Nagpur Branch,Savings,27c8d9e0-ae98-453e-bbc9-a7c2a6bdfb45,10-01-2025,11:06:16,45253.64,83efdc03-6df5-4992-9ea1-657f096d7862,Debit,Groceries,44727.14,ATM,"Nagpur, Maharashtra",POS,0,Clean,INR,+91939375XXXXXX,Debt repayment,pii_email_fb5648a1c218
0b4863c8-f370-435a-9f44-b278eaf257dc,pii_full_name_86f748f31d4a,Female,57,Maharashtra,Nagpur,Nagpur Branch,Savings,8addebae-f74d-4541-aa11-bde24c869e12,31-01-2025,21:09:43,88502.38,64ca6feb-8ba1-4bfa-8016-dd981a6b4dbb,Bill Payment,Clothing,41118.95,Mobile Banking App,"Nagpur, Maharashtra",Desktop,0,Clean,INR,+91939375XXXXXX,Flight ticket,pii_email_fb5648a1c218
0b4863c8-f370-435a-9f44-b278eaf257dc,pii_full_name_86f748f31d4a,Female,57,Maharashtra,Nagpur,Nagpur Branch,Savings,914d12f6-87df-48eb-b010-acaf3272e8d6,04-02-2025,00:07:11,13764.68,29707d91-74bf-4e10-8093-7185fa42b29a,Transfer,Restaurant,46103.61,Digital Wallet,"Nagpur, Maharashtra",Desktop,0,Clean,INR,+91939375XXXXXX,Insurance premium,pii_email_fb5648a1c218
0b4863c8-f370-435a-9f44-b278eaf257dc,pii_full_name_86f748f31d4a,Female,57,Maharashtra,Nagpur,Nagpur Branch,Savings,2f1cd2be-3dfb-4f32-b8e8-b1ac85928549,15-04-2025,01:58:06,33028.41,7c3004a8-2999-4513-a8f6-0bed80dce997,Bill Payment,Entertainment,38040.84,ATM Booth Kiosk,"Nagpur, Maharashtra",Mobile,0,Clean,INR,+91939375XXXXXX,Bitcoin transaction,pii_email_fb5648a1c218
0b4863c8-f370-435a-9f44-b278eaf257dc,pii_full_name_86f748f31d4a,Female,57,Maharashtra,Nagpur,Nagpur Branch,Savings,f5f833d3-b698-402c-b0f9-b57bb20a1b97,05-05-2025,22:40:21,54970.91,cce4c148-5290-441b-b05e-e6bf627d8a22,Withdrawal,Entertainment,32543.75,Biometric ATM,"Nagpur, Maharashtra",Desktop,0,Clean,INR,+91939375XXXXXX,Pharmacy bill,pii_email_fb5648a1c218
0b4863c8-f370-435a-9f44-b278eaf257dc,pii_full_name_86f748f31d4a,Female,57,Maharashtra,Nagpur,Nagpur Branch,Savings,c4c716b7-aaaf-4022-a0a2-d8fde7d6ecfc,11-06-2025,04:19:07,81335.48,674520e3-2192-4af7-bc07-d6b1d21bf17a,Transfer,Entertainment,49252.5,Contactless Card,"Nagpur, Maharashtra",Mobile,0,Clean,INR,+91939375XXXXXX,Mutual fund investment,pii_email_fb5648a1c218
0b4863c8-f370-435a-9f44-b278eaf257dc,pii_full_name_86f748f31d4a,Female,57,Maharashtra,Nagpur,Nagpur Branch,Savings,ed834a93-03d2-4aca-943a-0880882db604,09-08-2025,05:25:10,31724.32,6682a4ad-8892-4b7a-acef-b93a5066092e,Debit,Electronics,25253.2,ATM,"Nagpur, Maharashtra",ATM,0,Clean,INR,+91939375XXXXXX,Flight ticket,pii_email_fb5648a1c218
0b4863c8-f370-435a-9f44-b278eaf257dc,pii_full_name_86f748f31d4a,Female,57,Maharashtra,Nagpur,Nagpur Branch,Savings,32d70001-de42-47f8-b56b-218a5e01cdb8,07-09-2025,11:13:24,4738.35,8a3cbbc8-a078-45fd-b355-50bb45beb748,Withdrawal,Entertainment,24779.37,POS Mobile Device,"Nagpur, Maharashtra",POS,0,Clean,INR,+91939375XXXXXX,Grocery delivery,pii_email_fb5648a1c218
0b4863c8-f370-435a-9f44-b278eaf257dc,pii_full_name_86f748f31d4a,Female,57,Maharashtra,Nagpur,Nagpur Branch,Savings,7c0ed1ec-e5e9-45a3-965c-4aca81a8b528,19-10-2025,15:50:32,41181.12,91923d35-ce98-4add-a9f2-e8cf0c81702b,Debit,Health,28425.64,QR Code Scanner,"Nagpur, Maharashtra",POS,0,Clean,INR,+91939375XXXXXX,Salary credit,pii_email_fb5648a1c218
0b4863c8-f370-435a-9f44-b278eaf257dc,pii_full_name_86f748f31d4a,Female,57,Maharashtra,Nagpur,Nagpur Branch,Savings,7435e933-3f15-481d-884d-3a1fd70888ce,22-11-2025,07:03:04,47599.26,c5c0ad4a-801d-4710-9cf0-dd66cc993279,Bill Payment,Entertainment,41343.68,Chip Card,"Nagpur, Maharashtra",POS,0,Clean,INR,+91939375XXXXXX,Bus ticket,pii_email_fb5648a1c218
0b4db02c-1382-40da-9202-2293e67ee414,pii_full_name_8353debc289d,Female,34,Tamil Nadu,Chennai,Chennai Branch,Savings,13f07f6b-29a6-4c86-8381-1a32e48f42c5,25-02-2025,12:59:03,46023.65,35687d67-b12c-4846-9c82-d02565f3cc64,Debit,Entertainment,37537.95,POS Mobile Device,"Chennai, Tamil Nadu",Mobile,0,Clean,INR,+91983794XXXXXX,Mobile recharge,pii_email_dfc10239e8ca
0b4db02c-1382-40da-9202-2293e67ee414,pii_full_name_8353debc289d,Female,34,Tamil Nadu,Chennai,Chennai Branch,Savings,67767268-d624-4391-be76-d8a50e5ffcf6,26-02-2025,03:09:49,48547.24,f80f2664-1567-4b32-8f51-954622c7bbc9,Debit,Electronics,42140.32,QR Code Scanner,"Chennai, Tamil Nadu",ATM,0,Clean,INR,+91983794XXXXXX,Hotel booking,pii_email_dfc10239e8ca
0b4db02c-1382-40da-9202-2293e67ee414,pii_full_name_8353debc289d,Female,34,Tamil Nadu,Chennai,Chennai Branch,Savings,a1da7b30-644c-4f6b-b970-4acd1fb09d83,26-02-2025,17:37:40,98719.65,1a275e42-8da0-44df-bc41-4e18902d424a,Debit,Entertainment,46995.04,Debit/Credit Card,"Chennai, Tamil Nadu",Mobile,0,Clean,INR,+91983794XXXXXX,Online shopping,pii_email_dfc10239e8ca
0b4db02c-1382-40da-9202-2293e67ee414,pii_full_name_8353debc289d,Female,34,Tamil Nadu,Chennai,Chennai Branch,Savings,c8b052a7-3217-4e9b-8503-3d42cef3da70,18-05-2025,18:41:15,79307.98,81deeaad-6824-4b43-bf39-35d0234e712f,Credit,Health,56867.01,QR Code Scanner,"Chennai, Tamil Nadu",Desktop,0,Clean,INR,+91983794XXXXXX,Restaurant dining,pii_email_dfc10239e8ca
0b4db02c-1382-40da-9202-2293e67ee414,pii_full_name_8353debc289d,Female,34,Tamil Nadu,Chennai,Chennai Branch,Savings,b98537c6-9fca-45a5-bb27-66541a731a75,05-08-2025,09:17:39,1028.57,7d8f00b7-ec63-4a85-8d6e-1e39fc05d337,Credit,Entertainment,38991.29,Self-service Banking Machine,"Chennai, Tamil Nadu",ATM,1,Money Laundering,INR,+91983794XXXXXX,ATM cash withdrawal,pii_email_dfc10239e8ca
0b4db02c-1382-40da-9202-2293e67ee414,pii_full_name_8353debc289d,Female,34,Tamil Nadu,Chennai,Chennai Branch,Savings,326a908b-ce02-489b-857e-35d9817883f1,05-08-2025,10:02:00,5114.76,5f31c9a4-6725-494c-95ff-de8dcd3b34a9,Debit,Groceries,38222.3,Biometric ATM,"Chennai, Tamil Nadu",ATM,1,Money Laundering,INR,+91983794XXXXXX,Cash deposit,pii_email_dfc10239e8ca
0b4db02c-1382-40da-9202-2293e67ee414,pii_full_name_8353debc289d,Female,34,Tamil Nadu,Chennai,Chennai Branch,Savings,3376ceda-aae8-459e-a3a8-be19ade5c089,05-08-2025,13:54:05,1076.09,f93df66a-b592-41fa-8768-7b9b2337dcf4,Transfer,Groceries,39484.83,Virtual Card,"Chennai, Tamil Nadu",Mobile,1,Money Laundering,INR,+91983794XXXXXX,Cash transaction,pii_email_dfc10239e8ca
0b4db02c-1382-40da-9202-2293e67ee414,pii_full_name_8353debc289d,Female,34,Tamil Nadu,Chennai,Chennai Branch,Savings,ac29db36-1db2-4afe-9a67-70c0ed4d06f1,05-08-2025,15:39:06,1279.08,9234083a-721f-4876-9d52-1c7e26cbd510,Transfer,Entertainment,32865.62,UPI,"Chennai, Tamil Nadu",Desktop,1,Money Laundering,INR,+91983794XXXXXX,Cash withdrawal,pii_email_dfc10239e8ca
0b4db02c-1382-40da-9202-2293e67ee414,pii_full_name_8353debc289d,Female,34,Tamil Nadu,Chennai,Chennai Branch,Savings,57111e3a-5ec7-4666-a503-baf4b8565653,05-08-2025,17:42:39,1873.75,4457a279-bfbf-4d73-9aec-326e41b93fc3,Transfer,Clothing,35046.46,Branch Counter,"Chennai, Tamil Nadu",Desktop,1,Money Laundering,INR,+91983794XXXXXX,Large cash deposit,pii_email_dfc10239e8ca
0b8f1c1f-53b4-4a70-bd83-97aed383399d,pii_full_name_bff82b587543,Female,51,Kerala,Kozhikode,Kozhikode Branch,Savings,61ec8e00-b418-4f71-8f8b-937cf338951e,14-01-2025,21:54:58,61077.48,4851b63c-c547-4dfe-a5b2-a92e32d9e054,Bill Payment,Health,53672.64,Mobile Banking App,"Kozhikode, Kerala",POS,0,Clean,INR,+91948413XXXXXX,Flight ticket,pii_email_bbbe8c5e801b
0b8f1c1f-53b4-4a70-bd83-97aed383399d,pii_full_name_bff82b587543,Female,51,Kerala,Kozhikode,Kozhikode Branch,Savings,19cb7ff9-ca1c-46cf-811e-cc4e35e48e07,21-02-2025,16:50:02,2141.19,48c60b11-7820-4627-af39-b0a75ed0b0ae,Credit,Restaurant,59780.39,Biometric ATM,"Kozhikode, Kerala",POS,1,Clean,INR,+91948413XXXXXX,Salary credit,pii_email_bbbe8c5e801b
0b8f1c1f-53b4-4a70-bd83-97aed383399d,pii_full_name_bff82b587543,Female,51,Kerala,Kozhikode,Kozhikode Branch,Savings,3a838455-510b-4ecf-b695-fc33bd4d9f75,30-05-2025,09:22:14,32969.32,f86bdca9-7d0f-4414-b5b5-ac24ad9f951e,Credit,Entertainment,60871.58,ATM,"Kozhikode, Kerala",POS,0,Clean,INR,+91948413XXXXXX,Grocery delivery,pii_email_bbbe8c5e801b
0b8f1c1f-53b4-4a70-bd83-97aed383399d,pii_full_name_bff82b587543,Female,51,Kerala,Kozhikode,Kozhikode Branch,Savings,d2439a0c-01d0-47a7-b1b7-03f384126968,11-06-2025,06:19:52,69190.17,417fc7c1-21fa-4547-8152-4e4cc6a9d604,Debit,Clothing,52051.0,Branch Counter,"Kozhikode, Kerala",Mobile,0,Clean,INR,+91948413XXXXXX,Electricity bill,pii_email_bbbe8c5e801b
0b8f1c1f-53b4-4a70-bd83-97aed383399d,pii_full_name_bff82b587543,Female,51,Kerala,Kozhikode,Kozhikode Branch,Savings,bf951123-f99c-4bc9-848f-1b345764166f,15-08-2025,16:27:13,55553.94,bcb92e7f-178e-4a88-b8f9-0436e9bbfd12,Credit,Health,66426.97,ATM Booth Kiosk,"Kozhikode, Kerala",ATM,0,Clean,INR,+91948413XXXXXX,Grocery delivery,pii_email_bbbe8c5e801b
0b8f1c1f-53b4-4a70-bd83-97aed383399d,pii_full_name_bff82b587543,Female,51,Kerala,Kozhikode,Kozhikode Branch,Savings,ab38b15e-060e-4e1e-b017-1fd8f0dd50a3,08-10-2025,05:57:43,72195.78,aa3d8dda-f35b-4ae6-a672-336a6ed0b0e1,Credit,Entertainment,60892.22,Magnetic Strip Card,"Kozhikode, Kerala",Mobile,0,Clean,INR,+91948413XXXXXX,Debt repayment,pii_email_bbbe8c5e801b
0b8f1c1f-53b4-4a70-bd83-97aed383399d,pii_full_name_bff82b587543,Female,51,Kerala,Kozhikode,Kozhikode Branch,Savings,40dbbaa1-5991-4f94-8045-d71bdf7b4539,09-10-2025,19:08:22,33175.74,f247ac85-8220-4d2d-8b69-244b1611f315,Bill Payment,Groceries,57574.64,Digital Wallet,"Kozhikode, Kerala",Desktop,0,Clean,INR,+91948413XXXXXX,Mutual fund investment,pii_email_bbbe8c5e801b
0b8f1c1f-53b4-4a70-bd83-97aed383399d,pii_full_name_bff82b587543,Female,51,Kerala,Kozhikode,Kozhikode Branch,Savings,338fecf3-2dc4-4814-a8af-3ea3cc746a92,20-10-2025,03:11:25,74569.49,2625f231-2b74-4a26-8819-fa38ff00035a,Withdrawal,Restaurant,58970.02,Internet Banking,"Kozhikode, Kerala",POS,0,Clean,INR,+91948413XXXXXX,Bitcoin transaction,pii_email_bbbe8c5e801b
1143dd63-c036-4110-a2ad-4a1decdd96b5,pii_full_name_69c86f4a062a,Female,48,Uttar Pradesh,Kanpur,Kanpur Branch,Checking,0119f713-a5b4-49fa-ac77-fde538a95f98,01-01-2025,11:10:47,81012.49,96b14af2-f4ea-4274-9ca6-05142be83df0,Transfer,Entertainment,94732.36,POS Mobile Device,"Kanpur, Uttar Pradesh",Desktop,0,Clean,INR,+91962393XXXXXX,Gym membership,pii_email_f89013770b28
1143dd63-c036-4110-a2ad-4a1decdd96b5,pii_full_name_69c86f4a062a,Female,48,Uttar Pradesh,Kanpur,Kanpur Branch,Checking,a51e4c52-efd0-48ec-80c6-f753409dcf2f,02-02-2025,02:03:29,37442.94,599863bd-3abf-4fe2-9fb9-85894e0d9563,Credit,Groceries,98476.66,Phone Banking,"Kanpur, Uttar Pradesh",ATM,0,Clean,INR,+91962393XXXXXX,Bus ticket,pii_email_f89013770b28
1143dd63-c036-4110-a2ad-4a1decdd96b5,pii_full_name_69c86f4a062a,Female,48,Uttar Pradesh,Kanpur,Kanpur Branch,Checking,0cc1924c-205c-420b-99fb-bc6c1f9fcd1d,02-02-2025,14:10:09,98962.63,806f543a-ab59-431e-81e2-fb75b66740f0,Withdrawal,Electronics,80363.81,Phone Banking,"Kanpur, Uttar Pradesh",ATM,0,Clean,INR,+91962393XXXXXX,Mutual fund investment,pii_email_f89013770b28
1143dd63-c036-4110-a2ad-4a1decdd96b5,pii_full_name_69c86f4a062a,Female,48,Uttar Pradesh,Kanpur,Kanpur Branch,Checking,08f124e1-036a-4be2-872c-293ce744b380,03-04-2025,22:43:21,95277.12,8ac0018a-c8ab-432f-a99e-9f74d738e2f2,Transfer,Groceries,95722.94,Mobile Banking App,"Kanpur, Uttar Pradesh",Mobile,0,Clean,INR,+91962393XXXXXX,Restaurant dining,pii_email_f89013770b28
1143dd63-c036-4110-a2ad-4a1decdd96b5,pii_full_name_69c86f4a062a,Female,48,Uttar Pradesh,Kanpur,Kanpur Branch,Checking,a02040ae-f137-41f3-be89-0859aa5c5fde,04-05-2025,08:39:20,12638.13,af1f6f11-4e40-450a-9290-279cd5f71361,Credit,Clothing,99740.47,Virtual Card,"Kanpur, Uttar Pradesh",POS,0,Clean,INR,+91962393XXXXXX,Mutual fund investment,pii_email_f89013770b28
1143dd63-c036-4110-a2ad-4a1decdd96b5,pii_full_name_69c86f4a062a,Female,48,Uttar Pradesh,Kanpur,Kanpur Branch,Checking,48a33463-327e-4281-a907-761ca86b18e3,23-06-2025,15:13:32,35287.55,2bd5cb01-b35b-4b03-b7be-f7601ee86fd1,Credit,Entertainment,86195.22,Chip Card,"Kanpur, Uttar Pradesh",Mobile,0,Clean,INR,+91962393XXXXXX,Mobile recharge,pii_email_f89013770b28
1143dd63-c036-4110-a2ad-4a1decdd96b5,pii_full_name_69c86f4a062a,Female,48,Uttar Pradesh,Kanpur,Kanpur Branch,Checking,7cdbb510-01e5-48a8-ad32-b1d75fff30a3,14-07-2025,09:06:01,25654.21,7ea63fba-2207-4149-90a2-5ce35677fa13,Withdrawal,Restaurant,76070.81,UPI,"Kanpur, Uttar Pradesh",Desktop,1,Clean,INR,+91962393XXXXXX,Hotel booking,pii_email_f89013770b28
1143dd63-c036-4110-a2ad-4a1decdd96b5,pii_full_name_69c86f4a062a,Female,48,Uttar Pradesh,Kanpur,Kanpur Branch,Checking,f423bcee-4bec-4e83-9cf6-8791c18392b0,01-08-2025,01:58:48,53753.61,a79494a2-dea9-4630-aff5-90dbf57ab3a8,Transfer,Entertainment,85739.18,Biometric ATM,"Kanpur, Uttar Pradesh",POS,0,Clean,INR,+91962393XXXXXX,Flight ticket,pii_email_f89013770b28
1143dd63-c036-4110-a2ad-4a1decdd96b5,pii_full_name_69c86f4a062a,Female,48,Uttar Pradesh,Kanpur,Kanpur Branch,Checking,992eaf33-5241-474a-92a8-7fa338b53dc6,23-08-2025,09:07:41,71029.44,32df1379-b6b7-461b-a98b-0ea58c0ba36c,Bill Payment,Restaurant,78636.23,Branch Counter,"Kanpur, Uttar Pradesh",POS,0,Clean,INR,+91962393XXXXXX,Debt repayment,pii_email_f89013770b28
1143dd63-c036-4110-a2ad-4a1decdd96b5,pii_full_name_69c86f4a062a,Female,48,Uttar Pradesh,Kanpur,Kanpur Branch,Checking,a4e5c8a2-90a0-4d9c-b72b-484db092caa7,22-09-2025,02:03:05,94803.93,f91fa697-a121-4516-b135-32e2c4ab03e6,Bill Payment,Electronics,90260.08,Self-service Banking Machine,"Kanpur, Uttar Pradesh",Desktop,0,Clean,INR,+91962393XXXXXX,Gym membership,pii_email_f89013770b28
1143dd63-c036-4110-a2ad-4a1decdd96b5,pii_full_name_69c86f4a062a,Female,48,Uttar Pradesh,Kanpur,Kanpur Branch,Checking,02923650-39d6-4a06-a35c-144aa94a502c,23-09-2025,11:01:59,90918.2,fe593857-ed35-4a41-ab4b-784c5009aabd,Debit,Electronics,86631.12,Virtual Card,"Kanpur, Uttar Pradesh",ATM,0,Clean,INR,+91962393XXXXXX,Bus ticket,pii_email_f89013770b28
1143dd63-c036-4110-a2ad-4a1decdd96b5,pii_full_name_69c86f4a062a,Female,48,Uttar Pradesh,Kanpur,Kanpur Branch,Checking,0d7e4e84-d70b-4724-a7fd-533ddbba6221,25-11-2025,07:05:35,97817.53,adafc880-c7af-414c-9134-f21c751fe0ba,Bill Payment,Clothing,82666.47,UPI,"Kanpur, Uttar Pradesh",POS,0,Clean,INR,+91962393XXXXXX,Jewelry purchase,pii_email_f89013770b28
11ea4d4a-8085-405a-92b7-e01ab3af57c6,pii_full_name_bea8a1626ad3,Male,48,Rajasthan,Jaipur,Jaipur Branch,Business,7812308b-c852-47b0-803a-85f2336605a4,10-02-2025,04:03:43,89791.08,5b3e87ef-656b-477c-80f0-470fe465c26c,Withdrawal,Groceries,14009.07,Video Banking,"Jaipur, Rajasthan",Desktop,0,Clean,INR,+91960612XXXXXX,Movie tickets,pii_email_577097b84207
11ea4d4a-8085-405a-92b7-e01ab3af57c6,pii_full_name_bea8a1626ad3,Male,48,Rajasthan,Jaipur,Jaipur Branch,Business,ea4f0179-1d19-45b0-a7e9-afe407a95e10,18-02-2025,05:58:09,14575.49,3c6c7214-d457-4105-ba1e-2293378fe93b,Bill Payment,Restaurant,5029.66,Mobile Banking App,"Jaipur, Rajasthan",ATM,0,Clean,INR,+91960612XXXXXX,Cash withdrawal,pii_email_577097b84207
11ea4d4a-8085-405a-92b7-e01ab3af57c6,pii_full_name_bea8a1626ad3,Male,48,Rajasthan,Jaipur,Jaipur Branch,Business,85025863-722f-49df-9a6e-3aeab8c8d4cd,26-03-2025,02:04:42,604.85,75671095-69b3-4aeb-9cee-ce2a08165884,Transfer,Entertainment,10827.74,Biometric ATM,"Jaipur, Rajasthan",Desktop,0,Clean,INR,+91960612XXXXXX,Movie tickets,pii_email_577097b84207
11ea4d4a-8085-405a-92b7-e01ab3af57c6,pii_full_name_bea8a1626ad3,Male,48,Rajasthan,Jaipur,Jaipur Branch,Business,de04ee33-91be-4193-acd7-3da0d05a6847,23-04-2025,02:42:05,20614.37,7e116bd2-f8c6-49e9-890b-3b613a9f1d84,Withdrawal,Entertainment,12438.82,Video Banking,"Jaipur, Rajasthan",Mobile,0,Clean,INR,+91960612XXXXXX,Train ticket,pii_email_577097b84207
11ea4d4a-8085-405a-92b7-e01ab3af57c6,pii_full_name_bea8a1626ad3,Male,48,Rajasthan,Jaipur,Jaipur Branch,Business,773277c5-afd9-42b8-8550-3be139086a80,27-04-2025,07:44:49,9998.61,1bb06648-7a86-4ebb-9ecf-e130daf7d5e1,Credit,Electronics,6029.52,POS Mobile App,"Jaipur, Rajasthan",Desktop,0,Clean,INR,+91960612XXXXXX,EMI payment,pii_email_577097b84207
11ea4d4a-8085-405a-92b7-e01ab3af57c6,pii_full_name_bea8a1626ad3,Male,48,Rajasthan,Jaipur,Jaipur Branch,Business,b748ab01-8b07-4c72-9594-6998437aacb6,16-05-2025,00:09:17,78398.73,22c094d4-eba1-49c6-bd81-b95c7ff444d7,Withdrawal,Electronics,21775.62,Contactless Card,"Jaipur, Rajasthan",POS,0,Clean,INR,+91960612XXXXXX,Taxi fare,pii_email_577097b84207
11ea4d4a-8085-405a-92b7-e01ab3af57c6,pii_full_name_bea8a1626ad3,Male,48,Rajasthan,Jaipur,Jaipur Branch,Business,ac042984-0a13-4526-893e-d165b3e4693b,05-06-2025,02:13:17,94995.17,77abfe12-6c61-4149-857e-0737599759d1,Bill Payment,Electronics,5029.66,Phone Banking,"Jaipur, Rajasthan",POS,0,Clean,INR,+91960612XXXXXX,Pharmacy bill,pii_email_577097b84207
11ea4d4a-8085-405a-92b7-e01ab3af57c6,pii_full_name_bea8a1626ad3,Male,48,Rajasthan,Jaipur,Jaipur Branch,Business,17593c13-4bef-4585-8237-425b07aafde5,20-06-2025,06:51:02,24207.23,f4dcfdff-cd65-44b5-a093-dd061334fdaa,Bill Payment,Electronics,5029.66,Voice Assistant,"Jaipur, Rajasthan",ATM,0,Clean,INR,+91960612XXXXXX,Train ticket,pii_email_577097b84207
11ea4d4a-8085-405a-92b7-e01ab3af57c6,pii_full_name_bea8a1626ad3,Male,48,Rajasthan,Jaipur,Jaipur Branch,Business,1e5ed920-805b-4605-b802-7af94f78dc6f,28-06-2025,15:07:48,94706.01,8898e011-eb36-4950-8c9c-88224d440f2d,Transfer,Electronics,14500.26,ATM,"Jaipur, Rajasthan",ATM,0,Clean,INR,+91960612XXXXXX,Cash withdrawal,pii_email_577097b84207
11ea4d4a-8085-405a-92b7-e01ab3af57c6,pii_full_name_bea8a1626ad3,Male,48,Rajasthan,Jaipur,Jaipur Branch,Business,e18a677a-637d-4e34-b3a5-5c097070370d,05-07-2025,21:49:51,37196.39,c3c6f175-dfd9-4515-a265-3278663850ab,Transfer,Health,8749.3,QR Code Scanner,"Jaipur, Rajasthan",POS,0,Clean,INR,+91960612XXXXXX,Mobile recharge,pii_email_577097b84207
11ea4d4a-8085-405a-92b7-e01ab3af57c6,pii_full_name_bea8a1626ad3,Male,48,Rajasthan,Jaipur,Jaipur Branch,Business,f4c22b07-2fff-4344-a35a-f4320035a8e1,21-07-2025,14:30:28,12125.65,a9682a31-5676-417d-8f31-5b0746bd7295,Transfer,Restaurant,22988.18,Chip Card,"Jaipur, Rajasthan",ATM,0,Clean,INR,+91960612XXXXXX,Mobile recharge,pii_email_577097b84207
11ea4d4a-8085-405a-92b7-e01ab3af57c6,pii_full_name_bea8a1626ad3,Male,48,Rajasthan,Jaipur,Jaipur Branch,Business,3a75c0b7-f9e6-4b3a-a273-20958a454444,06-08-2025,21:46:20,13519.48,10a3abda-a6d0-4a8e-9f2d-8f556a7bc104,Credit,Entertainment,6381.61,Phone Banking,"Jaipur, Rajasthan",Desktop,0,Clean,INR,+91960612XXXXXX,EMI payment,pii_email_577097b84207
11ea4d4a-8085-405a-92b7-e01ab3af57c6,pii_full_name_bea8a1626ad3,Male,48,Rajasthan,Jaipur,Jaipur Branch,Business,2bc55f7c-3938-4a39-9536-a7fcaa2097e3,09-08-2025,04:52:31,75402.04,4a865d3b-cebd-4b73-8f19-684b0d9943b2,Bill Payment,Entertainment,5029.66,Biometric ATM,"Jaipur, Rajasthan",Desktop,0,Clean,INR,+91960612XXXXXX,Grocery delivery,pii_email_577097b84207
11ea4d4a-8085-405a-92b7-e01ab3af57c6,pii_full_name_bea8a1626ad3,Male,48,Rajasthan,Jaipur,Jaipur Branch,Business,58d56926-07ef-428b-a6cf-16410ed7711d,30-09-2025,02:28:21,37260.71,3a67956a-9d73-4278-9e34-0729433ebb4c,Bill Payment,Electronics,5029.66,POS Mobile App,"Jaipur, Rajasthan",POS,0,Clean,INR,+91960612XXXXXX,Gas bill,pii_email_577097b84207
11ea4d4a-8085-405a-92b7-e01ab3af57c6,pii_full_name_bea8a1626ad3,Male,48,Rajasthan,Jaipur,Jaipur Branch,Business,bbb95562-7836-442d-a087-75d00de3d921,02-11-2025,01:05:44,17296.99,c4f25e42-7321-4743-9424-d08b658347ec,Withdrawal,Groceries,5029.66,Phone Banking,"Jaipur, Rajasthan",Mobile,0,Clean,INR,+91960612XXXXXX,Train ticket,pii_email_577097b84207
11ea4d4a-8085-405a-92b7-e01ab3af57c6,pii_full_name_bea8a1626ad3,Male,48,Rajasthan,Jaipur,Jaipur Branch,Business,c83b49b9-9d8f-4b54-985b-59000a0025f4,18-11-2025,23:10:23,32418.21,177da83c-6e17-42d8-8d30-9a07ad184203,Withdrawal,Restaurant,10767.25,Phone Banking,"Jaipur, Rajasthan",POS,0,Clean,INR,+91960612XXXXXX,Grocery delivery,pii_email_577097b84207
11ea4d4a-8085-405a-92b7-e01ab3af57c6,pii_full_name_bea8a1626ad3,Male,48,Rajasthan,Jaipur,Jaipur Branch,Business,a54dfb3f-e96d-486f-92d8-da1fc162090d,21-11-2025,04:35:16,66429.57,a2257f47-7091-44d6-b834-3c46df832443,Withdrawal,Entertainment,7371.08,ATM,"Jaipur, Rajasthan",ATM,0,Clean,INR,+91960612XXXXXX,Food delivery,pii_email_577097b84207
11ea4d4a-8085-405a-92b7-e01ab3af57c6,pii_full_name_bea8a1626ad3,Male,48,Rajasthan,Jaipur,Jaipur Branch,Business,5035c348-4a82-44ea-95b1-bbb3064c57cf,16-12-2025,07:39:45,31863.03,79638654-510f-47fe-899d-1fa2c0e4fb16,Transfer,Restaurant,14014.04,ATM,"Jaipur, Rajasthan",Desktop,0,Clean,INR,+91960612XXXXXX,Flight ticket,pii_email_577097b84207
13882985-a61b-46d1-82bc-7c929dd67a24,pii_full_name_51d3ca99975f,Male,67,Lakshadweep,Kavaratti,Kavaratti Branch,Business,813daafd-85f3-4e59-ac7f-c9b9dc63504f,28-02-2025,21:17:00,94692.48,f282b48d-22f4-49db-a48e-fd06a8587531,Credit,Electronics,76090.59,Phone Banking,"Kavaratti, Lakshadweep",POS,0,Clean,INR,+91956197XXXXXX,Salary credit,pii_email_09e9346135cb
13882985-a61b-46d1-82bc-7c929dd67a24,pii_full_name_51d3ca99975f,Male,67,Lakshadweep,Kavaratti,Kavaratti Branch,Business,d97ad3f9-f2c5-4fed-b3f3-970b91956a6d,09-04-2025,12:47:42,34267.27,54338c6c-f464-42ac-b7d1-0be2b82ba650,Withdrawal,Electronics,68953.31,POS Mobile Device,"Kavaratti, Lakshadweep",Desktop,0,Clean,INR,+91956197XXXXXX,Movie tickets,pii_email_09e9346135cb
13882985-a61b-46d1-82bc-7c929dd67a24,pii_full_name_51d3ca99975f,Male,67,Lakshadweep,Kavaratti,Kavaratti Branch,Business,0a959a6e-155e-4130-992a-a64bbbb24894,01-09-2025,05:53:02,52913.58,4a30b018-8088-4364-8961-9b97753da4d2,Credit,Clothing,66621.35,QR Code Scanner,"Kavaratti, Lakshadweep",ATM,0,Clean,INR,+91956197XXXXXX,Hotel booking,pii_email_09e9346135cb
13882985-a61b-46d1-82bc-7c929dd67a24,pii_full_name_51d3ca99975f,Male,67,Lakshadweep,Kavaratti,Kavaratti Branch,Business,fea862af-dd02-41b1-8652-1a0dd454355e,01-09-2025,09:33:45,37105.61,df0ba061-568a-4ac4-a04f-d91f88410b15,Withdrawal,Restaurant,72380.03,Phone Banking,"Kavaratti, Lakshadweep",POS,1,Clean,INR,+91956197XXXXXX,Electricity bill,pii_email_09e9346135cb
13882985-a61b-46d1-82bc-7c929dd67a24,pii_full_name_51d3ca99975f,Male,67,Lakshadweep,Kavaratti,Kavaratti Branch,Business,b3bde336-90e5-492a-8a9d-3dea4b99b08a,11-10-2025,02:12:12,15455.87,f3977370-a313-4a92-9964-2caf8db869bc,Transfer,Restaurant,71819.69,Branch Counter,"Kavaratti, Lakshadweep",ATM,0,Clean,INR,+91956197XXXXXX,Movie tickets,pii_email_09e9346135cb
13882985-a61b-46d1-82bc-7c929dd67a24,pii_full_name_51d3ca99975f,Male,67,Lakshadweep,Kavaratti,Kavaratti Branch,Business,6fb7fac4-40b6-436a-a533-fa924a44ce3b,13-10-2025,04:53:11,92926.39,17993e46-03c2-4163-990e-c4644667847c,Debit,Entertainment,61935.64,Virtual Card,"Kavaratti, Lakshadweep",POS,1,Money Laundering,INR,+91956197XXXXXX,Electricity bill,pii_email_09e9346135cb
13882985-a61b-46d1-82bc-7c929dd67a24,pii_full_name_51d3ca99975f,Male,67,Lakshadweep,Kavaratti,Kavaratti Branch,Business,8ef1fbbd-205b-44e4-9a7d-4784002d38bc,30-10-2025,19:43:40,30304.17,1ac2cac6-3981-4dc9-86c0-ff53cc6f9791,Debit,Health,61329.99,UPI,"Kavaratti, Lakshadweep",ATM,1,Clean,INR,+91956197XXXXXX,Debt repayment,pii_email_09e9346135cb
13882985-a61b-46d1-82bc-7c929dd67a24,pii_full_name_51d3ca99975f,Male,67,Lakshadweep,Kavaratti,Kavaratti Branch,Business,318d12b2-a550-4a12-aa57-fe13ac345d6c,16-11-2025,12:36:13,74592.84,8279194b-2953-452b-9a5d-2d246bc9199f,Withdrawal,Restaurant,64360.41,Biometric ATM,"Kavaratti, Lakshadweep",POS,0,Clean,INR,+91956197XXXXXX,Food delivery,pii_email_09e9346135cb
141fa854-5c5d-4d7f-ae16-44cb7c8b3e89,pii_full_name_9146a0d9f2a9,Male,20,Lakshadweep,Kavaratti,Kavaratti Branch,Savings,63e1466e-123b-46ed-8e7e-d52c3b967f44,04-01-2025,16:53:04,40525.3,dbdf90a9-b98f-47d0-855f-b249ca117f69,Withdrawal,Health,36757.43,QR Code Scanner,"Kavaratti, Lakshadweep",ATM,0,Clean,INR,+91951914XXXXXX,Electricity bill,pii_email_27eba1149264
141fa854-5c5d-4d7f-ae16-44cb7c8b3e89,pii_full_name_9146a0d9f2a9,Male,20,Lakshadweep,Kavaratti,Kavaratti Branch,Savings,2b6d22bd-7350-4ab8-9777-f2822014a9c8,16-01-2025,16:47:47,89964.94,fcdf8548-b652-4551-9f9a-7d8e4bd235a9,Transfer,Health,40809.96,Virtual Card,"Kavaratti, Lakshadweep",Desktop,0,Clean,INR,+91951914XXXXXX,Food delivery,pii_email_27eba1149264
141fa854-5c5d-4d7f-ae16-44cb7c8b3e89,pii_full_name_9146a0d9f2a9,Male,20,Lakshadweep,Kavaratti,Kavaratti Branch,Savings,fa5f08ea-a28d-4719-b994-63d8a695e353,23-03-2025,13:55:18,30355.49,eaba7aed-14bc-413f-9a97-17e13dfe75b5,Withdrawal,Entertainment,33721.88,Contactless Card,"Kavaratti, Lakshadweep",Mobile,0,Clean,INR,+91951914XXXXXX,Salary credit,pii_email_27eba1149264
141fa854-5c5d-4d7f-ae16-44cb7c8b3e89,pii_full_name_9146a0d9f2a9,Male,20,Lakshadweep,Kavaratti,Kavaratti Branch,Savings,7a7f2420-4f5a-4ae8-a49c-2f193018fe31,07-04-2025,01:47:45,57341.88,e4302b82-a856-4aa1-b9de-ab7fb4875509,Debit,Electronics,22376.5,Digital Wallet,"Kavaratti, Lakshadweep",POS,0,Clean,INR,+91951914XXXXXX,Mutual fund investment,pii_email_27eba1149264
141fa854-5c5d-4d7f-ae16-44cb7c8b3e89,pii_full_name_9146a0d9f2a9,Male,20,Lakshadweep,Kavaratti,Kavaratti Branch,Savings,c2b29ba8-0d87-464d-a24c-0f78ed47e1f1,26-04-2025,13:31:04,32566.35,5de7fa52-30bb-4872-a5e5-bf7d85bc21f8,Transfer,Electronics,36978.52,Branch Counter,"Kavaratti, Lakshadweep",POS,0,Clean,INR,+91951914XXXXXX,Insurance premium,pii_email_27eba1149264
141fa854-5c5d-4d7f-ae16-44cb7c8b3e89,pii_full_name_9146a0d9f2a9,Male,20,Lakshadweep,Kavaratti,Kavaratti Branch,Savings,fb4aa7c8-4d94-4e08-9a11-33e655f08b67,05-05-2025,22:06:22,65275.21,66b35553-113c-4e2f-b91e-31a75e337dd1,Bill Payment,Entertainment,30451.0,Magnetic Strip Card,"Kavaratti, Lakshadweep",Mobile,0,Clean,INR,+91951914XXXXXX,Mutual fund investment,pii_email_27eba1149264
141fa854-5c5d-4d7f-ae16-44cb7c8b3e89,pii_full_name_9146a0d9f2a9,Male,20,Lakshadweep,Kavaratti,Kavaratti Branch,Savings,66125b65-f5cf-4c33-9f77-5a7770952aa7,13-05-2025,15:52:30,72182.72,9d4d5f2d-b83b-4df1-a64c-4b09a3407ddc,Withdrawal,Groceries,28090.05,Digital Wallet,"Kavaratti, Lakshadweep",Mobile,0,Clean,INR,+91951914XXXXXX,Bus ticket,pii_email_27eba1149264
141fa854-5c5d-4d7f-ae16-44cb7c8b3e89,pii_full_name_9146a0d9f2a9,Male,20,Lakshadweep,Kavaratti,Kavaratti Branch,Savings,2678698d-5870-4eca-9351-090a73fa91ec,29-06-2025,17:51:39,42616.76,f96d43fe-a63e-43b9-97ce-6bf08a43a727,Withdrawal,Electronics,26081.08,Debit/Credit Card,"Kavaratti, Lakshadweep",Mobile,0,Clean,INR,+91951914XXXXXX,Mobile recharge,pii_email_27eba1149264
141fa854-5c5d-4d7f-ae16-44cb7c8b3e89,pii_full_name_9146a0d9f2a9,Male,20,Lakshadweep,Kavaratti,Kavaratti Branch,Savings,10102cef-1682-4125-8bad-29a97ba20193,09-08-2025,01:32:26,22526.98,c53912e0-a44d-4b34-bdaf-4d0270eb1ac7,Credit,Groceries,30342.75,Phone Banking,"Kavaratti, Lakshadweep",ATM,0,Clean,INR,+91951914XXXXXX,Movie tickets,pii_email_27eba1149264
141fa854-5c5d-4d7f-ae16-44cb7c8b3e89,pii_full_name_9146a0d9f2a9,Male,20,Lakshadweep,Kavaratti,Kavaratti Branch,Savings,5fd49542-94c7-4f31-a6c4-b98f194ba6a8,25-08-2025,15:34:36,52334.89,7c76d45d-bfa7-4d6f-8d1b-1e69cae67650,Withdrawal,Clothing,26928.89,QR Code Scanner,"Kavaratti, Lakshadweep",Mobile,0,Clean,INR,+91951914XXXXXX,Cash withdrawal,pii_email_27eba1149264
141fa854-5c5d-4d7f-ae16-44cb7c8b3e89,pii_full_name_9146a0d9f2a9,Male,20,Lakshadweep,Kavaratti,Kavaratti Branch,Savings,4155fd13-31d1-4602-aaaa-efcc5c2ad353,18-09-2025,09:59:40,16186.39,5f4c3f12-299d-4fdf-8a90-ae640f691134,Bill Payment,Clothing,35308.33,Self-service Banking Machine,"Kavaratti, Lakshadweep",Mobile,0,Clean,INR,+91951914XXXXXX,Cash withdrawal,pii_email_27eba1149264
141fa854-5c5d-4d7f-ae16-44cb7c8b3e89,pii_full_name_9146a0d9f2a9,Male,20,Lakshadweep,Kavaratti,Kavaratti Branch,Savings,e5474c0f-0ebb-4022-ae19-f6876d8cc438,19-09-2025,07:16:11,56268.13,fe26000d-920c-4b64-b6ca-fb87ea9dfe16,Transfer,Health,38702.89,POS Mobile Device,"Kavaratti, Lakshadweep",POS,0,Clean,INR,+91951914XXXXXX,Train ticket,pii_email_27eba1149264
141fa854-5c5d-4d7f-ae16-44cb7c8b3e89,pii_full_name_9146a0d9f2a9,Male,20,Lakshadweep,Kavaratti,Kavaratti Branch,Savings,93d0a900-e89e-442c-a05f-333fbb5ba15c,06-10-2025,23:34:50,69950.0,79439cd7-06a0-4966-8ad0-572a313fea22,Credit,Clothing,33076.08,POS Mobile App,"Kavaratti, Lakshadweep",Mobile,0,Clean,INR,+91951914XXXXXX,Flight ticket,pii_email_27eba1149264
141fa854-5c5d-4d7f-ae16-44cb7c8b3e89,pii_full_name_9146a0d9f2a9,Male,20,Lakshadweep,Kavaratti,Kavaratti Branch,Savings,15549cfe-1d3e-407a-8ddc-501befa09e8f,11-10-2025,20:30:07,11817.99,c3802b99-dcaf-4170-a547-480143da6627,Transfer,Restaurant,28110.68,Phone Banking,"Kavaratti, Lakshadweep",Desktop,0,Clean,INR,+91951914XXXXXX,Bitcoin transaction,pii_email_27eba1149264
141fa854-5c5d-4d7f-ae16-44cb7c8b3e89,pii_full_name_9146a0d9f2a9,Male,20,Lakshadweep,Kavaratti,Kavaratti Branch,Savings,f072df6d-9196-4c08-a0be-01c383b44032,05-11-2025,19:41:40,17113.79,00d7eeb6-3ef3-4a56-972c-8f8d96ca787d,Credit,Electronics,32162.38,Biometric ATM,"Kavaratti, Lakshadweep",Desktop,0,Clean,INR,+91951914XXXXXX,Pharmacy bill,pii_email_27eba1149264
141fa854-5c5d-4d7f-ae16-44cb7c8b3e89,pii_full_name_9146a0d9f2a9,Male,20,Lakshadweep,Kavaratti,Kavaratti Branch,Savings,ffe47a76-edb1-435c-9062-37c798f26061,19-11-2025,23:50:28,56383.9,254d3511-3e56-4dfc-8a65-77de28c66c42,Debit,Health,36926.97,POS Mobile App,"Kavaratti, Lakshadweep",Mobile,0,Clean,INR,+91951914XXXXXX,Grocery delivery,pii_email_27eba1149264
141fa854-5c5d-4d7f-ae16-44cb7c8b3e89,pii_full_name_9146a0d9f2a9,Male,20,Lakshadweep,Kavaratti,Kavaratti Branch,Savings,90c160d8-b383-44ad-953d-4b18ed7f4708,09-12-2025,11:44:07,69330.6,b5c37fe6-b71c-4b9a-9f5b-54404af71f43,Debit,Electronics,42565.36,POS Mobile Device,"Kavaratti, Lakshadweep",Desktop,0,Clean,INR,+91951914XXXXXX,Food delivery,pii_email_27eba1149264
141fa854-5c5d-4d7f-ae16-44cb7c8b3e89,pii_full_name_9146a0d9f2a9,Male,20,Lakshadweep,Kavaratti,Kavaratti Branch,Savings,f1e46e78-874f-417f-b1c4-e82e8ebc59f2,24-12-2025,07:08:52,68894.22,129da42b-f8ab-438d-b751-590807d2ae0b,Bill Payment,Restaurant,31813.47,Magnetic Strip Card,"Kavaratti, Lakshadweep",Desktop,0,Clean,INR,+91951914XXXXXX,Bitcoin transaction,pii_email_27eba1149264
14d5a414-b7ee-4907-9909-7e52c64766c4,pii_full_name_4e14b46f438d,Male,40,Rajasthan,Jodhpur,Jodhpur Branch,Business,65a36ce3-def6-466e-b094-459993277578,07-01-2025,05:14:17,72510.62,045f9e89-af0d-4ac9-a65e-16b264f98725,Bill Payment,Restaurant,47149.91,Internet Banking,"Jodhpur, Rajasthan",Desktop,0,Clean,INR,+91977121XXXXXX,Mobile recharge,pii_email_aadc3ebf3a51
14d5a414-b7ee-4907-9909-7e52c64766c4,pii_full_name_4e14b46f438d,Male,40,Rajasthan,Jodhpur,Jodhpur Branch,Business,65f0a85c-29bf-41b3-ba27-de150701c39d,18-02-2025,20:09:04,69895.85,2b2a1746-382e-4ddd-aff1-1b9c4ecfdf92,Withdrawal,Restaurant,51126.03,Self-service Banking Machine,"Jodhpur, Rajasthan",Desktop,0,Clean,INR,+91977121XXXXXX,Bitcoin transaction,pii_email_aadc3ebf3a51
14d5a414-b7ee-4907-9909-7e52c64766c4,pii_full_name_4e14b46f438d,Male,40,Rajasthan,Jodhpur,Jodhpur Branch,Business,6effe8ce-ea58-4a6e-a3b2-7e4068257b5e,07-03-2025,09:33:15,40784.52,5d6d27b7-48f6-4fd5-89ef-305e8027ddcd,Withdrawal,Entertainment,43855.55,Virtual Card,"Jodhpur, Rajasthan",POS,0,Clean,INR,+91977121XXXXXX,Taxi fare,pii_email_aadc3ebf3a51
14d5a414-b7ee-4907-9909-7e52c64766c4,pii_full_name_4e14b46f438d,Male,40,Rajasthan,Jodhpur,Jodhpur Branch,Business,26d502a1-7b9f-436f-b0c0-fd9051dda0ee,27-03-2025,16:16:33,8132.71,5198ec3b-a52f-42af-9cd8-fc35e3cba186,Bill Payment,Electronics,47934.0,ATM Booth Kiosk,"Jodhpur, Rajasthan",POS,0,Clean,INR,+91977121XXXXXX,Train ticket,pii_email_aadc3ebf3a51
14d5a414-b7ee-4907-9909-7e52c64766c4,pii_full_name_4e14b46f438d,Male,40,Rajasthan,Jodhpur,Jodhpur Branch,Business,08d02503-c6f0-4aed-9400-ef934c56db4c,10-04-2025,05:40:53,22329.41,98ca6295-ef1f-48f9-a94b-1b68f523be2a,Transfer,Electronics,53358.97,POS Mobile Device,"Jodhpur, Rajasthan",Desktop,0,Clean,INR,+91977121XXXXXX,Bus ticket,pii_email_aadc3ebf3a51
14d5a414-b7ee-4907-9909-7e52c64766c4,pii_full_name_4e14b46f438d,Male,40,Rajasthan,Jodhpur,Jodhpur Branch,Business,7bcde438-765a-49f6-a332-f9ae568dea3b,16-04-2025,12:05:43,15518.68,8f81343d-134d-471d-8fb8-2830d77fbeba,Debit,Restaurant,54400.97,UPI,"Jodhpur, Rajasthan",ATM,0,Clean,INR,+91977121XXXXXX,Bus ticket,pii_email_aadc3ebf3a51
14d5a414-b7ee-4907-9909-7e52c64766c4,pii_full_name_4e14b46f438d,Male,40,Rajasthan,Jodhpur,Jodhpur Branch,Business,87c9a795-ecce-42cd-90cc-1d05fd6303ff,28-04-2025,12:05:16,92017.02,0bd5fcd4-2248-4a76-a8c4-e677817cd99d,Withdrawal,Restaurant,58115.61,Phone Banking,"Jodhpur, Rajasthan",Desktop,0,Clean,INR,+91977121XXXXXX,Debt repayment,pii_email_aadc3ebf3a51
14d5a414-b7ee-4907-9909-7e52c64766c4,pii_full_name_4e14b46f438d,Male,40,Rajasthan,Jodhpur,Jodhpur Branch,Business,031223c6-c5e9-461b-a589-4a700f97e7d6,28-04-2025,12:32:16,63122.34,89fd5681-164b-437b-8d3f-cba77f6cb0ff,Bill Payment,Restaurant,69329.76,Chip Card,"Jodhpur, Rajasthan",ATM,0,Clean,INR,+91977121XXXXXX,EMI payment,pii_email_aadc3ebf3a51
14d5a414-b7ee-4907-9909-7e52c64766c4,pii_full_name_4e14b46f438d,Male,40,Rajasthan,Jodhpur,Jodhpur Branch,Business,984b6dcb-bf82-4e46-89f4-71ecfe98fda6,18-05-2025,02:50:48,19968.88,06153485-8998-45b6-a9ae-1dda9ca05bd7,Credit,Restaurant,45852.44,Contactless Card,"Jodhpur, Rajasthan",Mobile,0,Clean,INR,+91977121XXXXXX,Flight ticket,pii_email_aadc3ebf3a51
14d5a414-b7ee-4907-9909-7e52c64766c4,pii_full_name_4e14b46f438d,Male,40,Rajasthan,Jodhpur,Jodhpur Branch,Business,3aa6e62c-afc9-42df-aa08-95ce16b56e93,22-05-2025,04:57:20,25426.64,5960a243-d7ac-488d-a0a8-a8494bac5637,Withdrawal,Health,44607.24,Phone Banking,"Jodhpur, Rajasthan",ATM,0,Clean,INR,+91977121XXXXXX,Hotel booking,pii_email_aadc3ebf3a51
14d5a414-b7ee-4907-9909-7e52c64766c4,pii_full_name_4e14b46f438d,Male,40,Rajasthan,Jodhpur,Jodhpur Branch,Business,acff0857-b045-4ea2-a942-e5410f45a8b8,10-06-2025,17:52:03,41400.32,67646610-6a0e-4735-9c11-135c177a2ed4,Transfer,Entertainment,48747.27,ATM Booth Kiosk,"Jodhpur, Rajasthan",ATM,0,Clean,INR,+91977121XXXXXX,Utility bill,pii_email_aadc3ebf3a51
14d5a414-b7ee-4907-9909-7e52c64766c4,pii_full_name_4e14b46f438d,Male,40,Rajasthan,Jodhpur,Jodhpur Branch,Business,b1acba4d-e07a-4f9c-9aa3-4e218fed9d3a,30-07-2025,21:23:44,73843.88,9526ef1f-8de7-4578-93e8-83d07b40c262,Debit,Health,73303.85,Phone Banking,"Jodhpur, Rajasthan",Desktop,0,Clean,INR,+91977121XXXXXX,Salary credit,pii_email_aadc3ebf3a51
14d5a414-b7ee-4907-9909-7e52c64766c4,pii_full_name_4e14b46f438d,Male,40,Rajasthan,Jodhpur,Jodhpur Branch,Business,c057b760-bae4-4770-9007-ac100e85bf31,17-08-2025,15:57:54,69591.57,d74a45b8-7ade-4d6c-aa12-401ef0ef3dbf,Transfer,Electronics,80688.24,Phone Banking,"Jodhpur, Rajasthan",ATM,0,Clean,INR,+91977121XXXXXX,Hotel booking,pii_email_aadc3ebf3a51
14d5a414-b7ee-4907-9909-7e52c64766c4,pii_full_name_4e14b46f438d,Male,40,Rajasthan,Jodhpur,Jodhpur Branch,Business,7b0e433c-6cf4-44f9-bed6-6ec2e9642d85,05-12-2025,09:19:02,279184.52,c090a069-fa10-4d19-b549-d85c4e374548,Credit,Digital Services,326334.43,,"Jodhpur, Rajasthan",Desktop,0,Clean,,,Online deposit,pii_email_aadc3ebf3a51
14d5a414-b7ee-4907-9909-7e52c64766c4,pii_full_name_4e14b46f438d,Male,40,Rajasthan,Jodhpur,Jodhpur Branch,Business,a3eac44e-8d7b-400f-939e-5eceb41c4ef7,05-12-2025,22:47:25,102528.88,63be6be4-e121-4770-aa86-71f33722976a,Transfer,Unknown Merchant,145898.32,,"Jodhpur, Rajasthan",Desktop,1,Money Mule,,,Outbound transfer,pii_email_aadc3ebf3a51
14d5a414-b7ee-4907-9909-7e52c64766c4,pii_full_name_4e14b46f438d,Male,40,Rajasthan,Jodhpur,Jodhpur Branch,Business,bb2dfb69-f1e5-437c-ac4d-d74d88e28e32,05-12-2025,17:38:22,77907.24,620d01de-4a48-474c-a04c-d62ec2514716,Debit,Digital Services,248427.2,,"Jodhpur, Rajasthan",Desktop,1,Money Mule,,,Payment,pii_email_aadc3ebf3a51
14d5a414-b7ee-4907-9909-7e52c64766c4,pii_full_name_4e14b46f438d,Male,40,Rajasthan,Jodhpur,Jodhpur Branch,Business,9f948290-4f91-4fdd-8f78-20fe4c99a6fe,06-12-2025,10:10:26,84789.18,8eb3c2fc-a515-4290-b551-0f973330d5c5,Withdrawal,Unknown Merchant,61109.14,,"Jodhpur, Rajasthan",Desktop,1,Money Mule,,,Settlement,pii_email_aadc3ebf3a51
14d5a414-b7ee-4907-9909-7e52c64766c4,pii_full_name_4e14b46f438d,Male,40,Rajasthan,Jodhpur,Jodhpur Branch,Business,cd3b1fb1-1cac-4710-8a54-ed8fd4cb51e4,11-12-2025,17:10:04,273081.44,d5835e24-8187-4168-bea6-26bca9b34cf7,Transfer,Digital Services,334190.57,,"Jodhpur, Rajasthan",Desktop,0,Clean,,,Incoming transfer,pii_email_aadc3ebf3a51
14d5a414-b7ee-4907-9909-7e52c64766c4,pii_full_name_4e14b46f438d,Male,40,Rajasthan,Jodhpur,Jodhpur Branch,Business,2d156a53-810c-4d70-a193-552efb8d3808,11-12-2025,08:15:25,115481.95,0cbd54a4-eef3-445a-a77f-614668424021,Withdrawal,Digital Services,74763.21,,"Jodhpur, Rajasthan",Desktop,1,Money Mule,,,Wire transfer,pii_email_aadc3ebf3a51
14d5a414-b7ee-4907-9909-7e52c64766c4,pii_full_name_4e14b46f438d,Male,40,Rajasthan,Jodhpur,Jodhpur Branch,Business,49f080c9-2e38-417a-9b3a-07321d875368,11-12-2025,16:15:09,143945.42,e5560cbf-bc06-433f-b153-8b2cbd3eeb0a,Transfer,Unknown Merchant,190245.16,,"Jodhpur, Rajasthan",Desktop,1,Money Mule,,,Wire transfer,pii_email_aadc3ebf3a51
14d5a414-b7ee-4907-9909-7e52c64766c4,pii_full_name_4e14b46f438d,Male,40,Rajasthan,Jodhpur,Jodhpur Branch,Business,494ffba8-4353-4c7f-ac59-3e1ca8a6df79,16-12-2025,22:48:54,23381.45,43c2b6e6-a441-41f6-ae8f-5b85bd1a0013,Credit,Restaurant,75642.0,Chip Card,"Jodhpur, Rajasthan",Desktop,0,Clean,INR,+91977121XXXXXX,Utility bill,pii_email_aadc3ebf3a51
14d5a414-b7ee-4907-9909-7e52c64766c4,pii_full_name_4e14b46f438d,Male,40,Rajasthan,Jodhpur,Jodhpur Branch,Business,29a29a4e-50cc-41f9-bd6a-72c37a9bae2d,25-12-2025,08:25:15,20124.46,f2e1ef62-ae3d-4bd6-8b37-cf2e7a582af9,Bill Payment,Groceries,67317.32,UPI,"Jodhpur, Rajasthan",POS,0,Clean,INR,+91977121XXXXXX,Movie tickets,pii_email_aadc3ebf3a51
14d5a414-b7ee-4907-9909-7e52c64766c4,pii_full_name_4e14b46f438d,Male,40,Rajasthan,Jodhpur,Jodhpur Branch,Business,21622728-3626-4902-a8e1-db36a838a4d8,30-12-2025,09:29:21,25938.67,642eaa84-356c-482a-8c81-4e623d4937a5,Credit,Groceries,55952.84,Magnetic Strip Card,"Jodhpur, Rajasthan",POS,0,Clean,INR,+91977121XXXXXX,Salary credit,pii_email_aadc3ebf3a51
17bd7298-920e-4f00-9e86-e7b6fd02529c,pii_full_name_22c1c85dbec2,Female,40,Maharashtra,Nashik,Nashik Branch,Checking,8b2e06a1-aa50-4962-958b-ac182f4df34e,01-01-2025,06:56:30,48625.36,f370d6a4-c009-4cf4-9397-0eefc20d5ed0,Credit,Health,82793.77,Digital Wallet,"Nashik, Maharashtra",Mobile,0,Clean,INR,+91949384XXXXXX,Restaurant dining,pii_email_a6033be0a93d
17bd7298-920e-4f00-9e86-e7b6fd02529c,pii_full_name_22c1c85dbec2,Female,40,Maharashtra,Nashik,Nashik Branch,Checking,b398d409-ae86-4b50-a676-3e29b6eb8fc6,25-01-2025,04:55:20,57411.57,76c5ee68-a183-4579-b212-238317866a26,Credit,Health,42905.92,ATM,"Nashik, Maharashtra",Mobile,1,Clean,INR,+91949384XXXXXX,Insurance premium,pii_email_a6033be0a93d
17bd7298-920e-4f00-9e86-e7b6fd02529c,pii_full_name_22c1c85dbec2,Female,40,Maharashtra,Nashik,Nashik Branch,Checking,c6060aa4-1133-4221-8d78-5936dacbfcd3,27-01-2025,17:58:38,86368.26,72dd24c4-89fe-402a-b795-15edae1bd53f,Credit,Electronics,73540.85,ATM Booth Kiosk,"Nashik, Maharashtra",Desktop,0,Clean,INR,+91949384XXXXXX,Restaurant dining,pii_email_a6033be0a93d
17bd7298-920e-4f00-9e86-e7b6fd02529c,pii_full_name_22c1c85dbec2,Female,40,Maharashtra,Nashik,Nashik Branch,Checking,1e0721e1-1a77-4f9a-8865-255b638a9335,07-02-2025,08:58:08,24186.54,c46528bd-9bf7-4e1a-8931-7b2865f2fd5a,Debit,Groceries,71122.2,POS Mobile Device,"Nashik, Maharashtra",POS,0,Clean,INR,+91949384XXXXXX,Restaurant dining,pii_email_a6033be0a93d
17bd7298-920e-4f00-9e86-e7b6fd02529c,pii_full_name_22c1c85dbec2,Female,40,Maharashtra,Nashik,Nashik Branch,Checking,2cd67394-e8d5-4cad-9af0-606f17b39b74,15-03-2025,14:29:43,97332.08,3fa02f38-42a8-408c-bb38-ef0d75121937,Credit,Entertainment,92526.98,Debit/Credit Card,"Nashik, Maharashtra",ATM,1,Clean,INR,+91949384XXXXXX,Gas bill,pii_email_a6033be0a93d
17bd7298-920e-4f00-9e86-e7b6fd02529c,pii_full_name_22c1c85dbec2,Female,40,Maharashtra,Nashik,Nashik Branch,Checking,5a8dc21f-0cdf-45cd-a1b3-27b73a5f8da3,28-04-2025,09:41:58,53227.76,0c3a460e-1f61-4b4b-9a27-30ec580e4aa8,Transfer,Health,50587.14,POS Mobile Device,"Nashik, Maharashtra",Mobile,0,Clean,INR,+91949384XXXXXX,Hotel booking,pii_email_a6033be0a93d
17bd7298-920e-4f00-9e86-e7b6fd02529c,pii_full_name_22c1c85dbec2,Female,40,Maharashtra,Nashik,Nashik Branch,Checking,c9b8894a-f931-49be-bc73-8ef4d8104bde,09-05-2025,14:31:59,23756.23,fe1f4a78-d6c1-4d54-8493-b4bdc1dce81d,Transfer,Health,59908.1,Phone Banking,"Nashik, Maharashtra",ATM,0,Clean,INR,+91949384XXXXXX,Insurance premium,pii_email_a6033be0a93d
17bd7298-920e-4f00-9e86-e7b6fd02529c,pii_full_name_22c1c85dbec2,Female,40,Maharashtra,Nashik,Nashik Branch,Checking,3fcf5c37-7e55-405c-8d63-51eeb10f4066,03-07-2025,22:47:22,38919.02,40bf76c4-9fc2-4bfe-9691-2438c1f261a9,Credit,Health,45264.36,ATM Booth Kiosk,"Nashik, Maharashtra",Desktop,0,Clean,INR,+91949384XXXXXX,Hotel booking,pii_email_a6033be0a93d
17bd7298-920e-4f00-9e86-e7b6fd02529c,pii_full_name_22c1c85dbec2,Female,40,Maharashtra,Nashik,Nashik Branch,Checking,a7a87f33-b753-4120-a6ec-8a80879986fd,15-07-2025,18:23:13,29274.33,7de5dadf-c890-441d-b6e7-a44d8fe0eb90,Transfer,Entertainment,57532.47,UPI,"Nashik, Maharashtra",POS,1,Clean,INR,+91949384XXXXXX,Mutual fund investment,pii_email_a6033be0a93d
17bd7298-920e-4f00-9e86-e7b6fd02529c,pii_full_name_22c1c85dbec2,Female,40,Maharashtra,Nashik,Nashik Branch,Checking,49581288-396e-4822-b5a4-5bbd07c62c11,23-07-2025,01:42:13,68090.34,5adb7d6e-1bb7-420d-9522-7ff94c46ce99,Credit,Clothing,77931.23,POS Mobile Device,"Nashik, Maharashtra",POS,0,Clean,INR,+91949384XXXXXX,Cash withdrawal,pii_email_a6033be0a93d
17bd7298-920e-4f00-9e86-e7b6fd02529c,pii_full_name_22c1c85dbec2,Female,40,Maharashtra,Nashik,Nashik Branch,Checking,8921ac09-f67e-4905-81d2-6e489c41fe28,03-09-2025,06:16:38,40179.02,1b105d87-1093-4827-901f-cc49284aadad,Transfer,Groceries,54605.04,Digital Wallet,"Nashik, Maharashtra",Desktop,0,Clean,INR,+91949384XXXXXX,Food delivery,pii_email_a6033be0a93d
17bd7298-920e-4f00-9e86-e7b6fd02529c,pii_full_name_22c1c85dbec2,Female,40,Maharashtra,Nashik,Nashik Branch,Checking,160b7ce5-f553-4e2a-be30-ffb06ced368d,19-09-2025,00:06:57,48267.87,c01122be-5dd7-4bf3-b05b-5fae1039494a,Debit,Restaurant,37164.76,Branch Counter,"Nashik, Maharashtra",Desktop,0,Clean,INR,+91949384XXXXXX,Flight ticket,pii_email_a6033be0a93d
17bd7298-920e-4f00-9e86-e7b6fd02529c,pii_full_name_22c1c85dbec2,Female,40,Maharashtra,Nashik,Nashik Branch,Checking,8642d9c9-cc79-477c-9c64-d52625233b57,04-10-2025,02:40:39,15334.57,dbd57427-3a27-466b-9bf6-049a3de54757,Bill Payment,Electronics,41372.46,Branch Counter,"Nashik, Maharashtra",POS,0,Clean,INR,+91949384XXXXXX,Mobile recharge,pii_email_a6033be0a93d
17bd7298-920e-4f00-9e86-e7b6fd02529c,pii_full_name_22c1c85dbec2,Female,40,Maharashtra,Nashik,Nashik Branch,Checking,8bdc0b73-d3c5-4cc5-acbd-f770c159beab,17-11-2025,20:48:44,49959.29,3eb18c3f-7e13-4057-9380-80ac77ccc983,Credit,Restaurant,64904.03,Video Banking,"Nashik, Maharashtra",ATM,0,Clean,INR,+91949384XXXXXX,Salary credit,pii_email_a6033be0a93d
17d8c187-38f4-4d53-b492-0d84f3ac9506,pii_full_name_40891f8ad519,Male,29,Rajasthan,Udaipur,Udaipur Branch,Checking,894716f4-5949-4ec9-9c23-cbc6ba471ded,03-02-2025,11:18:49,76657.05,c5c88e8f-5714-4a5b-a0fe-a1713ac3f976,Transfer,Electronics,13456.84,Chip Card,"Udaipur, Rajasthan",POS,0,Clean,INR,+91999399XXXXXX,EMI payment,pii_email_5b29094dbfe1
17d8c187-38f4-4d53-b492-0d84f3ac9506,pii_full_name_40891f8ad519,Male,29,Rajasthan,Udaipur,Udaipur Branch,Checking,353de4f1-5e3d-48a0-bcda-ac3f0860dd0b,06-02-2025,11:24:32,6085.63,6c234afd-11d9-45c0-930e-0e083758dada,Debit,Clothing,22158.23,Branch Counter,"Udaipur, Rajasthan",Desktop,0,Clean,INR,+91999399XXXXXX,Utility bill,pii_email_5b29094dbfe1
17d8c187-38f4-4d53-b492-0d84f3ac9506,pii_full_name_40891f8ad519,Male,29,Rajasthan,Udaipur,Udaipur Branch,Checking,1ed4312b-2169-4471-bcd3-667b5b4f9f57,18-02-2025,15:35:56,15414.62,4f9dfcc9-9137-4db2-a99a-7f77d9223a2b,Debit,Health,42119.82,Video Banking,"Udaipur, Rajasthan",Mobile,0,Clean,INR,+91999399XXXXXX,Electricity bill,pii_email_5b29094dbfe1
17d8c187-38f4-4d53-b492-0d84f3ac9506,pii_full_name_40891f8ad519,Male,29,Rajasthan,Udaipur,Udaipur Branch,Checking,0276dfdd-ca83-4974-bc61-74365b3b84c0,08-03-2025,01:28:02,80949.84,9bb196bb-623f-4cee-b91f-e6d09c780a00,Debit,Entertainment,5029.66,ATM Booth Kiosk,"Udaipur, Rajasthan",POS,0,Clean,INR,+91999399XXXXXX,Flight ticket,pii_email_5b29094dbfe1
17d8c187-38f4-4d53-b492-0d84f3ac9506,pii_full_name_40891f8ad519,Male,29,Rajasthan,Udaipur,Udaipur Branch,Checking,57044a50-33ca-47f3-a012-333bf2997d93,02-04-2025,05:19:59,28702.89,b57a393d-9871-4ce2-b8ef-6fd133e82735,Withdrawal,Entertainment,13099.99,POS Mobile App,"Udaipur, Rajasthan",ATM,0,Clean,INR,+91999399XXXXXX,Debt repayment,pii_email_5b29094dbfe1
17d8c187-38f4-4d53-b492-0d84f3ac9506,pii_full_name_40891f8ad519,Male,29,Rajasthan,Udaipur,Udaipur Branch,Checking,7fe3bc31-24a6-4365-97ef-f56ea2d2d788,21-04-2025,02:46:23,3964.69,a2cb1818-5981-46c2-8fb2-72843694d4f8,Debit,Clothing,5029.66,Virtual Card,"Udaipur, Rajasthan",ATM,0,Clean,INR,+91999399XXXXXX,Mobile recharge,pii_email_5b29094dbfe1
17d8c187-38f4-4d53-b492-0d84f3ac9506,pii_full_name_40891f8ad519,Male,29,Rajasthan,Udaipur,Udaipur Branch,Checking,6aad66e9-04d6-4049-838f-a48bff784984,05-05-2025,06:32:13,41957.51,18447be6-a9db-4700-b3ec-75be1abd0c24,Withdrawal,Restaurant,5029.66,Chip Card,"Udaipur, Rajasthan",POS,0,Clean,INR,+91999399XXXXXX,Taxi fare,pii_email_5b29094dbfe1
17d8c187-38f4-4d53-b492-0d84f3ac9506,pii_full_name_40891f8ad519,Male,29,Rajasthan,Udaipur,Udaipur Branch,Checking,f0bc4e02-419a-4a43-b0aa-69b1bb1724e9,10-06-2025,07:59:04,7614.74,9bd1fbbd-a65c-467e-8dc2-9809803aa636,Credit,Electronics,5791.13,ATM Booth Kiosk,"Udaipur, Rajasthan",Mobile,0,Clean,INR,+91999399XXXXXX,Electricity bill,pii_email_5b29094dbfe1
17d8c187-38f4-4d53-b492-0d84f3ac9506,pii_full_name_40891f8ad519,Male,29,Rajasthan,Udaipur,Udaipur Branch,Checking,dc0ef69e-588c-45d4-bdb7-077fee93cc4c,13-07-2025,02:16:45,49198.81,4eb2351a-778c-48fe-ac46-22fa7763a902,Transfer,Entertainment,43661.28,POS Mobile App,"Udaipur, Rajasthan",Desktop,0,Clean,INR,+91999399XXXXXX,Debt repayment,pii_email_5b29094dbfe1
17d8c187-38f4-4d53-b492-0d84f3ac9506,pii_full_name_40891f8ad519,Male,29,Rajasthan,Udaipur,Udaipur Branch,Checking,b100d267-20d9-44d9-b898-1f1c4d7e2b62,19-07-2025,19:02:18,7893.01,117ef93b-9db3-4d08-9c7e-a7087179005f,Credit,Health,30328.25,Magnetic Strip Card,"Udaipur, Rajasthan",POS,0,Clean,INR,+91999399XXXXXX,Debt repayment,pii_email_5b29094dbfe1
17d8c187-38f4-4d53-b492-0d84f3ac9506,pii_full_name_40891f8ad519,Male,29,Rajasthan,Udaipur,Udaipur Branch,Checking,bf5500d6-0a32-4444-b282-6458ed933d24,13-08-2025,04:31:29,21971.62,38a2a271-d724-4d88-ac8d-32080a91c16b,Withdrawal,Electronics,29538.95,Internet Banking,"Udaipur, Rajasthan",POS,0,Clean,INR,+91999399XXXXXX,Gym membership,pii_email_5b29094dbfe1
17d8c187-38f4-4d53-b492-0d84f3ac9506,pii_full_name_40891f8ad519,Male,29,Rajasthan,Udaipur,Udaipur Branch,Checking,f7bb119e-65a2-4ca4-b985-041cec81cb6c,01-09-2025,11:52:18,98328.88,6df0249c-49d5-46b8-b785-27c43da3b1df,Bill Payment,Entertainment,20553.66,Self-service Banking Machine,"Udaipur, Rajasthan",Desktop,1,Clean,INR,+91999399XXXXXX,Mutual fund investment,pii_email_5b29094dbfe1
17d8c187-38f4-4d53-b492-0d84f3ac9506,pii_full_name_40891f8ad519,Male,29,Rajasthan,Udaipur,Udaipur Branch,Checking,cb4fe5a2-0418-4e54-9626-b5121e48fabd,11-09-2025,19:11:37,45833.79,3ac6f9ca-86f0-4cbb-9aba-64e8c1edf84a,Debit,Clothing,15970.28,Biometric ATM,"Udaipur, Rajasthan",POS,0,Clean,INR,+91999399XXXXXX,Debt repayment,pii_email_5b29094dbfe1
17d8c187-38f4-4d53-b492-0d84f3ac9506,pii_full_name_40891f8ad519,Male,29,Rajasthan,Udaipur,Udaipur Branch,Checking,33fd8a68-67b9-45cc-8eb7-0a78ccbb5ee7,16-09-2025,02:33:20,84131.53,158992e7-f632-459a-8acc-c9d2369f2296,Credit,Clothing,38741.4,Self-service Banking Machine,"Udaipur, Rajasthan",Desktop,0,Clean,INR,+91999399XXXXXX,Bus ticket,pii_email_5b29094dbfe1
17d8c187-38f4-4d53-b492-0d84f3ac9506,pii_full_name_40891f8ad519,Male,29,Rajasthan,Udaipur,Udaipur Branch,Checking,d8cdb62a-3969-4db7-bc64-3f2ef474738c,31-10-2025,03:18:23,93099.58,8aca5884-fc66-4c41-b6eb-133d73134924,Credit,Restaurant,22766.8,Self-service Banking Machine,"Udaipur, Rajasthan",POS,0,Clean,INR,+91999399XXXXXX,Jewelry purchase,pii_email_5b29094dbfe1
17d8c187-38f4-4d53-b492-0d84f3ac9506,pii_full_name_40891f8ad519,Male,29,Rajasthan,Udaipur,Udaipur Branch,Checking,0e8982da-8c01-4105-bc45-82622ae0f9b6,16-12-2025,15:38:12,95778.76,ee275528-052a-435a-9f17-0067aaf210f2,Credit,Entertainment,31736.11,POS Mobile App,"Udaipur, Rajasthan",Mobile,0,Clean,INR,+91999399XXXXXX,Gas bill,pii_email_5b29094dbfe1
17d8c187-38f4-4d53-b492-0d84f3ac9506,pii_full_name_40891f8ad519,Male,29,Rajasthan,Udaipur,Udaipur Branch,Checking,8c8818f1-d862-4095-a944-084a929660f9,27-12-2025,02:53:42,62864.48,73ca166d-2b8f-409f-b936-9715da8dd709,Bill Payment,Clothing,30386.55,Biometric ATM,"Udaipur, Rajasthan",Desktop,0,Clean,INR,+91999399XXXXXX,Insurance premium,pii_email_5b29094dbfe1
1a194331-6c09-4632-b128-27e2b434e563,pii_full_name_15b406f7a7ac,Male,59,Maharashtra,Mumbai,Mumbai Branch,Business,9628334e-7e56-41cd-a1cd-13d30a9cf0ca,10-05-2025,14:18:56,42949.21,a9b4b96e-0243-424e-b388-cf344f303ad3,Transfer,Entertainment,24453.81,Voice Assistant,"Mumbai, Maharashtra",ATM,0,Clean,INR,+91946408XXXXXX,Hotel booking,pii_email_8dcabd27eb2c
1a194331-6c09-4632-b128-27e2b434e563,pii_full_name_15b406f7a7ac,Male,59,Maharashtra,Mumbai,Mumbai Branch,Business,cba31655-6636-4647-803a-c21c1b1650ad,01-07-2025,08:40:59,74249.21,ae039f5e-a588-4a43-90b5-4ce2201a334e,Withdrawal,Entertainment,23588.16,Virtual Card,"Mumbai, Maharashtra",POS,0,Clean,INR,+91946408XXXXXX,Bus ticket,pii_email_8dcabd27eb2c
1a194331-6c09-4632-b128-27e2b434e563,pii_full_name_15b406f7a7ac,Male,59,Maharashtra,Mumbai,Mumbai Branch,Business,d68ee962-816f-4e67-9580-19457290e7ad,17-09-2025,08:40:48,65592.76,c28f951f-4297-460a-8acf-1cbe6fc3c94c,Transfer,Restaurant,31013.08,Mobile Banking App,"Mumbai, Maharashtra",POS,0,Clean,INR,+91946408XXXXXX,Bus ticket,pii_email_8dcabd27eb2c
1a8f7aac-53b0-4f7b-9b62-f4ebde1f6257,pii_full_name_9e4a1b583197,Female,67,Punjab,Jalandhar,Jalandhar Branch,Savings,1eef1238-1d05-49e7-8d2d-a594f0804a78,11-01-2025,18:33:37,24652.69,4e95e639-95d1-4b25-9685-d35194f5feff,Withdrawal,Groceries,87287.68,Branch Counter,"Jalandhar, Punjab",Mobile,0,Clean,INR,+91971813XXXXXX,Train ticket,pii_email_fe8989a6f50f
1a8f7aac-53b0-4f7b-9b62-f4ebde1f6257,pii_full_name_9e4a1b583197,Female,67,Punjab,Jalandhar,Jalandhar Branch,Savings,47c3d63e-70b0-4f5b-80c8-e7f4a8777635,10-02-2025,12:09:26,31053.49,0cde804e-6da0-4314-94a1-477a769080ea,Transfer,Entertainment,99996.44,QR Code Scanner,"Jalandhar, Punjab",ATM,1,Clean,INR,+91971813XXXXXX,Cash withdrawal,pii_email_fe8989a6f50f
1a8f7aac-53b0-4f7b-9b62-f4ebde1f6257,pii_full_name_9e4a1b583197,Female,67,Punjab,Jalandhar,Jalandhar Branch,Savings,671fe2be-fbf0-4229-b462-35d3b615d6e2,23-05-2025,05:13:13,95747.01,5711e5c1-af88-43e4-ba71-9dfc19ee50a4,Withdrawal,Restaurant,77712.98,Mobile Banking App,"Jalandhar, Punjab",POS,1,Clean,INR,+91971813XXXXXX,Utility bill,pii_email_fe8989a6f50f
1a8f7aac-53b0-4f7b-9b62-f4ebde1f6257,pii_full_name_9e4a1b583197,Female,67,Punjab,Jalandhar,Jalandhar Branch,Savings,4d49175b-80b8-458e-8d3a-d9b23b1bd7be,22-06-2025,22:58:04,61063.03,b4e0f135-63ed-4808-bfbe-b13fd3e1a27d,Withdrawal,Health,93890.14,QR Code Scanner,"Jalandhar, Punjab",Mobile,0,Clean,INR,+91971813XXXXXX,Debt repayment,pii_email_fe8989a6f50f
1a8f7aac-53b0-4f7b-9b62-f4ebde1f6257,pii_full_name_9e4a1b583197,Female,67,Punjab,Jalandhar,Jalandhar Branch,Savings,7b6a5fc4-7b82-4301-8145-f90206efcb61,11-08-2025,19:54:07,41371.85,99e6a15b-9cf7-4b12-93d2-9bd1f85bd748,Bill Payment,Restaurant,89752.95,Internet Banking,"Jalandhar, Punjab",Desktop,0,Clean,INR,+91971813XXXXXX,Utility bill,pii_email_fe8989a6f50f
1a8f7aac-53b0-4f7b-9b62-f4ebde1f6257,pii_full_name_9e4a1b583197,Female,67,Punjab,Jalandhar,Jalandhar Branch,Savings,76944440-e548-43d6-863f-8a347167fd20,13-11-2025,14:13:18,88713.67,9dee5af3-42cd-47b9-8ca9-9f233f917f81,Credit,Groceries,98477.85,Chip Card,"Jalandhar, Punjab",Desktop,0,Clean,INR,+91971813XXXXXX,Gas bill,pii_email_fe8989a6f50f
1a8f7daa-5924-48fe-80c4-a215bac09248,pii_full_name_700ec930ab4a,Male,36,Punjab,Amritsar,Amritsar Branch,Checking,cabbbe42-9501-4119-8eff-7ffeaff818b3,23-04-2025,12:37:55,55592.87,64e74e9a-5fed-4214-97ce-e861027255f7,Debit,Restaurant,11875.89,Digital Wallet,"Amritsar, Punjab",ATM,0,Clean,INR,+91957523XXXXXX,Train ticket,pii_email_d8c42a0fe1fa
1a8f7daa-5924-48fe-80c4-a215bac09248,pii_full_name_700ec930ab4a,Male,36,Punjab,Amritsar,Amritsar Branch,Checking,c19a8d40-258f-43d6-83ae-23b44c1cf151,09-08-2025,22:33:54,29046.39,701aeb17-8dc1-45cf-bfc7-43ec86139b34,Bill Payment,Groceries,20713.72,ATM,"Amritsar, Punjab",POS,0,Clean,INR,+91957523XXXXXX,Mobile recharge,pii_email_d8c42a0fe1fa
1a8f7daa-5924-48fe-80c4-a215bac09248,pii_full_name_700ec930ab4a,Male,36,Punjab,Amritsar,Amritsar Branch,Checking,2beae751-2f41-4ae6-a781-e0c370f2d66b,18-09-2025,03:46:12,18082.11,5af03a5d-8591-41a4-9b4c-01bd6367deb5,Withdrawal,Health,23618.36,Mobile Banking App,"Amritsar, Punjab",Mobile,0,Clean,INR,+91957523XXXXXX,Mobile recharge,pii_email_d8c42a0fe1fa
1a8f7daa-5924-48fe-80c4-a215bac09248,pii_full_name_700ec930ab4a,Male,36,Punjab,Amritsar,Amritsar Branch,Checking,e05afd58-20a8-4727-a0de-404f2ae23072,20-10-2025,02:59:58,32785.44,14c98e95-a0af-402b-966c-d8c3da447747,Withdrawal,Clothing,17435.17,Video Banking,"Amritsar, Punjab",ATM,0,Clean,INR,+91957523XXXXXX,Pharmacy bill,pii_email_d8c42a0fe1fa
1b0cbee8-7fa6-4ea0-a2b1-5a4a61adb045,pii_full_name_b82c0a232b28,Male,49,Karnataka,Bangalore,Bangalore Branch,Savings,27569cba-3e70-4989-b6c6-c00e2b2a548b,30-01-2025,20:36:42,26444.82,3c84faaa-08ce-4579-afb3-fd3c77cdc346,Transfer,Clothing,7674.14,ATM Booth Kiosk,"Bangalore, Karnataka",ATM,0,Clean,INR,+91937856XXXXXX,Electricity bill,pii_email_b433120f593a
1b0cbee8-7fa6-4ea0-a2b1-5a4a61adb045,pii_full_name_b82c0a232b28,Male,49,Karnataka,Bangalore,Bangalore Branch,Savings,b9aa6c5f-c6ef-490b-9e5d-684ab3332e24,01-04-2025,15:11:17,77152.26,9f48e933-356c-4730-9efd-12033fd5ed7e,Withdrawal,Groceries,5029.66,POS Mobile Device,"Bangalore, Karnataka",ATM,0,Clean,INR,+91937856XXXXXX,Jewelry purchase,pii_email_b433120f593a
1b0cbee8-7fa6-4ea0-a2b1-5a4a61adb045,pii_full_name_b82c0a232b28,Male,49,Karnataka,Bangalore,Bangalore Branch,Savings,eedcc721-3d02-4006-add7-06828801d666,03-05-2025,05:44:14,19048.69,6444e185-e951-4bf0-9e93-1ce3a1128651,Credit,Restaurant,9579.01,Internet Banking,"Bangalore, Karnataka",POS,0,Clean,INR,+91937856XXXXXX,Bus ticket,pii_email_b433120f593a
1b0cbee8-7fa6-4ea0-a2b1-5a4a61adb045,pii_full_name_b82c0a232b28,Male,49,Karnataka,Bangalore,Bangalore Branch,Savings,a5d8d650-027a-4316-852a-f66e55570289,27-07-2025,16:00:59,8688.97,6e0fd57a-bcea-4e42-ba89-4f07de67a05f,Withdrawal,Groceries,10083.64,POS Mobile Device,"Bangalore, Karnataka",Desktop,0,Clean,INR,+91937856XXXXXX,Bus ticket,pii_email_b433120f593a
1b0cbee8-7fa6-4ea0-a2b1-5a4a61adb045,pii_full_name_b82c0a232b28,Male,49,Karnataka,Bangalore,Bangalore Branch,Savings,b812a691-fa85-4b4a-acf6-1f09c96a22cb,08-11-2025,22:11:07,85427.2,7a9c1674-9f15-4020-9e40-05c64188980e,Transfer,Groceries,18121.73,Virtual Card,"Bangalore, Karnataka",POS,0,Clean,INR,+91937856XXXXXX,Gym membership,pii_email_b433120f593a
1b0cbee8-7fa6-4ea0-a2b1-5a4a61adb045,pii_full_name_b82c0a232b28,Male,49,Karnataka,Bangalore,Bangalore Branch,Savings,a64da168-91c7-4344-ac91-50104420ccfd,26-12-2025,18:55:31,35644.36,dbd8007c-a156-4670-886d-39474504bc78,Credit,Groceries,10952.54,Internet Banking,"Bangalore, Karnataka",Desktop,0,Clean,INR,+91937856XXXXXX,Electricity bill,pii_email_b433120f593a
1b8ba65a-5cad-452d-b7c9-86acab0d9e05,pii_full_name_5ffb0263de15,Female,18,Andaman and Nicobar Islands,Port Blair,Port Blair Branch,Savings,1463a75e-cdf4-4bc5-b9eb-a572107f2cc4,03-01-2025,00:08:30,16598.99,46f1c858-fdd7-40f8-82db-d9c80397714e,Transfer,Entertainment,19660.98,Phone Banking,"Port Blair, Andaman and Nicobar Islands",Mobile,1,Clean,INR,+91948304XXXXXX,Insurance premium,pii_email_052ccce417f5
1b8ba65a-5cad-452d-b7c9-86acab0d9e05,pii_full_name_5ffb0263de15,Female,18,Andaman and Nicobar Islands,Port Blair,Port Blair Branch,Savings,653ac267-d521-4feb-938f-e7988cc33d91,11-02-2025,19:32:03,16777.32,d393da3c-bf7f-4151-b468-d9cece651843,Transfer,Groceries,27183.3,Biometric ATM,"Port Blair, Andaman and Nicobar Islands",ATM,0,Clean,INR,+91948304XXXXXX,Debt repayment,pii_email_052ccce417f5
1b8ba65a-5cad-452d-b7c9-86acab0d9e05,pii_full_name_5ffb0263de15,Female,18,Andaman and Nicobar Islands,Port Blair,Port Blair Branch,Savings,9cace677-89ed-4f94-b2df-611440dc0886,24-02-2025,11:46:01,39395.84,2f15b56a-e85c-4e9a-8ce0-95eeb246f144,Bill Payment,Groceries,29231.58,Voice Assistant,"Port Blair, Andaman and Nicobar Islands",Desktop,0,Clean,INR,+91948304XXXXXX,Insurance premium,pii_email_052ccce417f5
1b8ba65a-5cad-452d-b7c9-86acab0d9e05,pii_full_name_5ffb0263de15,Female,18,Andaman and Nicobar Islands,Port Blair,Port Blair Branch,Savings,47d1c8eb-360d-40bd-a369-a6b59914ec2a,25-03-2025,22:47:02,72712.27,2a619e79-534e-4f70-9ab8-400303b3926c,Credit,Restaurant,21480.32,Digital Wallet,"Port Blair, Andaman and Nicobar Islands",POS,1,Clean,INR,+91948304XXXXXX,Salary credit,pii_email_052ccce417f5
1b8ba65a-5cad-452d-b7c9-86acab0d9e05,pii_full_name_5ffb0263de15,Female,18,Andaman and Nicobar Islands,Port Blair,Port Blair Branch,Savings,257ed316-9a9e-411b-b162-dfd10e3e441a,20-04-2025,17:02:21,78392.94,98d0aecb-8ead-4eaa-91db-ea53868aacf2,Bill Payment,Groceries,5029.66,QR Code Scanner,"Port Blair, Andaman and Nicobar Islands",Desktop,0,Clean,INR,+91948304XXXXXX,Mutual fund investment,pii_email_052ccce417f5
1b8ba65a-5cad-452d-b7c9-86acab0d9e05,pii_full_name_5ffb0263de15,Female,18,Andaman and Nicobar Islands,Port Blair,Port Blair Branch,Savings,483e7c8b-577a-4bda-87df-cfb871580063,22-04-2025,05:23:34,90154.91,6259f91a-c305-4607-9e82-8b04d6e2b5fa,Debit,Restaurant,5029.66,Self-service Banking Machine,"Port Blair, Andaman and Nicobar Islands",POS,0,Clean,INR,+91948304XXXXXX,Food delivery,pii_email_052ccce417f5
1b8ba65a-5cad-452d-b7c9-86acab0d9e05,pii_full_name_5ffb0263de15,Female,18,Andaman and Nicobar Islands,Port Blair,Port Blair Branch,Savings,92c82109-75f6-4fd1-8d2d-a86c01f78cf6,15-05-2025,13:04:23,3201.84,704dd332-a2dd-4f56-8085-a2f9bd83d128,Transfer,Health,18001.08,Chip Card,"Port Blair, Andaman and Nicobar Islands",POS,0,Clean,INR,+91948304XXXXXX,Hotel booking,pii_email_052ccce417f5
1b8ba65a-5cad-452d-b7c9-86acab0d9e05,pii_full_name_5ffb0263de15,Female,18,Andaman and Nicobar Islands,Port Blair,Port Blair Branch,Savings,d5af494c-939d-4e57-9b5e-3ee3f72c571d,01-06-2025,05:02:39,35181.58,34d1e872-bc4c-413c-9d70-2097ddc3c52d,Credit,Electronics,25505.57,Biometric ATM,"Port Blair, Andaman and Nicobar Islands",ATM,0,Clean,INR,+91948304XXXXXX,Online shopping,pii_email_052ccce417f5
1b8ba65a-5cad-452d-b7c9-86acab0d9e05,pii_full_name_5ffb0263de15,Female,18,Andaman and Nicobar Islands,Port Blair,Port Blair Branch,Savings,b761f1c4-a6fc-4110-9e8b-b18c5de08fc2,01-06-2025,07:46:20,86327.31,0fd0872e-51d3-4c1a-b4f0-6fd09a545a31,Credit,Restaurant,23356.12,POS Mobile Device,"Port Blair, Andaman and Nicobar Islands",Desktop,0,Clean,INR,+91948304XXXXXX,Grocery delivery,pii_email_052ccce417f5
1b8ba65a-5cad-452d-b7c9-86acab0d9e05,pii_full_name_5ffb0263de15,Female,18,Andaman and Nicobar Islands,Port Blair,Port Blair Branch,Savings,5a5400fb-d2c4-4861-8635-6989bd56d54c,20-06-2025,22:49:47,47661.18,04d86f5a-9e7b-406a-a9ed-e6f875b57927,Withdrawal,Electronics,21987.41,POS Mobile App,"Port Blair, Andaman and Nicobar Islands",POS,0,Clean,INR,+91948304XXXXXX,Online shopping,pii_email_052ccce417f5
1b8ba65a-5cad-452d-b7c9-86acab0d9e05,pii_full_name_5ffb0263de15,Female,18,Andaman and Nicobar Islands,Port Blair,Port Blair Branch,Savings,5e123723-f87a-4fb3-bdc2-f98699f84a1f,25-06-2025,02:45:32,40926.77,c39de0f4-2281-483c-9afa-f65279ba2661,Debit,Restaurant,10915.71,Contactless Card,"Port Blair, Andaman and Nicobar Islands",Desktop,0,Clean,INR,+91948304XXXXXX,Mutual fund investment,pii_email_052ccce417f5
1b8ba65a-5cad-452d-b7c9-86acab0d9e05,pii_full_name_5ffb0263de15,Female,18,Andaman and Nicobar Islands,Port Blair,Port Blair Branch,Savings,afaa74b1-bc78-49c1-a73f-d7b1d5c2b13f,05-08-2025,07:37:51,44938.53,ecb07c03-3e28-4753-964d-10d12c4abe15,Bill Payment,Entertainment,11269.98,Magnetic Strip Card,"Port Blair, Andaman and Nicobar Islands",ATM,1,Clean,INR,+91948304XXXXXX,Movie tickets,pii_email_052ccce417f5
1b8ba65a-5cad-452d-b7c9-86acab0d9e05,pii_full_name_5ffb0263de15,Female,18,Andaman and Nicobar Islands,Port Blair,Port Blair Branch,Savings,666143d3-abcb-44ff-99cc-b70baa68789d,02-10-2025,13:39:16,95024.08,7e717181-5a55-482d-b247-7ee1d32a632a,Debit,Groceries,17680.9,ATM,"Port Blair, Andaman and Nicobar Islands",POS,0,Clean,INR,+91948304XXXXXX,Insurance premium,pii_email_052ccce417f5
1b8ba65a-5cad-452d-b7c9-86acab0d9e05,pii_full_name_5ffb0263de15,Female,18,Andaman and Nicobar Islands,Port Blair,Port Blair Branch,Savings,cae43140-d1a0-4bab-b1c3-13137ffdebd3,08-11-2025,03:53:42,91794.37,06733fd6-6e21-4485-ae4a-d2b4d2660ffe,Credit,Groceries,14209.1,Mobile Banking App,"Port Blair, Andaman and Nicobar Islands",Mobile,0,Clean,INR,+91948304XXXXXX,Online shopping,pii_email_052ccce417f5
1b8ba65a-5cad-452d-b7c9-86acab0d9e05,pii_full_name_5ffb0263de15,Female,18,Andaman and Nicobar Islands,Port Blair,Port Blair Branch,Savings,0c7122f4-f2d5-409f-8cdf-db3ebe433e61,12-11-2025,22:49:28,79467.27,ff8f97be-ee4b-4a0a-84fb-e12447856e40,Credit,Restaurant,33171.16,Digital Wallet,"Port Blair, Andaman and Nicobar Islands",ATM,0,Clean,INR,+91948304XXXXXX,Hotel booking,pii_email_052ccce417f5
1b8ba65a-5cad-452d-b7c9-86acab0d9e05,pii_full_name_5ffb0263de15,Female,18,Andaman and Nicobar Islands,Port Blair,Port Blair Branch,Savings,9133ef92-0e81-4e41-a1ef-cf651eee5c28,29-11-2025,00:24:46,46525.96,31be17eb-9bbc-4c7d-b25a-b3f1a2c04607,Bill Payment,Clothing,15008.38,Voice Assistant,"Port Blair, Andaman and Nicobar Islands",Mobile,0,Clean,INR,+91948304XXXXXX,Electricity bill,pii_email_052ccce417f5
1b8ba65a-5cad-452d-b7c9-86acab0d9e05,pii_full_name_5ffb0263de15,Female,18,Andaman and Nicobar Islands,Port Blair,Port Blair Branch,Savings,85539170-c7fe-425f-82c8-a08dfb3c6ee8,08-12-2025,02:46:21,13814.88,885c43d7-4507-41d2-be4f-34cce8c2bdfc,Credit,Electronics,22861.81,POS Mobile App,"Port Blair, Andaman and Nicobar Islands",POS,0,Clean,INR,+91948304XXXXXX,Bus ticket,pii_email_052ccce417f5
1b8ba65a-5cad-452d-b7c9-86acab0d9e05,pii_full_name_5ffb0263de15,Female,18,Andaman and Nicobar Islands,Port Blair,Port Blair Branch,Savings,c7c860b2-0d13-4188-abb6-cf8527f1b629,12-12-2025,23:54:19,24780.47,838df8ca-82e5-4eb6-8b72-b670fd6091dd,Bill Payment,Entertainment,26753.53,Internet Banking,"Port Blair, Andaman and Nicobar Islands",ATM,0,Clean,INR,+91948304XXXXXX,EMI payment,pii_email_052ccce417f5
1b8ba65a-5cad-452d-b7c9-86acab0d9e05,pii_full_name_5ffb0263de15,Female,18,Andaman and Nicobar Islands,Port Blair,Port Blair Branch,Savings,be761f6a-f2e3-4964-a346-ab1c229bc075,13-12-2025,07:59:59,70979.78,ff21e286-ce53-43be-adee-df56a8c2c463,Debit,Health,15763.83,Branch Counter,"Port Blair, Andaman and Nicobar Islands",Desktop,0,Clean,INR,+91948304XXXXXX,Taxi fare,pii_email_052ccce417f5
1b8ba65a-5cad-452d-b7c9-86acab0d9e05,pii_full_name_5ffb0263de15,Female,18,Andaman and Nicobar Islands,Port Blair,Port Blair Branch,Savings,bc3096ea-cbde-4d1a-9900-3afe1ce3858f,17-12-2025,02:38:41,18683.19,e9dd21b3-93fe-49bc-af93-44a6fe1ed416,Credit,Groceries,25224.44,Voice Assistant,"Port Blair, Andaman and Nicobar Islands",Desktop,0,Clean,INR,+91948304XXXXXX,Debt repayment,pii_email_052ccce417f5
1e50bed7-7597-459f-be56-32948b2a1d32,pii_full_name_50f05ca25a75,Male,49,Kerala,Thiruvananthapuram,Thiruvananthapuram Branch,Savings,cedb83d0-8e8f-4f2c-994b-8f2f8ef6602f,16-01-2025,11:58:53,1356.15,36f9c04f-1ba1-4bf2-82bf-8ba9ab082525,Bill Payment,Clothing,28347.15,UPI,"Thiruvananthapuram, Kerala",Desktop,0,Clean,INR,+91936309XXXXXX,Movie tickets,pii_email_fe867c2b4cd2
1e50bed7-7597-459f-be56-32948b2a1d32,pii_full_name_50f05ca25a75,Male,49,Kerala,Thiruvananthapuram,Thiruvananthapuram Branch,Savings,ba75afba-c67f-415b-a3e1-1c689b951e85,23-01-2025,06:43:52,28162.55,97725f5e-8323-4047-bb33-62e220f9105a,Credit,Electronics,31163.41,Contactless Card,"Thiruvananthapuram, Kerala",Mobile,0,Clean,INR,+91936309XXXXXX,Salary credit,pii_email_fe867c2b4cd2
1e50bed7-7597-459f-be56-32948b2a1d32,pii_full_name_50f05ca25a75,Male,49,Kerala,Thiruvananthapuram,Thiruvananthapuram Branch,Savings,c17a95e9-9730-4473-a48e-1282983c40b3,27-05-2025,01:09:49,30747.09,13ebc5eb-5b91-47de-985e-4efb816d6386,Bill Payment,Clothing,28088.7,Branch Counter,"Thiruvananthapuram, Kerala",ATM,0,Clean,INR,+91936309XXXXXX,Bitcoin transaction,pii_email_fe867c2b4cd2
1ed26089-7d6f-4d63-bc5b-1d830c784c39,pii_full_name_cfd8e4f6d825,Female,47,Chandigarh,Chandigarh,Chandigarh Branch,Savings,66d7f59b-d85d-49ac-9bb4-f979cf4dd166,03-02-2025,08:50:46,18969.32,99036f7b-a7b2-4845-ad4e-d9a75da339ce,Bill Payment,Electronics,71150.24,Biometric ATM,"Chandigarh, Chandigarh",ATM,0,Clean,INR,+91919692XXXXXX,Debt repayment,pii_email_d1cff58c253c
1ed26089-7d6f-4d63-bc5b-1d830c784c39,pii_full_name_cfd8e4f6d825,Female,47,Chandigarh,Chandigarh,Chandigarh Branch,Savings,86749d26-c66c-4a66-aa43-2f95c94b521e,13-02-2025,00:41:51,79029.84,88d1b191-9818-4154-ad28-4b8f9a336789,Credit,Electronics,93930.12,UPI,"Chandigarh, Chandigarh",Mobile,0,Clean,INR,+91919692XXXXXX,Hotel booking,pii_email_d1cff58c253c
1ed26089-7d6f-4d63-bc5b-1d830c784c39,pii_full_name_cfd8e4f6d825,Female,47,Chandigarh,Chandigarh,Chandigarh Branch,Savings,d90f11f5-3e6e-4b30-b162-c0921c0f3341,12-04-2025,22:26:04,55425.6,68c7dc3a-0cc7-4b3c-8aa9-0f50e962d0da,Bill Payment,Clothing,82856.65,POS Mobile App,"Chandigarh, Chandigarh",Desktop,0,Clean,INR,+91919692XXXXXX,Mutual fund investment,pii_email_d1cff58c253c
1ed26089-7d6f-4d63-bc5b-1d830c784c39,pii_full_name_cfd8e4f6d825,Female,47,Chandigarh,Chandigarh,Chandigarh Branch,Savings,e04eb4d5-89a8-4984-a7c7-4f852be66280,02-08-2025,19:27:13,23672.17,50c1ddfa-858c-461a-b8ab-5e3c0745741d,Bill Payment,Groceries,86027.14,ATM Booth Kiosk,"Chandigarh, Chandigarh",Desktop,0,Clean,INR,+91919692XXXXXX,Electricity bill,pii_email_d1cff58c253c
1ed26089-7d6f-4d63-bc5b-1d830c784c39,pii_full_name_cfd8e4f6d825,Female,47,Chandigarh,Chandigarh,Chandigarh Branch,Savings,70414b9d-7ad3-492e-b35a-b9acf8e88e80,04-08-2025,01:21:02,87090.66,9523d671-e869-49a9-8c1a-4c5703fdee5e,Bill Payment,Health,73047.17,ATM,"Chandigarh, Chandigarh",POS,0,Clean,INR,+91919692XXXXXX,Bus ticket,pii_email_d1cff58c253c
1ed26089-7d6f-4d63-bc5b-1d830c784c39,pii_full_name_cfd8e4f6d825,Female,47,Chandigarh,Chandigarh,Chandigarh Branch,Savings,312d5ede-bdf9-43e0-aa7c-6030c2b89b37,26-08-2025,07:17:41,44330.02,0c50f3dd-8501-4976-8ce7-6e9464d93e3e,Bill Payment,Restaurant,90432.19,QR Code Scanner,"Chandigarh, Chandigarh",ATM,0,Clean,INR,+91919692XXXXXX,Mutual fund investment,pii_email_d1cff58c253c
1ed26089-7d6f-4d63-bc5b-1d830c784c39,pii_full_name_cfd8e4f6d825,Female,47,Chandigarh,Chandigarh,Chandigarh Branch,Savings,ad7d6b0a-32dc-495f-9317-56c70e43148c,03-09-2025,18:31:08,79550.16,3d789958-6274-46f5-bd85-6ae337467461,Bill Payment,Groceries,88399.21,QR Code Scanner,"Chandigarh, Chandigarh",Mobile,0,Clean,INR,+91919692XXXXXX,Grocery delivery,pii_email_d1cff58c253c
1ed26089-7d6f-4d63-bc5b-1d830c784c39,pii_full_name_cfd8e4f6d825,Female,47,Chandigarh,Chandigarh,Chandigarh Branch,Savings,a9854632-4c55-4209-a70f-a44bdbe4b609,22-09-2025,19:37:49,11004.05,3361406a-d7aa-4ef8-bb9e-61c0c141e0cd,Withdrawal,Groceries,81756.24,Digital Wallet,"Chandigarh, Chandigarh",Desktop,0,Clean,INR,+91919692XXXXXX,Mobile recharge,pii_email_d1cff58c253c
1ed26089-7d6f-4d63-bc5b-1d830c784c39,pii_full_name_cfd8e4f6d825,Female,47,Chandigarh,Chandigarh,Chandigarh Branch,Savings,195c6963-6c6e-494e-85db-6545b4a6e67c,24-09-2025,23:11:09,9350.65,c75cab29-ace9-4559-818f-afe80a229639,Credit,Clothing,94865.19,Virtual Card,"Chandigarh, Chandigarh",Mobile,0,Clean,INR,+91919692XXXXXX,Gas bill,pii_email_d1cff58c253c
1ed26089-7d6f-4d63-bc5b-1d830c784c39,pii_full_name_cfd8e4f6d825,Female,47,Chandigarh,Chandigarh,Chandigarh Branch,Savings,b1535f29-162f-4944-a983-7d23760e8f2c,29-12-2025,07:37:32,59220.37,1dd916ed-bb8d-42c2-b6b4-1ef606bb972b,Transfer,Electronics,96354.22,Magnetic Strip Card,"Chandigarh, Chandigarh",ATM,0,Clean,INR,+91919692XXXXXX,Utility bill,pii_email_d1cff58c253c
215098e9-44c4-43ed-8c2f-0ddd85d338c2,pii_full_name_25aba6b28629,Male,18,Kerala,Kochi,Kochi Branch,Savings,54a3929e-5ef7-49c5-a122-98f99e2a4570,03-01-2025,00:06:03,50694.66,06dafa52-a76c-475a-9900-95693c76b70e,Withdrawal,Entertainment,63293.6,POS Mobile Device,"Kochi, Kerala",Mobile,0,Clean,INR,+91919865XXXXXX,Electricity bill,pii_email_a8b5ecdbf07c
215098e9-44c4-43ed-8c2f-0ddd85d338c2,pii_full_name_25aba6b28629,Male,18,Kerala,Kochi,Kochi Branch,Savings,13d6b6a4-d1eb-4816-8117-98b77abc741e,09-02-2025,06:11:29,33573.93,de5881cf-4f83-460a-9160-3a2bc320ab36,Debit,Electronics,59715.9,Video Banking,"Kochi, Kerala",Desktop,0,Clean,INR,+91919865XXXXXX,Jewelry purchase,pii_email_a8b5ecdbf07c
215098e9-44c4-43ed-8c2f-0ddd85d338c2,pii_full_name_25aba6b28629,Male,18,Kerala,Kochi,Kochi Branch,Savings,d3e10a10-c2c6-4f89-b7fc-e4f738d4c5c2,05-06-2025,11:15:55,94799.78,ef171d59-597c-4d25-93d1-438474a86674,Credit,Health,76933.15,UPI,"Kochi, Kerala",ATM,0,Clean,INR,+91919865XXXXXX,Gym membership,pii_email_a8b5ecdbf07c
215098e9-44c4-43ed-8c2f-0ddd85d338c2,pii_full_name_25aba6b28629,Male,18,Kerala,Kochi,Kochi Branch,Savings,074f5d84-69bc-468e-a1c4-d62856595f4d,10-06-2025,22:38:11,85700.87,65680c73-2e8a-4a62-bf22-69faa1a4276e,Bill Payment,Electronics,68363.06,Branch Counter,"Kochi, Kerala",Desktop,0,Clean,INR,+91919865XXXXXX,Utility bill,pii_email_a8b5ecdbf07c
215098e9-44c4-43ed-8c2f-0ddd85d338c2,pii_full_name_25aba6b28629,Male,18,Kerala,Kochi,Kochi Branch,Savings,986fe542-268f-49b7-986a-9c22fe83e706,01-07-2025,13:40:55,13607.39,96f37efe-cf69-45ef-9506-0132ad096b82,Bill Payment,Restaurant,63535.63,Mobile Banking App,"Kochi, Kerala",POS,0,Clean,INR,+91919865XXXXXX,Flight ticket,pii_email_a8b5ecdbf07c
215098e9-44c4-43ed-8c2f-0ddd85d338c2,pii_full_name_25aba6b28629,Male,18,Kerala,Kochi,Kochi Branch,Savings,b4c0eeef-7d54-4cfb-b582-cbba930566f2,04-07-2025,11:10:24,94806.56,42fd2785-e39a-47d7-a585-37a2efc48d0a,Withdrawal,Groceries,44255.03,Branch Counter,"Kochi, Kerala",Mobile,0,Clean,INR,+91919865XXXXXX,Restaurant dining,pii_email_a8b5ecdbf07c
215098e9-44c4-43ed-8c2f-0ddd85d338c2,pii_full_name_25aba6b28629,Male,18,Kerala,Kochi,Kochi Branch,Savings,aa385f06-b2e3-4bea-bac7-c74fb2f846b4,09-08-2025,08:57:04,51804.7,60e9359d-f90e-44e0-a112-cabc2268c31a,Credit,Clothing,64896.37,Phone Banking,"Kochi, Kerala",POS,0,Clean,INR,+91919865XXXXXX,Insurance premium,pii_email_a8b5ecdbf07c
215098e9-44c4-43ed-8c2f-0ddd85d338c2,pii_full_name_25aba6b28629,Male,18,Kerala,Kochi,Kochi Branch,Savings,94adb651-183d-4639-b7be-84448623fcd7,27-09-2025,18:10:13,85268.84,6ffcc2c7-8671-4b86-854b-96bdf74dcf11,Transfer,Restaurant,76262.59,Magnetic Strip Card,"Kochi, Kerala",POS,0,Clean,INR,+91919865XXXXXX,EMI payment,pii_email_a8b5ecdbf07c
215098e9-44c4-43ed-8c2f-0ddd85d338c2,pii_full_name_25aba6b28629,Male,18,Kerala,Kochi,Kochi Branch,Savings,9f1db25f-9a31-4f93-a445-23061aed2e43,30-09-2025,12:33:31,2203.03,265e9a04-66f8-4606-a9df-2d0671d6e5bb,Withdrawal,Health,63073.3,POS Mobile Device,"Kochi, Kerala",Desktop,0,Clean,INR,+91919865XXXXXX,Debt repayment,pii_email_a8b5ecdbf07c
215098e9-44c4-43ed-8c2f-0ddd85d338c2,pii_full_name_25aba6b28629,Male,18,Kerala,Kochi,Kochi Branch,Savings,2389e3f7-6de9-4c15-ab5a-d4642a6308e4,01-10-2025,05:06:44,88094.11,4d832203-2be7-4556-ace0-afecf5a7b973,Debit,Restaurant,67453.17,Video Banking,"Kochi, Kerala",Mobile,0,Clean,INR,+91919865XXXXXX,Restaurant dining,pii_email_a8b5ecdbf07c
215098e9-44c4-43ed-8c2f-0ddd85d338c2,pii_full_name_25aba6b28629,Male,18,Kerala,Kochi,Kochi Branch,Savings,74c74123-49b3-4912-8946-f2922b050b92,25-10-2025,09:12:47,56301.01,0c64aa65-d219-43b2-84ec-5c3e92077931,Withdrawal,Clothing,35130.39,POS Mobile App,"Kochi, Kerala",POS,1,Clean,INR,+91919865XXXXXX,Insurance premium,pii_email_a8b5ecdbf07c
215098e9-44c4-43ed-8c2f-0ddd85d338c2,pii_full_name_25aba6b28629,Male,18,Kerala,Kochi,Kochi Branch,Savings,ca5a6b34-1c05-48cf-80bb-7e2776a7541c,09-11-2025,02:28:51,34945.45,dfa354ac-d369-49be-9476-30cd3d1d0fa9,Debit,Entertainment,40760.49,ATM,"Kochi, Kerala",Mobile,0,Clean,INR,+91919865XXXXXX,Salary credit,pii_email_a8b5ecdbf07c
215098e9-44c4-43ed-8c2f-0ddd85d338c2,pii_full_name_25aba6b28629,Male,18,Kerala,Kochi,Kochi Branch,Savings,76955147-63fe-4760-af06-0189b836ec3a,13-11-2025,00:12:24,97999.44,4e59e077-d894-4ef3-a021-c0559b83db5c,Bill Payment,Restaurant,53735.69,Digital Wallet,"Kochi, Kerala",ATM,0,Clean,INR,+91919865XXXXXX,Salary credit,pii_email_a8b5ecdbf07c
215098e9-44c4-43ed-8c2f-0ddd85d338c2,pii_full_name_25aba6b28629,Male,18,Kerala,Kochi,Kochi Branch,Savings,e6f5b048-b7f1-4e6f-aada-d0450afd851f,05-12-2025,18:20:02,79386.2,74724c90-de35-45d5-ad2e-1a1245f816ca,Withdrawal,Groceries,67735.7,Mobile Banking App,"Kochi, Kerala",POS,0,Clean,INR,+91919865XXXXXX,Insurance premium,pii_email_a8b5ecdbf07c
26fc0e9f-55f6-4752-9ae0-5ceaa6f9848a,pii_full_name_c13260d68f36,Female,57,Uttar Pradesh,Varanasi,Varanasi Branch,Business,eff13758-cb93-4581-bdf0-77f3b66158e1,14-01-2025,15:55:57,16621.96,d39d6340-8e1f-46d9-a802-c40919d87998,Debit,Health,5184.4,Mobile Banking App,"Varanasi, Uttar Pradesh",ATM,0,Clean,INR,+91979768XXXXXX,Mutual fund investment,pii_email_ee4fca8b20a8
26fc0e9f-55f6-4752-9ae0-5ceaa6f9848a,pii_full_name_c13260d68f36,Female,57,Uttar Pradesh,Varanasi,Varanasi Branch,Business,f90e2e34-b481-40fd-8b60-5b5a00a46a7a,28-02-2025,09:46:00,4870.65,f9f6db8c-24ef-4392-924b-7fad7f0fc14e,Bill Payment,Health,5029.66,Debit/Credit Card,"Varanasi, Uttar Pradesh",Desktop,0,Clean,INR,+91979768XXXXXX,Pharmacy bill,pii_email_ee4fca8b20a8
26fc0e9f-55f6-4752-9ae0-5ceaa6f9848a,pii_full_name_c13260d68f36,Female,57,Uttar Pradesh,Varanasi,Varanasi Branch,Business,d60a45c5-617a-42a8-87c3-bb38fdf50e0d,07-04-2025,21:15:16,23614.58,6d5a1097-fb30-4278-afe4-c76ab79b9450,Withdrawal,Health,13227.69,Internet Banking,"Varanasi, Uttar Pradesh",ATM,0,Clean,INR,+91979768XXXXXX,Gym membership,pii_email_ee4fca8b20a8
26fc0e9f-55f6-4752-9ae0-5ceaa6f9848a,pii_full_name_c13260d68f36,Female,57,Uttar Pradesh,Varanasi,Varanasi Branch,Business,5f2bf2b2-a875-477e-b24b-8d07c234a264,06-06-2025,00:45:33,22879.5,1df961de-ff06-4710-8569-0d74e4505025,Withdrawal,Clothing,6846.59,Video Banking,"Varanasi, Uttar Pradesh",Mobile,0,Clean,INR,+91979768XXXXXX,Online shopping,pii_email_ee4fca8b20a8
26fc0e9f-55f6-4752-9ae0-5ceaa6f9848a,pii_full_name_c13260d68f36,Female,57,Uttar Pradesh,Varanasi,Varanasi Branch,Business,ace501e5-e628-4015-8102-2dcfe2257612,22-07-2025,06:49:12,51319.56,376a5ffe-af18-4a1e-a07a-b8f1a987004a,Credit,Clothing,10161.62,Internet Banking,"Varanasi, Uttar Pradesh",POS,0,Clean,INR,+91979768XXXXXX,Pharmacy bill,pii_email_ee4fca8b20a8
26fc0e9f-55f6-4752-9ae0-5ceaa6f9848a,pii_full_name_c13260d68f36,Female,57,Uttar Pradesh,Varanasi,Varanasi Branch,Business,309a7d76-c395-4790-a51f-1ead0566295a,06-08-2025,04:12:44,73086.13,0df649a3-cd2b-4002-bf5b-26d1fb3782ad,Withdrawal,Groceries,5029.66,Internet Banking,"Varanasi, Uttar Pradesh",Desktop,0,Clean,INR,+91979768XXXXXX,Gas bill,pii_email_ee4fca8b20a8
26fc0e9f-55f6-4752-9ae0-5ceaa6f9848a,pii_full_name_c13260d68f36,Female,57,Uttar Pradesh,Varanasi,Varanasi Branch,Business,7f7eef90-35ea-4487-81af-07180c8c7fd3,14-11-2025,12:39:48,47074.47,0b6364ba-a7ec-4403-90a3-b5d40e9724f1,Withdrawal,Restaurant,5029.66,Mobile Banking App,"Varanasi, Uttar Pradesh",Desktop,0,Clean,INR,+91979768XXXXXX,Bitcoin transaction,pii_email_ee4fca8b20a8
26fc0e9f-55f6-4752-9ae0-5ceaa6f9848a,pii_full_name_c13260d68f36,Female,57,Uttar Pradesh,Varanasi,Varanasi Branch,Business,df5e911f-b7b0-435e-b59b-029962c06ac1,16-12-2025,03:00:42,40931.48,16bb25e6-3a82-490b-89ef-691eee533d8b,Bill Payment,Restaurant,9134.54,Contactless Card,"Varanasi, Uttar Pradesh",Mobile,0,Clean,INR,+91979768XXXXXX,Pharmacy bill,pii_email_ee4fca8b20a8
2829587f-fda7-4331-bc83-e03df86cd763,pii_full_name_5132a866f0b9,Female,58,Maharashtra,Mumbai,Mumbai Branch,Business,eea6750c-5fb3-4c56-84ae-a77362beb9f2,27-01-2025,08:06:47,25674.87,db43e61e-1ba9-4397-998c-1f941b28e62a,Transfer,Electronics,81369.95,Mobile Banking App,"Mumbai, Maharashtra",Mobile,0,Clean,INR,+91931677XXXXXX,Electricity bill,pii_email_58ec8ff7bedc
2829587f-fda7-4331-bc83-e03df86cd763,pii_full_name_5132a866f0b9,Female,58,Maharashtra,Mumbai,Mumbai Branch,Business,df452656-6772-48f5-a68a-dd5220e00a87,12-02-2025,00:49:28,48035.29,ca8e8b66-977a-4614-8af1-abdf9fd43276,Credit,Entertainment,82446.57,Mobile Banking App,"Mumbai, Maharashtra",Mobile,0,Clean,INR,+91931677XXXXXX,Mobile recharge,pii_email_58ec8ff7bedc
2829587f-fda7-4331-bc83-e03df86cd763,pii_full_name_5132a866f0b9,Female,58,Maharashtra,Mumbai,Mumbai Branch,Business,241dee16-e280-4247-9f8b-984487aec520,28-02-2025,12:38:39,72431.19,7de71fdc-25dc-4b80-8a99-080def9ac27c,Bill Payment,Health,66486.4,Biometric ATM,"Mumbai, Maharashtra",Mobile,0,Clean,INR,+91931677XXXXXX,Insurance premium,pii_email_58ec8ff7bedc
2829587f-fda7-4331-bc83-e03df86cd763,pii_full_name_5132a866f0b9,Female,58,Maharashtra,Mumbai,Mumbai Branch,Business,7838198c-ed0c-4000-befe-9340fde8e68e,25-03-2025,06:42:39,76404.29,42a3f8cf-2c11-4fac-a120-ceb997de6673,Debit,Entertainment,73729.52,Debit/Credit Card,"Mumbai, Maharashtra",POS,0,Clean,INR,+91931677XXXXXX,Taxi fare,pii_email_58ec8ff7bedc
2829587f-fda7-4331-bc83-e03df86cd763,pii_full_name_5132a866f0b9,Female,58,Maharashtra,Mumbai,Mumbai Branch,Business,c6d8e16b-8809-4145-a2a4-babb38896497,11-06-2025,02:48:15,11541.48,f05f59cf-f896-4b7d-89f1-e0daf64b2cf6,Bill Payment,Health,70994.28,Video Banking,"Mumbai, Maharashtra",Desktop,1,Clean,INR,+91931677XXXXXX,Electricity bill,pii_email_58ec8ff7bedc
2829587f-fda7-4331-bc83-e03df86cd763,pii_full_name_5132a866f0b9,Female,58,Maharashtra,Mumbai,Mumbai Branch,Business,e3dc1038-3b76-4fe2-8723-4da14aef2694,27-06-2025,04:58:33,35890.3,d54b5e80-b590-4e00-b91e-de5de3630ca1,Credit,Groceries,86035.6,Chip Card,"Mumbai, Maharashtra",Mobile,0,Clean,INR,+91931677XXXXXX,Flight ticket,pii_email_58ec8ff7bedc
2829587f-fda7-4331-bc83-e03df86cd763,pii_full_name_5132a866f0b9,Female,58,Maharashtra,Mumbai,Mumbai Branch,Business,8cb283ac-32d5-499c-afb2-51dfcf30018c,25-07-2025,03:03:46,36234.2,41b96f9f-96bb-409e-952d-0f725d52fa06,Debit,Health,67370.86,Branch Counter,"Mumbai, Maharashtra",POS,0,Clean,INR,+91931677XXXXXX,Online shopping,pii_email_58ec8ff7bedc
2829587f-fda7-4331-bc83-e03df86cd763,pii_full_name_5132a866f0b9,Female,58,Maharashtra,Mumbai,Mumbai Branch,Business,0809bb6f-e12b-4eb9-bf9d-7d8fb0fcefe8,26-07-2025,09:23:25,72331.37,a42a8fe9-651c-4a22-9c93-37cb1e2ba3a1,Debit,Clothing,78802.46,Contactless Card,"Mumbai, Maharashtra",ATM,0,Clean,INR,+91931677XXXXXX,Grocery delivery,pii_email_58ec8ff7bedc
2829587f-fda7-4331-bc83-e03df86cd763,pii_full_name_5132a866f0b9,Female,58,Maharashtra,Mumbai,Mumbai Branch,Business,27065a83-3762-4496-b33a-780756afb4da,04-08-2025,01:27:26,45134.62,6448d5ba-e088-48fc-9911-1966674cbdf4,Transfer,Entertainment,71884.33,POS Mobile App,"Mumbai, Maharashtra",Mobile,0,Clean,INR,+91931677XXXXXX,Grocery delivery,pii_email_58ec8ff7bedc
2829587f-fda7-4331-bc83-e03df86cd763,pii_full_name_5132a866f0b9,Female,58,Maharashtra,Mumbai,Mumbai Branch,Business,88e691f8-d2c2-4b8b-aa11-94b2df2890e3,05-08-2025,03:25:35,43882.15,f715634c-f956-4169-b50f-12a603dcbabc,Transfer,Groceries,72148.43,POS Mobile App,"Mumbai, Maharashtra",POS,0,Clean,INR,+91931677XXXXXX,Hotel booking,pii_email_58ec8ff7bedc
2829587f-fda7-4331-bc83-e03df86cd763,pii_full_name_5132a866f0b9,Female,58,Maharashtra,Mumbai,Mumbai Branch,Business,803ae3b2-c464-45bf-9d16-3382e1f56883,13-09-2025,21:59:41,12738.17,df29fd13-0be7-4c9a-9d43-4ec2a1dae010,Credit,Clothing,67760.22,Digital Wallet,"Mumbai, Maharashtra",Desktop,0,Clean,INR,+91931677XXXXXX,Gas bill,pii_email_58ec8ff7bedc
289e227b-e940-4818-8ff3-71a6153f82e3,pii_full_name_cc89933da5aa,Female,38,Bihar,Bhagalpur,Bhagalpur Branch,Checking,e3e0b91a-f5dd-43e4-96f3-b2b7862b831b,09-01-2025,04:14:49,79780.26,b9cd431f-327a-4424-9f31-c02dab6ca4bf,Credit,Health,90892.36,Internet Banking,"Bhagalpur, Bihar",ATM,0,Clean,INR,+91914324XXXXXX,Train ticket,pii_email_595a6375ecd1
289e227b-e940-4818-8ff3-71a6153f82e3,pii_full_name_cc89933da5aa,Female,38,Bihar,Bhagalpur,Bhagalpur Branch,Checking,82c1d266-60fb-4ff7-9646-6ec4661deea0,17-01-2025,01:51:23,26853.61,a4a7c855-c973-460e-b4dc-9b9e0fb3ad4e,Transfer,Restaurant,92056.26,Virtual Card,"Bhagalpur, Bihar",Desktop,0,Clean,INR,+91914324XXXXXX,Debt repayment,pii_email_595a6375ecd1
289e227b-e940-4818-8ff3-71a6153f82e3,pii_full_name_cc89933da5aa,Female,38,Bihar,Bhagalpur,Bhagalpur Branch,Checking,b106ae00-c866-4224-babe-d1cdda0dee99,21-02-2025,19:09:00,7966.1,49f9fdca-6e03-4fda-aa64-44da6076a6a5,Withdrawal,Restaurant,64204.7,Digital Wallet,"Bhagalpur, Bihar",Desktop,0,Clean,INR,+91914324XXXXXX,Flight ticket,pii_email_595a6375ecd1
289e227b-e940-4818-8ff3-71a6153f82e3,pii_full_name_cc89933da5aa,Female,38,Bihar,Bhagalpur,Bhagalpur Branch,Checking,d00f4acd-a509-44ee-9d52-bcdc7187cb58,07-03-2025,15:15:52,36623.13,0f5c9bb0-e905-47ab-b973-7363a6b8488e,Transfer,Restaurant,65001.31,POS Mobile Device,"Bhagalpur, Bihar",ATM,0,Clean,INR,+91914324XXXXXX,Gym membership,pii_email_595a6375ecd1
289e227b-e940-4818-8ff3-71a6153f82e3,pii_full_name_cc89933da5aa,Female,38,Bihar,Bhagalpur,Bhagalpur Branch,Checking,f2c94a39-6152-421f-97bb-6810952f8b03,27-03-2025,04:51:38,25257.22,83a63919-2fcc-4e12-9891-3ed14aa78e63,Transfer,Entertainment,93418.08,QR Code Scanner,"Bhagalpur, Bihar",POS,0,Clean,INR,+91914324XXXXXX,Cash withdrawal,pii_email_595a6375ecd1
289e227b-e940-4818-8ff3-71a6153f82e3,pii_full_name_cc89933da5aa,Female,38,Bihar,Bhagalpur,Bhagalpur Branch,Checking,7a9db165-5d3b-40ec-a770-6016a1be486b,16-04-2025,17:53:37,35784.18,aafbf28a-0df7-47d7-b79f-9c2c08170fc6,Credit,Groceries,67783.12,Contactless Card,"Bhagalpur, Bihar",Mobile,0,Clean,INR,+91914324XXXXXX,Utility bill,pii_email_595a6375ecd1
289e227b-e940-4818-8ff3-71a6153f82e3,pii_full_name_cc89933da5aa,Female,38,Bihar,Bhagalpur,Bhagalpur Branch,Checking,3c4e2549-c356-4e82-9038-db2c55190c84,20-04-2025,20:21:08,18541.43,74c76d36-8043-4225-ae4a-a095d01c87ed,Withdrawal,Clothing,61339.0,Mobile Banking App,"Bhagalpur, Bihar",Desktop,0,Clean,INR,+91914324XXXXXX,Train ticket,pii_email_595a6375ecd1
289e227b-e940-4818-8ff3-71a6153f82e3,pii_full_name_cc89933da5aa,Female,38,Bihar,Bhagalpur,Bhagalpur Branch,Checking,37a38575-89d6-4c99-9729-c1c5dabcb665,29-06-2025,01:03:11,24307.66,288f50c3-35cc-425e-829c-d4d75a8d2f3a,Credit,Entertainment,69251.59,Internet Banking,"Bhagalpur, Bihar",ATM,0,Clean,INR,+91914324XXXXXX,Train ticket,pii_email_595a6375ecd1
289e227b-e940-4818-8ff3-71a6153f82e3,pii_full_name_cc89933da5aa,Female,38,Bihar,Bhagalpur,Bhagalpur Branch,Checking,60b3df70-d31f-486f-a917-5baf11c712b3,13-08-2025,10:52:40,52408.14,f179f07e-d397-4e9b-ba6e-564c0ac961ef,Debit,Restaurant,66820.82,Contactless Card,"Bhagalpur, Bihar",ATM,0,Clean,INR,+91914324XXXXXX,Debt repayment,pii_email_595a6375ecd1
289e227b-e940-4818-8ff3-71a6153f82e3,pii_full_name_cc89933da5aa,Female,38,Bihar,Bhagalpur,Bhagalpur Branch,Checking,7b9405d0-9443-4463-8e88-f3caf7d00051,01-09-2025,07:10:46,88684.73,8c6e18e7-10ce-42a4-bfca-00adeffaecf3,Credit,Health,87677.27,Voice Assistant,"Bhagalpur, Bihar",Mobile,0,Clean,INR,+91914324XXXXXX,Cash withdrawal,pii_email_595a6375ecd1
289e227b-e940-4818-8ff3-71a6153f82e3,pii_full_name_cc89933da5aa,Female,38,Bihar,Bhagalpur,Bhagalpur Branch,Checking,98a20ad0-5a4b-4fc3-9623-2d46270f91a6,09-09-2025,03:25:32,19043.46,1802c333-b41f-49be-8e3c-075e555d1320,Credit,Groceries,63193.14,Voice Assistant,"Bhagalpur, Bihar",Mobile,0,Clean,INR,+91914324XXXXXX,Gas bill,pii_email_595a6375ecd1
289e227b-e940-4818-8ff3-71a6153f82e3,pii_full_name_cc89933da5aa,Female,38,Bihar,Bhagalpur,Bhagalpur Branch,Checking,10098cb0-6735-4fc1-84f4-a08cf5ba1bd0,19-09-2025,16:51:17,7766.0,0092b412-a6c0-4910-aabf-46e85d9fc8a5,Debit,Health,82914.33,UPI,"Bhagalpur, Bihar",POS,0,Clean,INR,+91914324XXXXXX,Bitcoin transaction,pii_email_595a6375ecd1
289e227b-e940-4818-8ff3-71a6153f82e3,pii_full_name_cc89933da5aa,Female,38,Bihar,Bhagalpur,Bhagalpur Branch,Checking,afde86d8-8433-463c-aaea-5d94888badab,19-09-2025,19:11:18,40471.84,d9ab9d10-4d3f-469e-a9c2-499d7fb78c02,Debit,Restaurant,89370.9,POS Mobile Device,"Bhagalpur, Bihar",POS,0,Clean,INR,+91914324XXXXXX,Debt repayment,pii_email_595a6375ecd1
289e227b-e940-4818-8ff3-71a6153f82e3,pii_full_name_cc89933da5aa,Female,38,Bihar,Bhagalpur,Bhagalpur Branch,Checking,05c70a3a-012e-4768-a1c5-c1c82013c7b1,24-09-2025,12:32:49,39863.42,94312b11-1474-4005-b974-3e94cb608d02,Debit,Entertainment,83690.93,Mobile Banking App,"Bhagalpur, Bihar",ATM,0,Clean,INR,+91914324XXXXXX,Cash withdrawal,pii_email_595a6375ecd1
289e227b-e940-4818-8ff3-71a6153f82e3,pii_full_name_cc89933da5aa,Female,38,Bihar,Bhagalpur,Bhagalpur Branch,Checking,7cf1cc0c-cc4e-4c42-98a0-a899a496a673,16-10-2025,20:59:53,95572.16,43a459aa-efb1-42f0-8ea3-5ef081b14651,Credit,Groceries,78808.8,Contactless Card,"Bhagalpur, Bihar",Mobile,1,Clean,INR,+91914324XXXXXX,Flight ticket,pii_email_595a6375ecd1
289e227b-e940-4818-8ff3-71a6153f82e3,pii_full_name_cc89933da5aa,Female,38,Bihar,Bhagalpur,Bhagalpur Branch,Checking,ca129661-570f-4212-b213-830e1ed4b846,10-11-2025,04:56:22,85272.58,1eecb1ff-daa5-4c4e-8787-8f5fc263b5d5,Debit,Health,61288.8,Phone Banking,"Bhagalpur, Bihar",Mobile,1,Clean,INR,+91914324XXXXXX,Gym membership,pii_email_595a6375ecd1
289e227b-e940-4818-8ff3-71a6153f82e3,pii_full_name_cc89933da5aa,Female,38,Bihar,Bhagalpur,Bhagalpur Branch,Checking,d34261b9-e4db-4548-ab8e-7766e6034577,19-12-2025,10:33:15,42785.15,b711b44f-8121-4d1b-9683-440d8dfb8583,Transfer,Entertainment,72061.63,ATM,"Bhagalpur, Bihar",Desktop,0,Clean,INR,+91914324XXXXXX,Debt repayment,pii_email_595a6375ecd1
289e227b-e940-4818-8ff3-71a6153f82e3,pii_full_name_cc89933da5aa,Female,38,Bihar,Bhagalpur,Bhagalpur Branch,Checking,c5158146-1296-4837-8e73-2266ad5a57ac,30-12-2025,13:38:10,86590.12,3dd11be8-0d84-47f2-8cba-81aa8e82a1f2,Bill Payment,Electronics,83397.25,Contactless Card,"Bhagalpur, Bihar",Desktop,0,Clean,INR,+91914324XXXXXX,Restaurant dining,pii_email_595a6375ecd1
28d364ff-9435-4a36-a778-195e55a31718,pii_full_name_0087cb0ad35d,Female,56,Tamil Nadu,Chennai,Chennai Branch,Savings,1f6113a2-f4d3-4d92-980c-56e0ddd1f989,26-01-2025,09:46:03,54055.08,84335ed0-bdd4-45d4-b31e-ded701c1a8a7,Transfer,Restaurant,98226.71,Phone Banking,"Chennai, Tamil Nadu",Mobile,0,Clean,INR,+91936646XXXXXX,Movie tickets,pii_email_98e6e5ced0ce
28d364ff-9435-4a36-a778-195e55a31718,pii_full_name_0087cb0ad35d,Female,56,Tamil Nadu,Chennai,Chennai Branch,Savings,4f9b6fce-e4b8-40d8-8afd-06f6eb4f7018,08-03-2025,06:43:07,46661.82,0044151f-3fcf-452b-9f42-65b3e7bf941f,Bill Payment,Groceries,79549.74,Voice Assistant,"Chennai, Tamil Nadu",Desktop,0,Clean,INR,+91936646XXXXXX,Bitcoin transaction,pii_email_98e6e5ced0ce
28d364ff-9435-4a36-a778-195e55a31718,pii_full_name_0087cb0ad35d,Female,56,Tamil Nadu,Chennai,Chennai Branch,Savings,226a879f-4952-451d-bdab-cdcd34b31b4e,15-03-2025,07:19:07,27914.73,4f5c8b47-76c8-44cf-a29a-b0aa3877a24d,Bill Payment,Electronics,69659.04,QR Code Scanner,"Chennai, Tamil Nadu",POS,0,Clean,INR,+91936646XXXXXX,Bus ticket,pii_email_98e6e5ced0ce
28d364ff-9435-4a36-a778-195e55a31718,pii_full_name_0087cb0ad35d,Female,56,Tamil Nadu,Chennai,Chennai Branch,Savings,82c97726-3857-416e-bf1c-0472eb73bec7,28-03-2025,19:12:12,97715.31,8fadbd11-5273-4823-82fb-78759b562a4a,Debit,Electronics,88455.17,Phone Banking,"Chennai, Tamil Nadu",ATM,0,Clean,INR,+91936646XXXXXX,Food delivery,pii_email_98e6e5ced0ce
28d364ff-9435-4a36-a778-195e55a31718,pii_full_name_0087cb0ad35d,Female,56,Tamil Nadu,Chennai,Chennai Branch,Savings,55d11453-6fc0-44cd-8776-5826c74a8d19,06-04-2025,06:07:18,46272.9,e42fa38b-c9aa-4ee2-9439-b8441b56db67,Credit,Groceries,98895.38,QR Code Scanner,"Chennai, Tamil Nadu",ATM,0,Clean,INR,+91936646XXXXXX,EMI payment,pii_email_98e6e5ced0ce
28d364ff-9435-4a36-a778-195e55a31718,pii_full_name_0087cb0ad35d,Female,56,Tamil Nadu,Chennai,Chennai Branch,Savings,9b41085c-5051-429f-b209-45c293660723,08-04-2025,23:36:47,9063.86,cbb091ed-57a7-420b-89ba-e6c8ef690a83,Withdrawal,Health,92989.39,Phone Banking,"Chennai, Tamil Nadu",POS,0,Clean,INR,+91936646XXXXXX,Mobile recharge,pii_email_98e6e5ced0ce
28d364ff-9435-4a36-a778-195e55a31718,pii_full_name_0087cb0ad35d,Female,56,Tamil Nadu,Chennai,Chennai Branch,Savings,570d0ae4-8a36-45e8-8f93-fd9cef43289f,11-04-2025,06:33:32,42392.56,45595363-e542-4aa1-a036-8f739026f2b2,Withdrawal,Health,84215.92,Internet Banking,"Chennai, Tamil Nadu",POS,0,Clean,INR,+91936646XXXXXX,Train ticket,pii_email_98e6e5ced0ce
28d364ff-9435-4a36-a778-195e55a31718,pii_full_name_0087cb0ad35d,Female,56,Tamil Nadu,Chennai,Chennai Branch,Savings,bd5a695d-208c-44e5-a91a-aad525c4d20a,08-05-2025,02:18:09,49996.08,c986eb84-ef91-4cf3-a406-0c7b6e563042,Debit,Electronics,93895.77,POS Mobile App,"Chennai, Tamil Nadu",Mobile,0,Clean,INR,+91936646XXXXXX,Food delivery,pii_email_98e6e5ced0ce
28d364ff-9435-4a36-a778-195e55a31718,pii_full_name_0087cb0ad35d,Female,56,Tamil Nadu,Chennai,Chennai Branch,Savings,9106d018-fdf2-45d9-a58d-c0a21d289d48,20-05-2025,14:45:52,10160.72,c7ba8892-94e7-4bae-9773-4312fdd185d3,Debit,Entertainment,94268.09,Video Banking,"Chennai, Tamil Nadu",Desktop,0,Clean,INR,+91936646XXXXXX,Flight ticket,pii_email_98e6e5ced0ce
28d364ff-9435-4a36-a778-195e55a31718,pii_full_name_0087cb0ad35d,Female,56,Tamil Nadu,Chennai,Chennai Branch,Savings,d09f50cc-2123-4f7e-8183-467c32604a13,14-06-2025,12:26:14,66733.9,e8beceeb-8fdb-43a2-b7c0-eb45ade09b95,Credit,Entertainment,86223.13,ATM Booth Kiosk,"Chennai, Tamil Nadu",Mobile,0,Clean,INR,+91936646XXXXXX,Salary credit,pii_email_98e6e5ced0ce
28d364ff-9435-4a36-a778-195e55a31718,pii_full_name_0087cb0ad35d,Female,56,Tamil Nadu,Chennai,Chennai Branch,Savings,8bb79a27-89df-4118-84aa-2bc13d18793f,24-06-2025,18:01:43,19485.97,8402467b-1b22-4975-9e49-ee1a2a109daf,Credit,Restaurant,71069.33,Internet Banking,"Chennai, Tamil Nadu",Desktop,0,Clean,INR,+91936646XXXXXX,Mutual fund investment,pii_email_98e6e5ced0ce
28d364ff-9435-4a36-a778-195e55a31718,pii_full_name_0087cb0ad35d,Female,56,Tamil Nadu,Chennai,Chennai Branch,Savings,678d8456-7c8a-4f24-bfa5-934ce59381af,06-07-2025,20:51:50,54872.97,8d7b16f3-a6fd-4cd2-82c1-d94c744b894c,Bill Payment,Clothing,92821.2,Video Banking,"Chennai, Tamil Nadu",POS,0,Clean,INR,+91936646XXXXXX,EMI payment,pii_email_98e6e5ced0ce
28d364ff-9435-4a36-a778-195e55a31718,pii_full_name_0087cb0ad35d,Female,56,Tamil Nadu,Chennai,Chennai Branch,Savings,dcb39b03-71cb-4c08-9c34-ed24d5fe070c,14-08-2025,01:24:03,53191.07,d837404f-7b47-4d69-ac92-4519c874397f,Transfer,Restaurant,98308.5,Self-service Banking Machine,"Chennai, Tamil Nadu",Desktop,0,Clean,INR,+91936646XXXXXX,Hotel booking,pii_email_98e6e5ced0ce
28d364ff-9435-4a36-a778-195e55a31718,pii_full_name_0087cb0ad35d,Female,56,Tamil Nadu,Chennai,Chennai Branch,Savings,6c00d85b-0f88-47ab-a3f1-e090a6d84c75,14-10-2025,11:32:29,85696.24,f07e8c20-65db-4414-8677-3a6c4601ba47,Withdrawal,Electronics,72450.52,UPI,"Chennai, Tamil Nadu",POS,0,Clean,INR,+91936646XXXXXX,Insurance premium,pii_email_98e6e5ced0ce
28d364ff-9435-4a36-a778-195e55a31718,pii_full_name_0087cb0ad35d,Female,56,Tamil Nadu,Chennai,Chennai Branch,Savings,abdbd252-4a7e-4e88-8b34-ac3243fd2097,18-10-2025,22:45:14,5383.09,6a02d9f5-735f-4cd5-9bf9-66d9cbae5bac,Bill Payment,Electronics,69120.73,Self-service Banking Machine,"Chennai, Tamil Nadu",POS,0,Clean,INR,+91936646XXXXXX,Debt repayment,pii_email_98e6e5ced0ce
28d364ff-9435-4a36-a778-195e55a31718,pii_full_name_0087cb0ad35d,Female,56,Tamil Nadu,Chennai,Chennai Branch,Savings,97542ca7-73cc-4716-910e-dcb70f6b9249,28-12-2025,18:07:38,52029.86,40db1c85-be58-4ee6-98e9-94e93450857a,Withdrawal,Groceries,81020.14,Biometric ATM,"Chennai, Tamil Nadu",Mobile,0,Clean,INR,+91936646XXXXXX,Electricity bill,pii_email_98e6e5ced0ce
2991579e-17ff-41de-84d6-1841ca7253a3,pii_full_name_f7da9e6a0c33,Female,60,Maharashtra,Nashik,Nashik Branch,Savings,2d287b77-4c02-4079-99c7-fe32141f96f1,14-01-2025,19:41:50,48918.95,569d9a04-95d8-493f-9ba3-ad5b56e47999,Credit,Entertainment,69753.71,Internet Banking,"Nashik, Maharashtra",ATM,0,Clean,INR,+91929216XXXXXX,Mutual fund investment,pii_email_73e1ce70a863
2991579e-17ff-41de-84d6-1841ca7253a3,pii_full_name_f7da9e6a0c33,Female,60,Maharashtra,Nashik,Nashik Branch,Savings,36f1fb24-ffa1-4897-8e17-cf33bd7c45ed,21-03-2025,04:23:29,61007.73,ee65e4cd-27a7-4276-9ab9-d93d354a9892,Credit,Groceries,74189.34,Mobile Banking App,"Nashik, Maharashtra",Desktop,0,Clean,INR,+91929216XXXXXX,Bus ticket,pii_email_73e1ce70a863
2991579e-17ff-41de-84d6-1841ca7253a3,pii_full_name_f7da9e6a0c33,Female,60,Maharashtra,Nashik,Nashik Branch,Savings,d27ff09c-1f20-4f4d-8074-c5a0d53dcaad,02-04-2025,18:16:17,85272.87,4de44bf8-325e-4382-b6ee-fbba9053f228,Debit,Clothing,61369.42,Internet Banking,"Nashik, Maharashtra",POS,0,Clean,INR,+91929216XXXXXX,Grocery delivery,pii_email_73e1ce70a863
2991579e-17ff-41de-84d6-1841ca7253a3,pii_full_name_f7da9e6a0c33,Female,60,Maharashtra,Nashik,Nashik Branch,Savings,716a5a1c-0015-4d71-aac7-2ebfb912570e,12-04-2025,21:18:30,30384.98,f57213ad-2baa-463f-9148-26444def2b41,Credit,Clothing,71322.19,QR Code Scanner,"Nashik, Maharashtra",Mobile,0,Clean,INR,+91929216XXXXXX,Train ticket,pii_email_73e1ce70a863
2991579e-17ff-41de-84d6-1841ca7253a3,pii_full_name_f7da9e6a0c33,Female,60,Maharashtra,Nashik,Nashik Branch,Savings,6c68f805-cca1-4174-ae7a-8b11fa5aab7f,30-04-2025,12:30:27,34923.97,94777a36-7c1b-4b40-86fe-41fe25a0d577,Transfer,Clothing,64861.82,Phone Banking,"Nashik, Maharashtra",ATM,0,Clean,INR,+91929216XXXXXX,Flight ticket,pii_email_73e1ce70a863
2991579e-17ff-41de-84d6-1841ca7253a3,pii_full_name_f7da9e6a0c33,Female,60,Maharashtra,Nashik,Nashik Branch,Savings,a730642d-351c-4d10-b2e9-5642741693d9,10-10-2025,05:34:37,59056.48,794ad68e-bd52-420e-8d3f-8ef94e17b1a7,Withdrawal,Clothing,68283.7,Self-service Banking Machine,"Nashik, Maharashtra",ATM,1,Clean,INR,+91929216XXXXXX,Movie tickets,pii_email_73e1ce70a863
2991579e-17ff-41de-84d6-1841ca7253a3,pii_full_name_f7da9e6a0c33,Female,60,Maharashtra,Nashik,Nashik Branch,Savings,2eaf2362-f189-41ef-b9af-2c3944d913d3,23-10-2025,05:51:00,16651.44,6aa50268-eb7d-4cf4-95e8-9c38e8cb8f3b,Withdrawal,Clothing,68088.57,UPI,"Nashik, Maharashtra",Mobile,0,Clean,INR,+91929216XXXXXX,Food delivery,pii_email_73e1ce70a863
2c89e7e8-b63c-4fde-b982-c6fb9b0e0a3b,pii_full_name_3ffa69ebf0f1,Male,70,Chandigarh,Chandigarh,Chandigarh Branch,Business,a1942e16-4819-4c7b-a772-69c71d6ee5cd,03-05-2025,06:42:43,41211.41,892deaae-0d50-40fb-a670-55af763089e3,Debit,Clothing,10087.89,QR Code Scanner,"Chandigarh, Chandigarh",POS,0,Clean,INR,+91939975XXXXXX,Debt repayment,pii_email_3b1b09dcfa55
2c89e7e8-b63c-4fde-b982-c6fb9b0e0a3b,pii_full_name_3ffa69ebf0f1,Male,70,Chandigarh,Chandigarh,Chandigarh Branch,Business,e16099b7-63f9-4c2a-933a-bcc3ef246f52,21-05-2025,08:22:14,86086.61,830b860c-4760-4078-b746-0746dd241cf0,Bill Payment,Clothing,14209.03,Magnetic Strip Card,"Chandigarh, Chandigarh",Desktop,0,Clean,INR,+91939975XXXXXX,Hotel booking,pii_email_3b1b09dcfa55
2c89e7e8-b63c-4fde-b982-c6fb9b0e0a3b,pii_full_name_3ffa69ebf0f1,Male,70,Chandigarh,Chandigarh,Chandigarh Branch,Business,913b8ece-f604-4736-b773-3a8c2875a064,07-08-2025,21:48:14,67537.07,38b84a7c-7b51-4b73-b953-b4da5249c8bf,Transfer,Restaurant,25796.52,QR Code Scanner,"Chandigarh, Chandigarh",ATM,0,Clean,INR,+91939975XXXXXX,Gym membership,pii_email_3b1b09dcfa55
2c89e7e8-b63c-4fde-b982-c6fb9b0e0a3b,pii_full_name_3ffa69ebf0f1,Male,70,Chandigarh,Chandigarh,Chandigarh Branch,Business,10d49a2b-d6da-4569-a368-6e71d844a346,10-09-2025,21:44:22,22104.14,75b7deba-5baa-4152-b765-4b98e3939e0e,Bill Payment,Restaurant,22817.69,Voice Assistant,"Chandigarh, Chandigarh",POS,0,Clean,INR,+91939975XXXXXX,Flight ticket,pii_email_3b1b09dcfa55
2c89e7e8-b63c-4fde-b982-c6fb9b0e0a3b,pii_full_name_3ffa69ebf0f1,Male,70,Chandigarh,Chandigarh,Chandigarh Branch,Business,5c42565d-97dc-44a5-b0e5-a5db4ecae570,13-11-2025,22:04:01,49278.35,056bd6b0-bde9-40bf-97db-ece6ba1d5d3d,Debit,Health,20868.69,UPI,"Chandigarh, Chandigarh",POS,0,Clean,INR,+91939975XXXXXX,Mobile recharge,pii_email_3b1b09dcfa55
2c89e7e8-b63c-4fde-b982-c6fb9b0e0a3b,pii_full_name_3ffa69ebf0f1,Male,70,Chandigarh,Chandigarh,Chandigarh Branch,Business,01c86828-ec96-4216-9e35-b92b501292e7,21-11-2025,21:13:10,89549.29,c4876c83-ee8a-473c-97a5-b775f2db6f83,Transfer,Groceries,19042.82,QR Code Scanner,"Chandigarh, Chandigarh",Mobile,0,Clean,INR,+91939975XXXXXX,Grocery delivery,pii_email_3b1b09dcfa55
2cd3115e-33e3-4b9f-b357-f5542c3c6d61,pii_full_name_9d1fde90c623,Female,37,Lakshadweep,Kavaratti,Kavaratti Branch,Checking,261cc220-c530-4263-8a7b-39d4f06ee033,04-01-2025,09:12:33,37615.89,e5c50508-78ed-4679-9f4a-9dd464a72c97,Withdrawal,Groceries,62113.06,ATM Booth Kiosk,"Kavaratti, Lakshadweep",ATM,0,Clean,INR,+91925708XXXXXX,Mobile recharge,pii_email_79aaf816ebf2
2cd3115e-33e3-4b9f-b357-f5542c3c6d61,pii_full_name_9d1fde90c623,Female,37,Lakshadweep,Kavaratti,Kavaratti Branch,Checking,d8a41492-adae-498d-863f-75ee0498ee38,18-01-2025,23:27:56,45241.67,8e828f05-7691-4e8d-8d54-9f06acc49dbc,Debit,Restaurant,63518.77,Branch Counter,"Kavaratti, Lakshadweep",POS,0,Clean,INR,+91925708XXXXXX,Online shopping,pii_email_79aaf816ebf2
2cd3115e-33e3-4b9f-b357-f5542c3c6d61,pii_full_name_9d1fde90c623,Female,37,Lakshadweep,Kavaratti,Kavaratti Branch,Checking,2af2b31b-1931-484b-836c-838050e63d81,20-01-2025,23:22:06,28528.14,8ee74da8-9f45-4de5-bb0d-985528780d97,Withdrawal,Clothing,63239.77,Digital Wallet,"Kavaratti, Lakshadweep",Desktop,0,Clean,INR,+91925708XXXXXX,Online shopping,pii_email_79aaf816ebf2
2cd3115e-33e3-4b9f-b357-f5542c3c6d61,pii_full_name_9d1fde90c623,Female,37,Lakshadweep,Kavaratti,Kavaratti Branch,Checking,06d3a118-a93e-4da7-bed3-02a586ef170e,03-02-2025,20:56:07,17055.19,d5b1530b-3160-47ab-bbde-e16b5097a7d9,Bill Payment,Restaurant,56712.33,Phone Banking,"Kavaratti, Lakshadweep",POS,0,Clean,INR,+91925708XXXXXX,Mutual fund investment,pii_email_79aaf816ebf2
2cd3115e-33e3-4b9f-b357-f5542c3c6d61,pii_full_name_9d1fde90c623,Female,37,Lakshadweep,Kavaratti,Kavaratti Branch,Checking,9667ddb9-4683-4b9c-b77a-eda596b6fc1f,13-03-2025,11:52:09,40040.16,b5196f1f-d0b0-4658-8ea8-963d2dd7b1f2,Debit,Groceries,51634.49,ATM,"Kavaratti, Lakshadweep",ATM,0,Clean,INR,+91925708XXXXXX,Cash withdrawal,pii_email_79aaf816ebf2
2cd3115e-33e3-4b9f-b357-f5542c3c6d61,pii_full_name_9d1fde90c623,Female,37,Lakshadweep,Kavaratti,Kavaratti Branch,Checking,44b56c2f-da8f-4517-a618-210af9848cb8,29-03-2025,11:15:22,57598.75,08d93c57-5f41-4bb5-9323-1d9270b50fb9,Withdrawal,Electronics,43592.7,POS Mobile App,"Kavaratti, Lakshadweep",Desktop,0,Clean,INR,+91925708XXXXXX,Utility bill,pii_email_79aaf816ebf2
2cd3115e-33e3-4b9f-b357-f5542c3c6d61,pii_full_name_9d1fde90c623,Female,37,Lakshadweep,Kavaratti,Kavaratti Branch,Checking,3ea52ce8-8de1-421b-96ab-d78a835129bc,30-03-2025,03:41:18,67833.64,4a0d290c-566e-4405-9d26-7dba3c3f3baf,Credit,Health,58417.85,Magnetic Strip Card,"Kavaratti, Lakshadweep",Mobile,0,Clean,INR,+91925708XXXXXX,Bitcoin transaction,pii_email_79aaf816ebf2
2cd3115e-33e3-4b9f-b357-f5542c3c6d61,pii_full_name_9d1fde90c623,Female,37,Lakshadweep,Kavaratti,Kavaratti Branch,Checking,d756a851-6725-400f-a120-08621f321f21,25-05-2025,18:49:37,48031.59,1dbd5875-55da-4c5b-9606-b6fdfcfa5e50,Transfer,Groceries,68042.93,Debit/Credit Card,"Kavaratti, Lakshadweep",ATM,0,Clean,INR,+91925708XXXXXX,Electricity bill,pii_email_79aaf816ebf2
2cd3115e-33e3-4b9f-b357-f5542c3c6d61,pii_full_name_9d1fde90c623,Female,37,Lakshadweep,Kavaratti,Kavaratti Branch,Checking,988c44c9-9e6a-4bd1-bbcd-33c89990897b,05-07-2025,11:01:10,73597.54,a0bee735-9ed5-4229-a917-029f9f131e77,Bill Payment,Groceries,49352.58,POS Mobile App,"Kavaratti, Lakshadweep",ATM,0,Clean,INR,+91925708XXXXXX,Restaurant dining,pii_email_79aaf816ebf2
2cd3115e-33e3-4b9f-b357-f5542c3c6d61,pii_full_name_9d1fde90c623,Female,37,Lakshadweep,Kavaratti,Kavaratti Branch,Checking,3322c2b5-05ba-40e4-8ac8-e481503b8623,31-07-2025,15:07:35,8453.35,ed2328c1-f1cb-4ce4-a83a-35ffe992e209,Bill Payment,Entertainment,66092.59,Digital Wallet,"Kavaratti, Lakshadweep",Mobile,0,Clean,INR,+91925708XXXXXX,Gym membership,pii_email_79aaf816ebf2
2cd3115e-33e3-4b9f-b357-f5542c3c6d61,pii_full_name_9d1fde90c623,Female,37,Lakshadweep,Kavaratti,Kavaratti Branch,Checking,916c985e-18b7-4c72-b83d-2bd1bb7106e0,15-09-2025,17:46:32,38953.86,1dd6701a-9408-4ad0-b542-75fd2d6ef60e,Bill Payment,Groceries,55638.5,Video Banking,"Kavaratti, Lakshadweep",Mobile,0,Clean,INR,+91925708XXXXXX,EMI payment,pii_email_79aaf816ebf2
2cd3115e-33e3-4b9f-b357-f5542c3c6d61,pii_full_name_9d1fde90c623,Female,37,Lakshadweep,Kavaratti,Kavaratti Branch,Checking,6626c07f-2279-4cfa-b5c3-dbf19366bd03,09-10-2025,10:22:33,39848.76,916f376c-bda0-4bb0-8bbb-19720eaca937,Bill Payment,Electronics,59533.89,Debit/Credit Card,"Kavaratti, Lakshadweep",ATM,0,Clean,INR,+91925708XXXXXX,Jewelry purchase,pii_email_79aaf816ebf2
2cd3115e-33e3-4b9f-b357-f5542c3c6d61,pii_full_name_9d1fde90c623,Female,37,Lakshadweep,Kavaratti,Kavaratti Branch,Checking,61af3a6e-dee0-4c2a-8b6f-80ecd4ca528d,21-10-2025,11:54:45,52701.71,971e83c5-8ef0-4036-8fe1-b6d517a75bf3,Debit,Restaurant,65874.64,Phone Banking,"Kavaratti, Lakshadweep",Desktop,0,Clean,INR,+91925708XXXXXX,Bitcoin transaction,pii_email_79aaf816ebf2
2cd3115e-33e3-4b9f-b357-f5542c3c6d61,pii_full_name_9d1fde90c623,Female,37,Lakshadweep,Kavaratti,Kavaratti Branch,Checking,f949b012-a795-46a1-8063-ed4afe52d1f2,29-11-2025,08:52:45,30686.07,cd6c7b15-98af-470b-a4ed-c91181086e19,Transfer,Groceries,46661.31,Self-service Banking Machine,"Kavaratti, Lakshadweep",Desktop,0,Clean,INR,+91925708XXXXXX,Cash withdrawal,pii_email_79aaf816ebf2
2cd3115e-33e3-4b9f-b357-f5542c3c6d61,pii_full_name_9d1fde90c623,Female,37,Lakshadweep,Kavaratti,Kavaratti Branch,Checking,5851446a-8dec-4d69-9fbe-bdbe5c37226a,07-12-2025,05:00:03,22385.39,0b4c8cfa-b5cd-4244-9662-00585e8b6e21,Bill Payment,Restaurant,44422.77,Magnetic Strip Card,"Kavaratti, Lakshadweep",Mobile,0,Clean,INR,+91925708XXXXXX,Insurance premium,pii_email_79aaf816ebf2
2cd3115e-33e3-4b9f-b357-f5542c3c6d61,pii_full_name_9d1fde90c623,Female,37,Lakshadweep,Kavaratti,Kavaratti Branch,Checking,e38ff03a-ad96-4ca0-851b-e8a2eb61bb74,20-12-2025,05:07:50,48248.65,5bbea5a0-5f0a-4deb-b933-10e69d1b2d74,Transfer,Health,66937.92,UPI,"Kavaratti, Lakshadweep",Mobile,0,Clean,INR,+91925708XXXXXX,Bus ticket,pii_email_79aaf816ebf2
2d7af799-596a-4aca-a486-ed4765079d1c,pii_full_name_6f0ceab2d3ac,Female,35,Punjab,Amritsar,Amritsar Branch,Checking,ab3e1761-11c8-48f2-b8dc-b6c1103f1fb9,21-01-2025,22:42:54,88761.87,7cd6ebfc-8ed9-4ccf-bcfa-f6d4e6fe1209,Transfer,Groceries,23384.56,Phone Banking,"Amritsar, Punjab",ATM,0,Clean,INR,+91938693XXXXXX,Cash withdrawal,pii_email_041b16d4e5bc
2d7af799-596a-4aca-a486-ed4765079d1c,pii_full_name_6f0ceab2d3ac,Female,35,Punjab,Amritsar,Amritsar Branch,Checking,763218fb-7497-401a-875b-9a4fce65fa45,26-01-2025,07:46:39,76079.19,f5b2ef64-73b7-4f86-af5a-d023b6e4bd35,Transfer,Clothing,23489.47,ATM,"Amritsar, Punjab",Desktop,0,Clean,INR,+91938693XXXXXX,Hotel booking,pii_email_041b16d4e5bc
2d7af799-596a-4aca-a486-ed4765079d1c,pii_full_name_6f0ceab2d3ac,Female,35,Punjab,Amritsar,Amritsar Branch,Checking,8b16b295-74e7-4ff0-b4a8-7980097a828a,23-03-2025,12:40:22,43140.88,f89b72c5-890c-46e9-9f21-0bb48217340f,Debit,Restaurant,19275.98,Chip Card,"Amritsar, Punjab",ATM,0,Clean,INR,+91938693XXXXXX,Bitcoin transaction,pii_email_041b16d4e5bc
2d7af799-596a-4aca-a486-ed4765079d1c,pii_full_name_6f0ceab2d3ac,Female,35,Punjab,Amritsar,Amritsar Branch,Checking,d5fbb9de-1878-4e91-ab6b-798a7128460c,16-04-2025,03:29:17,39611.14,5844d797-f089-4b8f-b7d7-190d81d50ac0,Debit,Clothing,17773.14,Debit/Credit Card,"Amritsar, Punjab",ATM,0,Clean,INR,+91938693XXXXXX,Mobile recharge,pii_email_041b16d4e5bc
2d7af799-596a-4aca-a486-ed4765079d1c,pii_full_name_6f0ceab2d3ac,Female,35,Punjab,Amritsar,Amritsar Branch,Checking,e982e8a0-3672-4eb8-bd48-31abb592a38f,27-04-2025,11:04:33,52147.77,681fdc25-812b-476b-8464-c6ceee3233af,Credit,Electronics,14508.37,Voice Assistant,"Amritsar, Punjab",Mobile,0,Clean,INR,+91938693XXXXXX,EMI payment,pii_email_041b16d4e5bc
2d7af799-596a-4aca-a486-ed4765079d1c,pii_full_name_6f0ceab2d3ac,Female,35,Punjab,Amritsar,Amritsar Branch,Checking,3c78e047-bb0f-4ac3-9923-8dfcec6f33c4,21-05-2025,21:18:33,16503.05,69b5d937-efad-4152-9acd-e984a157ecd8,Withdrawal,Electronics,21734.26,Chip Card,"Amritsar, Punjab",ATM,0,Clean,INR,+91938693XXXXXX,Mutual fund investment,pii_email_041b16d4e5bc
2d7af799-596a-4aca-a486-ed4765079d1c,pii_full_name_6f0ceab2d3ac,Female,35,Punjab,Amritsar,Amritsar Branch,Checking,eef6b251-2687-41b3-bece-87d3cd795f17,22-05-2025,20:47:04,57149.96,addf162b-c029-4ca7-9a89-057077b02187,Credit,Restaurant,29204.46,Mobile Banking App,"Amritsar, Punjab",ATM,0,Clean,INR,+91938693XXXXXX,Bitcoin transaction,pii_email_041b16d4e5bc
2d7af799-596a-4aca-a486-ed4765079d1c,pii_full_name_6f0ceab2d3ac,Female,35,Punjab,Amritsar,Amritsar Branch,Checking,8fa1e114-8fca-4b74-a644-3f6a632fa75f,08-06-2025,06:55:48,56173.19,64a4b342-a55f-4455-bd4b-0aab4871aa93,Credit,Groceries,23390.46,Debit/Credit Card,"Amritsar, Punjab",Mobile,0,Clean,INR,+91938693XXXXXX,Train ticket,pii_email_041b16d4e5bc
2d7af799-596a-4aca-a486-ed4765079d1c,pii_full_name_6f0ceab2d3ac,Female,35,Punjab,Amritsar,Amritsar Branch,Checking,c6240335-72a3-4caf-9f9b-7fae92aa0033,25-06-2025,12:08:52,56143.91,966069d5-2363-4c2b-a60e-5223817ae0ec,Withdrawal,Groceries,23590.07,Contactless Card,"Amritsar, Punjab",Mobile,0,Clean,INR,+91938693XXXXXX,Food delivery,pii_email_041b16d4e5bc
2d7af799-596a-4aca-a486-ed4765079d1c,pii_full_name_6f0ceab2d3ac,Female,35,Punjab,Amritsar,Amritsar Branch,Checking,1c187772-0d72-42cf-97c4-7c60eadec1f0,30-06-2025,17:23:58,536.12,b1f0ff54-97b2-4a82-9de5-98d9f92bbb7f,Debit,Entertainment,19063.72,Chip Card,"Amritsar, Punjab",Desktop,0,Clean,INR,+91938693XXXXXX,Utility bill,pii_email_041b16d4e5bc
2d7af799-596a-4aca-a486-ed4765079d1c,pii_full_name_6f0ceab2d3ac,Female,35,Punjab,Amritsar,Amritsar Branch,Checking,f641b390-4b1a-4ef3-bce3-2309e8325b7a,18-07-2025,14:20:18,38488.54,8f5ece6c-ddc5-4e0d-97d7-040562427bb2,Bill Payment,Health,15427.13,Digital Wallet,"Amritsar, Punjab",Mobile,0,Clean,INR,+91938693XXXXXX,Taxi fare,pii_email_041b16d4e5bc
2d7af799-596a-4aca-a486-ed4765079d1c,pii_full_name_6f0ceab2d3ac,Female,35,Punjab,Amritsar,Amritsar Branch,Checking,aee10ec7-9912-41ee-9d00-e5d687553af8,21-10-2025,19:22:44,14248.44,5ffff395-ac96-4aa3-98e0-04042156b8f8,Debit,Clothing,17638.88,ATM,"Amritsar, Punjab",POS,0,Clean,INR,+91938693XXXXXX,Gas bill,pii_email_041b16d4e5bc
2d7af799-596a-4aca-a486-ed4765079d1c,pii_full_name_6f0ceab2d3ac,Female,35,Punjab,Amritsar,Amritsar Branch,Checking,2d1c77a7-367c-4551-adb9-8acc62f9079d,18-12-2025,05:04:46,17573.32,4727f596-0e45-453e-938a-f5adee9bdedb,Withdrawal,Clothing,15881.55,Internet Banking,"Amritsar, Punjab",Desktop,0,Clean,INR,+91938693XXXXXX,Gym membership,pii_email_041b16d4e5bc
2d7af799-596a-4aca-a486-ed4765079d1c,pii_full_name_6f0ceab2d3ac,Female,35,Punjab,Amritsar,Amritsar Branch,Checking,41d5917c-9f26-4173-be6a-ab0bad2048c9,21-12-2025,07:45:13,61335.32,89ad8820-4f22-4686-a3b2-86c2a3caa54f,Bill Payment,Electronics,9293.6,Magnetic Strip Card,"Amritsar, Punjab",Desktop,0,Clean,INR,+91938693XXXXXX,Grocery delivery,pii_email_041b16d4e5bc
2f92acbc-6fca-43fd-a7d4-afec1947df0b,pii_full_name_337240f93a44,Female,70,Bihar,Patna,Patna Branch,Checking,d87043a9-0451-4c7c-a2e8-cbc480fcce77,19-01-2025,19:33:31,57026.58,59107fdb-1ffe-45f7-b34e-973882afedf8,Withdrawal,Electronics,39713.22,Debit/Credit Card,"Patna, Bihar",ATM,0,Clean,INR,+91997062XXXXXX,Pharmacy bill,pii_email_65fbc8557ad0
2f92acbc-6fca-43fd-a7d4-afec1947df0b,pii_full_name_337240f93a44,Female,70,Bihar,Patna,Patna Branch,Checking,1eb3004c-0b08-47de-bd20-c9b3b7929ead,27-02-2025,15:13:09,16012.51,bd31033f-8463-4467-9739-0be11803bd77,Withdrawal,Clothing,47411.75,Biometric ATM,"Patna, Bihar",Desktop,0,Clean,INR,+91997062XXXXXX,Electricity bill,pii_email_65fbc8557ad0
2f92acbc-6fca-43fd-a7d4-afec1947df0b,pii_full_name_337240f93a44,Female,70,Bihar,Patna,Patna Branch,Checking,ac9d37ca-2a1b-4f85-89f7-26ee5914fb45,03-04-2025,15:13:06,19597.17,b82b3f47-adf0-47f6-912e-06e8e4802036,Debit,Restaurant,43536.91,Self-service Banking Machine,"Patna, Bihar",POS,0,Clean,INR,+91997062XXXXXX,Food delivery,pii_email_65fbc8557ad0
2f92acbc-6fca-43fd-a7d4-afec1947df0b,pii_full_name_337240f93a44,Female,70,Bihar,Patna,Patna Branch,Checking,8b6cb381-afd9-4538-b0b9-0567dc1b06db,03-05-2025,00:48:57,98434.4,389fc594-c820-4d3b-8a2a-494d63dface3,Bill Payment,Clothing,45496.63,Virtual Card,"Patna, Bihar",ATM,0,Clean,INR,+91997062XXXXXX,Cash withdrawal,pii_email_65fbc8557ad0
2f92acbc-6fca-43fd-a7d4-afec1947df0b,pii_full_name_337240f93a44,Female,70,Bihar,Patna,Patna Branch,Checking,074c61b9-2b9d-4a13-9fe6-4b2cef2568ba,18-05-2025,05:43:05,5503.65,fdd966f7-629d-4f84-aeed-af5eb6d8974c,Transfer,Electronics,40263.59,Self-service Banking Machine,"Patna, Bihar",POS,0,Clean,INR,+91997062XXXXXX,Debt repayment,pii_email_65fbc8557ad0
2f92acbc-6fca-43fd-a7d4-afec1947df0b,pii_full_name_337240f93a44,Female,70,Bihar,Patna,Patna Branch,Checking,2cd7477e-5b06-4995-8fa0-b63dc2efe1f0,28-06-2025,04:46:31,2835.72,5c9f074d-da70-46ae-8d6b-8aeac251bd53,Bill Payment,Entertainment,47128.17,Mobile Banking App,"Patna, Bihar",Desktop,0,Clean,INR,+91997062XXXXXX,Movie tickets,pii_email_65fbc8557ad0
2f92acbc-6fca-43fd-a7d4-afec1947df0b,pii_full_name_337240f93a44,Female,70,Bihar,Patna,Patna Branch,Checking,dbec1f42-970b-4104-aaeb-a3b4d1c4b4bd,24-07-2025,11:17:28,995.43,d2241275-b97e-4ac2-995b-9fefdcf5dd0b,Debit,Health,48831.86,Virtual Card,"Patna, Bihar",Desktop,0,Clean,INR,+91997062XXXXXX,Utility bill,pii_email_65fbc8557ad0
2f92acbc-6fca-43fd-a7d4-afec1947df0b,pii_full_name_337240f93a44,Female,70,Bihar,Patna,Patna Branch,Checking,d8a31383-9fb0-428c-96d6-bdb37a2d68ec,26-08-2025,23:53:30,91218.04,06883d83-4613-4c0e-9e2d-501c09f48c82,Transfer,Restaurant,49385.39,UPI,"Patna, Bihar",Mobile,0,Clean,INR,+91997062XXXXXX,Online shopping,pii_email_65fbc8557ad0
2f92acbc-6fca-43fd-a7d4-afec1947df0b,pii_full_name_337240f93a44,Female,70,Bihar,Patna,Patna Branch,Checking,65c46269-d5ae-4e11-bef4-a645b102e44d,08-09-2025,01:10:47,54760.89,c6a09568-95bc-4a6b-bc5a-06695f00a760,Transfer,Entertainment,49013.0,ATM Booth Kiosk,"Patna, Bihar",POS,0,Clean,INR,+91997062XXXXXX,Online shopping,pii_email_65fbc8557ad0
2f92acbc-6fca-43fd-a7d4-afec1947df0b,pii_full_name_337240f93a44,Female,70,Bihar,Patna,Patna Branch,Checking,04898802-76e7-4c85-b199-f2f49edd57eb,17-09-2025,08:23:48,83376.74,35ed54d4-892f-4683-8f02-f0b64d66f5f0,Withdrawal,Groceries,40494.19,Internet Banking,"Patna, Bihar",ATM,0,Clean,INR,+91997062XXXXXX,Food delivery,pii_email_65fbc8557ad0
2f92acbc-6fca-43fd-a7d4-afec1947df0b,pii_full_name_337240f93a44,Female,70,Bihar,Patna,Patna Branch,Checking,a93f2de2-9fce-4a8e-bbcf-e161b768f28c,22-09-2025,23:58:27,93171.87,7b21f0f9-b80f-4b0f-8034-914e92501543,Withdrawal,Restaurant,40068.21,ATM Booth Kiosk,"Patna, Bihar",ATM,0,Clean,INR,+91997062XXXXXX,Online shopping,pii_email_65fbc8557ad0
2f92acbc-6fca-43fd-a7d4-afec1947df0b,pii_full_name_337240f93a44,Female,70,Bihar,Patna,Patna Branch,Checking,4b3c1152-f9b1-4ecc-92c4-e48ea411e284,31-10-2025,07:54:26,45189.31,7b22198a-943d-4eed-bea6-ced93878852b,Transfer,Groceries,48931.4,Magnetic Strip Card,"Patna, Bihar",Mobile,0,Clean,INR,+91997062XXXXXX,Gas bill,pii_email_65fbc8557ad0
2f92acbc-6fca-43fd-a7d4-afec1947df0b,pii_full_name_337240f93a44,Female,70,Bihar,Patna,Patna Branch,Checking,05b448c5-874b-4ade-908c-7031a1e000e5,08-11-2025,13:13:13,49216.98,7ac50a90-c416-4c65-90be-db5138e6b56b,Transfer,Groceries,45415.88,Phone Banking,"Patna, Bihar",ATM,0,Clean,INR,+91997062XXXXXX,Insurance premium,pii_email_65fbc8557ad0
2f92acbc-6fca-43fd-a7d4-afec1947df0b,pii_full_name_337240f93a44,Female,70,Bihar,Patna,Patna Branch,Checking,c04761f2-ba35-4ee2-bd47-657a681f81fb,26-11-2025,18:53:59,37719.4,6fb92470-43e3-44d5-ac89-0320f67eb45e,Debit,Restaurant,36296.27,QR Code Scanner,"Patna, Bihar",Mobile,0,Clean,INR,+91997062XXXXXX,Train ticket,pii_email_65fbc8557ad0
2f92acbc-6fca-43fd-a7d4-afec1947df0b,pii_full_name_337240f93a44,Female,70,Bihar,Patna,Patna Branch,Checking,7e6cd3e4-829e-4272-b2d3-5f83c3b60eae,30-12-2025,15:35:17,27157.04,5a475342-37db-492d-b645-6043bd6074ba,Withdrawal,Restaurant,44412.47,Debit/Credit Card,"Patna, Bihar",Desktop,0,Clean,INR,+91997062XXXXXX,Grocery delivery,pii_email_65fbc8557ad0
3268d19a-0d97-4022-b7e4-bf57a712b597,pii_full_name_c2036bcdee9a,Female,62,Rajasthan,Jodhpur,Jodhpur Branch,Business,d179696d-14ac-4509-b527-73c7357136f0,17-01-2025,09:27:56,19466.64,a6adbb81-e4e1-45ec-8935-5963f2b3e9d4,Transfer,Entertainment,48309.8,Video Banking,"Jodhpur, Rajasthan",Desktop,0,Clean,INR,+91945909XXXXXX,Gym membership,pii_email_f20952461799
3268d19a-0d97-4022-b7e4-bf57a712b597,pii_full_name_c2036bcdee9a,Female,62,Rajasthan,Jodhpur,Jodhpur Branch,Business,94e5eb0e-3755-4941-bc56-f3854f53606f,18-01-2025,02:51:37,59427.13,d3310287-c61e-4bd2-b142-9f9cf07883ce,Bill Payment,Entertainment,49688.76,POS Mobile Device,"Jodhpur, Rajasthan",POS,0,Clean,INR,+91945909XXXXXX,Bitcoin transaction,pii_email_f20952461799
3268d19a-0d97-4022-b7e4-bf57a712b597,pii_full_name_c2036bcdee9a,Female,62,Rajasthan,Jodhpur,Jodhpur Branch,Business,4dccce66-5240-4123-8862-06938c158f33,18-04-2025,22:39:52,83365.26,05df89d1-4536-4cd1-aad7-e1e38d7ce53a,Credit,Restaurant,61191.84,Virtual Card,"Jodhpur, Rajasthan",ATM,0,Clean,INR,+91945909XXXXXX,Gym membership,pii_email_f20952461799
3268d19a-0d97-4022-b7e4-bf57a712b597,pii_full_name_c2036bcdee9a,Female,62,Rajasthan,Jodhpur,Jodhpur Branch,Business,65bdb0f5-5a9e-40ba-b619-5bf5af5baa27,15-05-2025,11:33:09,73216.77,5a3f8d41-1d14-47f9-acfb-22d3fa401d77,Credit,Clothing,55631.47,Contactless Card,"Jodhpur, Rajasthan",Mobile,0,Clean,INR,+91945909XXXXXX,Food delivery,pii_email_f20952461799
3268d19a-0d97-4022-b7e4-bf57a712b597,pii_full_name_c2036bcdee9a,Female,62,Rajasthan,Jodhpur,Jodhpur Branch,Business,4113e656-417a-4ed9-b691-4bdbffa06537,28-05-2025,16:49:34,91383.05,fa1d983a-a76e-499e-983b-a24b39f4dc66,Withdrawal,Health,51242.59,Branch Counter,"Jodhpur, Rajasthan",POS,0,Clean,INR,+91945909XXXXXX,Gas bill,pii_email_f20952461799
3268d19a-0d97-4022-b7e4-bf57a712b597,pii_full_name_c2036bcdee9a,Female,62,Rajasthan,Jodhpur,Jodhpur Branch,Business,f5755cfa-d02d-4120-80b7-88301529f106,08-07-2025,12:29:33,82602.31,6ce96f41-3608-47fa-84e5-a387927018df,Credit,Entertainment,57948.99,Biometric ATM,"Jodhpur, Rajasthan",POS,0,Clean,INR,+91945909XXXXXX,Online shopping,pii_email_f20952461799
3268d19a-0d97-4022-b7e4-bf57a712b597,pii_full_name_c2036bcdee9a,Female,62,Rajasthan,Jodhpur,Jodhpur Branch,Business,b5289663-c09b-4ad4-ad4a-81d1cb4cc901,22-07-2025,04:48:53,13347.04,f07169e3-00b7-4cd5-9e19-7aa9699d393a,Debit,Entertainment,46363.13,Biometric ATM,"Jodhpur, Rajasthan",Desktop,0,Clean,INR,+91945909XXXXXX,Mobile recharge,pii_email_f20952461799
3268d19a-0d97-4022-b7e4-bf57a712b597,pii_full_name_c2036bcdee9a,Female,62,Rajasthan,Jodhpur,Jodhpur Branch,Business,461c458f-c08c-4a3a-983e-355e18ccb837,24-08-2025,17:09:06,8109.42,9a8acce5-21cd-47f0-b13c-b09bc27710dc,Withdrawal,Electronics,60380.9,Video Banking,"Jodhpur, Rajasthan",Desktop,0,Clean,INR,+91945909XXXXXX,Mobile recharge,pii_email_f20952461799
3268d19a-0d97-4022-b7e4-bf57a712b597,pii_full_name_c2036bcdee9a,Female,62,Rajasthan,Jodhpur,Jodhpur Branch,Business,16a4a8fe-772b-414b-a691-eca2c4200d00,02-10-2025,06:56:18,50936.78,066ea7c0-8dbb-487d-a097-473394e888c6,Bill Payment,Clothing,52855.31,Voice Assistant,"Jodhpur, Rajasthan",ATM,0,Clean,INR,+91945909XXXXXX,Food delivery,pii_email_f20952461799
3268d19a-0d97-4022-b7e4-bf57a712b597,pii_full_name_c2036bcdee9a,Female,62,Rajasthan,Jodhpur,Jodhpur Branch,Business,841861d0-38c2-46a1-b96a-8bf2faa93968,16-10-2025,14:13:52,211074.34,b504256e-4d4a-4204-b84b-1d451ae338a0,Transfer,Unknown Merchant,0.0,,"Jodhpur, Rajasthan",Desktop,1,APP Fraud,,,Emergency fund transfer,pii_email_f20952461799
3268d19a-0d97-4022-b7e4-bf57a712b597,pii_full_name_c2036bcdee9a,Female,62,Rajasthan,Jodhpur,Jodhpur Branch,Business,adbc361c-353a-453e-b5b8-6f8497141507,18-10-2025,16:01:25,296088.31,27bab57c-9c6c-4200-90a1-96f80e803112,Withdrawal,Tech Support,0.0,,"Jodhpur, Rajasthan",Desktop,1,APP Fraud,,,Urgent payment requested by bank,pii_email_f20952461799
3268d19a-0d97-4022-b7e4-bf57a712b597,pii_full_name_c2036bcdee9a,Female,62,Rajasthan,Jodhpur,Jodhpur Branch,Business,7e1ed5be-a599-44ae-a716-ad451828e8dc,19-10-2025,12:49:15,305768.92,b9fd7bb3-5472-4410-b59a-66b890b5d0ac,Credit,Investment Services,0.0,,"Jodhpur, Rajasthan",Desktop,1,APP Fraud,,,Invoice settlement - immediate action required,pii_email_f20952461799
3268d19a-0d97-4022-b7e4-bf57a712b597,pii_full_name_c2036bcdee9a,Female,62,Rajasthan,Jodhpur,Jodhpur Branch,Business,4e960007-0aa4-4f9f-ab86-e5a643ab59b9,20-10-2025,17:14:25,275222.59,13dde204-7179-45c0-925c-83cb75fb6e57,Credit,Unknown Merchant,0.0,,"Jodhpur, Rajasthan",Desktop,1,APP Fraud,,,Invoice settlement - immediate action required,pii_email_f20952461799
3268d19a-0d97-4022-b7e4-bf57a712b597,pii_full_name_c2036bcdee9a,Female,62,Rajasthan,Jodhpur,Jodhpur Branch,Business,30e93de0-de2d-42f4-958d-7050a541d27b,11-11-2025,06:01:20,58559.25,1049c591-7d03-47b9-976e-132b8ab08931,Debit,Electronics,45386.67,Contactless Card,"Jodhpur, Rajasthan",POS,0,Clean,INR,+91945909XXXXXX,Pharmacy bill,pii_email_f20952461799
3392cdfa-6233-4975-a6aa-44610665fae3,pii_full_name_95fd262d6101,Male,28,Chandigarh,Chandigarh,Chandigarh Branch,Savings,74316add-f1b1-4126-b140-79b2d017f720,13-01-2025,01:23:00,9941.9,4a46a5f1-8c9e-45cb-8edb-0720a017401c,Bill Payment,Restaurant,55159.08,Video Banking,"Chandigarh, Chandigarh",Mobile,0,Clean,INR,+91914632XXXXXX,Online shopping,pii_email_164d1d7b22ec
3392cdfa-6233-4975-a6aa-44610665fae3,pii_full_name_95fd262d6101,Male,28,Chandigarh,Chandigarh,Chandigarh Branch,Savings,6bf44409-a36e-47d0-a3dc-1528643d76b5,11-02-2025,03:19:27,76086.81,9b93a26d-3e91-4371-8d7c-9a0838217a4e,Credit,Groceries,97819.32,QR Code Scanner,"Chandigarh, Chandigarh",Desktop,0,Clean,INR,+91914632XXXXXX,Salary credit,pii_email_164d1d7b22ec
3392cdfa-6233-4975-a6aa-44610665fae3,pii_full_name_95fd262d6101,Male,28,Chandigarh,Chandigarh,Chandigarh Branch,Savings,1b324b7b-0a2d-473e-be23-51d299302c03,12-02-2025,16:03:28,91065.68,0e08243f-cf58-4981-bd8d-285b1be3b6e2,Debit,Electronics,57978.67,Debit/Credit Card,"Chandigarh, Chandigarh",POS,0,Clean,INR,+91914632XXXXXX,EMI payment,pii_email_164d1d7b22ec
3392cdfa-6233-4975-a6aa-44610665fae3,pii_full_name_95fd262d6101,Male,28,Chandigarh,Chandigarh,Chandigarh Branch,Savings,60bf614b-8ee1-4f25-9733-727849e55579,13-02-2025,01:34:13,70127.34,bfa6cced-78e7-4b16-91b5-d7813781e588,Withdrawal,Restaurant,39630.55,Digital Wallet,"Chandigarh, Chandigarh",Mobile,0,Clean,INR,+91914632XXXXXX,Bitcoin transaction,pii_email_164d1d7b22ec
3392cdfa-6233-4975-a6aa-44610665fae3,pii_full_name_95fd262d6101,Male,28,Chandigarh,Chandigarh,Chandigarh Branch,Savings,f4ecc8f5-583e-4208-9a89-901df7c44d29,08-03-2025,13:29:09,36132.05,3ac0b896-bc08-4c12-b9b8-7d38e0b61e47,Withdrawal,Health,84594.19,UPI,"Chandigarh, Chandigarh",ATM,0,Clean,INR,+91914632XXXXXX,Pharmacy bill,pii_email_164d1d7b22ec
3392cdfa-6233-4975-a6aa-44610665fae3,pii_full_name_95fd262d6101,Male,28,Chandigarh,Chandigarh,Chandigarh Branch,Savings,50d85336-2ffb-450c-8514-b06d37aeb5fd,27-03-2025,05:46:06,64932.38,393a850d-3240-48d6-aea3-1ae6e77f1aa7,Debit,Restaurant,77937.91,Magnetic Strip Card,"Chandigarh, Chandigarh",Mobile,0,Clean,INR,+91914632XXXXXX,Food delivery,pii_email_164d1d7b22ec
3392cdfa-6233-4975-a6aa-44610665fae3,pii_full_name_95fd262d6101,Male,28,Chandigarh,Chandigarh,Chandigarh Branch,Savings,cad0c1d7-7e67-4d69-a1b3-53e0a69dd363,29-03-2025,22:24:46,71720.31,1894e3b2-87dc-4e95-96c9-d0003a624d04,Bill Payment,Restaurant,77422.15,Chip Card,"Chandigarh, Chandigarh",POS,0,Clean,INR,+91914632XXXXXX,Food delivery,pii_email_164d1d7b22ec
3392cdfa-6233-4975-a6aa-44610665fae3,pii_full_name_95fd262d6101,Male,28,Chandigarh,Chandigarh,Chandigarh Branch,Savings,13c3b950-baf2-4e00-8e4c-1ee5e67b4691,17-04-2025,08:40:59,70089.9,08fba637-868f-427b-a3d9-76567efd53fc,Transfer,Groceries,84431.15,Video Banking,"Chandigarh, Chandigarh",Desktop,0,Clean,INR,+91914632XXXXXX,Cash withdrawal,pii_email_164d1d7b22ec
3392cdfa-6233-4975-a6aa-44610665fae3,pii_full_name_95fd262d6101,Male,28,Chandigarh,Chandigarh,Chandigarh Branch,Savings,f63298be-7000-47b0-a04e-f9e2369069b2,29-04-2025,12:07:46,40372.25,934f6a76-bf08-4cd1-9ca3-4213c3b5f516,Transfer,Restaurant,88207.39,Biometric ATM,"Chandigarh, Chandigarh",Desktop,0,Clean,INR,+91914632XXXXXX,Cash withdrawal,pii_email_164d1d7b22ec
3392cdfa-6233-4975-a6aa-44610665fae3,pii_full_name_95fd262d6101,Male,28,Chandigarh,Chandigarh,Chandigarh Branch,Savings,38684d48-e574-4a83-91ae-9496cfc0d027,04-06-2025,23:09:39,97857.98,df451afa-a22b-4ea9-9139-b5455328ccc5,Bill Payment,Health,90210.64,Mobile Banking App,"Chandigarh, Chandigarh",Mobile,1,Clean,INR,+91914632XXXXXX,Jewelry purchase,pii_email_164d1d7b22ec
3392cdfa-6233-4975-a6aa-44610665fae3,pii_full_name_95fd262d6101,Male,28,Chandigarh,Chandigarh,Chandigarh Branch,Savings,c449353b-d2fb-4661-84d3-24f8fb133968,10-06-2025,04:41:24,85158.04,17de4a1f-1ccf-44bb-a399-ab727e6d148f,Debit,Electronics,46643.28,POS Mobile Device,"Chandigarh, Chandigarh",Mobile,1,Clean,INR,+91914632XXXXXX,Movie tickets,pii_email_164d1d7b22ec
3392cdfa-6233-4975-a6aa-44610665fae3,pii_full_name_95fd262d6101,Male,28,Chandigarh,Chandigarh,Chandigarh Branch,Savings,5f734835-5355-481c-b8d9-606ad9871ef9,08-08-2025,13:09:03,18253.99,08f4f8b6-251d-4970-a1e2-dac8f4f9716e,Debit,Clothing,56153.27,Chip Card,"Chandigarh, Chandigarh",ATM,0,Clean,INR,+91914632XXXXXX,Jewelry purchase,pii_email_164d1d7b22ec
3392cdfa-6233-4975-a6aa-44610665fae3,pii_full_name_95fd262d6101,Male,28,Chandigarh,Chandigarh,Chandigarh Branch,Savings,04b1603c-95e4-4ffa-8c59-c96e5857679f,14-08-2025,18:51:05,54114.35,96eba041-269d-4b6f-ab91-5fd586f3af8b,Debit,Health,83400.96,Video Banking,"Chandigarh, Chandigarh",ATM,0,Clean,INR,+91914632XXXXXX,Gas bill,pii_email_164d1d7b22ec
3392cdfa-6233-4975-a6aa-44610665fae3,pii_full_name_95fd262d6101,Male,28,Chandigarh,Chandigarh,Chandigarh Branch,Savings,450d1906-3a90-4daf-bf39-1d8f78b08048,26-08-2025,11:37:19,82095.1,a03281d9-c8d2-4ef4-b21d-9b354915ca58,Transfer,Health,99996.44,Self-service Banking Machine,"Chandigarh, Chandigarh",Desktop,1,Clean,INR,+91914632XXXXXX,Online shopping,pii_email_164d1d7b22ec
3392cdfa-6233-4975-a6aa-44610665fae3,pii_full_name_95fd262d6101,Male,28,Chandigarh,Chandigarh,Chandigarh Branch,Savings,41b03cc7-dcac-43d5-b614-44cc2cc3948b,20-09-2025,05:55:21,28470.77,1d9072de-af0e-497b-a031-52030e3f9608,Withdrawal,Entertainment,75090.83,Self-service Banking Machine,"Chandigarh, Chandigarh",Mobile,0,Clean,INR,+91914632XXXXXX,Bitcoin transaction,pii_email_164d1d7b22ec
3392cdfa-6233-4975-a6aa-44610665fae3,pii_full_name_95fd262d6101,Male,28,Chandigarh,Chandigarh,Chandigarh Branch,Savings,90290f2c-a1d5-4604-a29f-7a9b0d24e91e,21-09-2025,09:08:59,7692.1,e044560b-5e41-4205-9598-98ecc31bf228,Credit,Entertainment,84170.17,Mobile Banking App,"Chandigarh, Chandigarh",Mobile,0,Clean,INR,+91914632XXXXXX,Flight ticket,pii_email_164d1d7b22ec
3392cdfa-6233-4975-a6aa-44610665fae3,pii_full_name_95fd262d6101,Male,28,Chandigarh,Chandigarh,Chandigarh Branch,Savings,a161ed1e-9cf1-4e61-8690-b17e64c7fd2b,22-09-2025,21:01:15,80055.89,6cd952cf-3916-4f34-af95-e677120db72a,Bill Payment,Health,67085.24,ATM,"Chandigarh, Chandigarh",POS,0,Clean,INR,+91914632XXXXXX,Online shopping,pii_email_164d1d7b22ec
3392cdfa-6233-4975-a6aa-44610665fae3,pii_full_name_95fd262d6101,Male,28,Chandigarh,Chandigarh,Chandigarh Branch,Savings,f2a09595-0167-4c1e-b3b3-f418939a0884,29-11-2025,08:20:40,38811.19,ce37ebc9-4604-4394-9785-b93e45f6ddbc,Credit,Entertainment,99996.44,Magnetic Strip Card,"Chandigarh, Chandigarh",Desktop,0,Clean,INR,+91914632XXXXXX,EMI payment,pii_email_164d1d7b22ec
3392cdfa-6233-4975-a6aa-44610665fae3,pii_full_name_95fd262d6101,Male,28,Chandigarh,Chandigarh,Chandigarh Branch,Savings,8952c017-395a-4c26-8a0f-6a28bc6313eb,17-12-2025,17:00:16,90069.31,4ff13305-dca6-4442-b282-85ad94374ffb,Withdrawal,Entertainment,88812.39,Digital Wallet,"Chandigarh, Chandigarh",POS,0,Clean,INR,+91914632XXXXXX,Online shopping,pii_email_164d1d7b22ec
34ab9c19-15e4-4bfc-93a1-4d220a9e321f,pii_full_name_ee4651c6927c,Male,47,Bihar,Patna,Patna Branch,Savings,79b592c6-fe4b-4df9-9394-66be3e8dab49,10-01-2025,02:57:20,40155.15,ea64e392-6045-43c6-a0b1-c567241c6cec,Credit,Restaurant,82976.72,POS Mobile Device,"Patna, Bihar",POS,0,Clean,INR,+91992745XXXXXX,Train ticket,pii_email_721c83493d2e
34ab9c19-15e4-4bfc-93a1-4d220a9e321f,pii_full_name_ee4651c6927c,Male,47,Bihar,Patna,Patna Branch,Savings,60050b73-5f6b-435b-ac4f-1bcf4c3b58a7,12-01-2025,16:36:45,45920.15,b44c2408-0230-44ee-a36a-3ebb00e76ad5,Transfer,Entertainment,50785.2,POS Mobile App,"Patna, Bihar",Mobile,0,Clean,INR,+91992745XXXXXX,Mobile recharge,pii_email_721c83493d2e
34ab9c19-15e4-4bfc-93a1-4d220a9e321f,pii_full_name_ee4651c6927c,Male,47,Bihar,Patna,Patna Branch,Savings,ed52ae5b-da14-4359-922c-b5c4f84e2364,22-01-2025,04:07:47,87503.79,ef6e6fa3-e7b3-4602-a689-e5ae26eda560,Transfer,Groceries,47981.58,Magnetic Strip Card,"Patna, Bihar",Desktop,0,Clean,INR,+91992745XXXXXX,Restaurant dining,pii_email_721c83493d2e
34ab9c19-15e4-4bfc-93a1-4d220a9e321f,pii_full_name_ee4651c6927c,Male,47,Bihar,Patna,Patna Branch,Savings,482f59ff-014c-487d-8b61-95b33ea59ded,26-02-2025,01:22:57,92392.61,6c3ed053-63c8-426f-9267-18c59b81f558,Credit,Clothing,74438.66,Phone Banking,"Patna, Bihar",Mobile,0,Clean,INR,+91992745XXXXXX,Utility bill,pii_email_721c83493d2e
34ab9c19-15e4-4bfc-93a1-4d220a9e321f,pii_full_name_ee4651c6927c,Male,47,Bihar,Patna,Patna Branch,Savings,ed7eeb25-e0c5-4541-ab85-4fcb3258e360,07-03-2025,04:28:32,10625.27,19590b52-f89c-4cb3-8804-cafe20a11c86,Bill Payment,Entertainment,74592.08,Chip Card,"Patna, Bihar",ATM,0,Clean,INR,+91992745XXXXXX,Flight ticket,pii_email_721c83493d2e
34ab9c19-15e4-4bfc-93a1-4d220a9e321f,pii_full_name_ee4651c6927c,Male,47,Bihar,Patna,Patna Branch,Savings,6c416cd1-3b58-4931-893f-b887e4bf16aa,18-03-2025,15:17:16,61758.94,906df909-7ead-4434-8aa7-3b1902dfeaa7,Transfer,Electronics,56961.09,Biometric ATM,"Patna, Bihar",ATM,0,Clean,INR,+91992745XXXXXX,Train ticket,pii_email_721c83493d2e
34ab9c19-15e4-4bfc-93a1-4d220a9e321f,pii_full_name_ee4651c6927c,Male,47,Bihar,Patna,Patna Branch,Savings,ba605cec-3924-40e8-a8af-ba4fec14831a,19-04-2025,09:01:39,22273.71,313f71cb-ac53-4468-a617-39a0d68bc0a7,Withdrawal,Clothing,80749.34,Internet Banking,"Patna, Bihar",POS,0,Clean,INR,+91992745XXXXXX,Electricity bill,pii_email_721c83493d2e
34ab9c19-15e4-4bfc-93a1-4d220a9e321f,pii_full_name_ee4651c6927c,Male,47,Bihar,Patna,Patna Branch,Savings,5b1597ef-a713-429a-94a0-fc8c0611a9b6,24-04-2025,00:10:54,6132.33,2e8ed46e-4352-475c-98ba-89d8b3fe5d4d,Transfer,Electronics,78961.2,Video Banking,"Patna, Bihar",Mobile,0,Clean,INR,+91992745XXXXXX,Cash withdrawal,pii_email_721c83493d2e
34ab9c19-15e4-4bfc-93a1-4d220a9e321f,pii_full_name_ee4651c6927c,Male,47,Bihar,Patna,Patna Branch,Savings,e9bb1ec5-53bd-40c0-9d4a-60ce07f9fa2f,08-06-2025,11:20:29,37558.85,0395ee38-e980-4267-aa86-0d7b4d04e52d,Credit,Entertainment,78347.97,Virtual Card,"Patna, Bihar",Desktop,0,Clean,INR,+91992745XXXXXX,Bitcoin transaction,pii_email_721c83493d2e
34ab9c19-15e4-4bfc-93a1-4d220a9e321f,pii_full_name_ee4651c6927c,Male,47,Bihar,Patna,Patna Branch,Savings,b89363c0-6b17-4083-83f8-cf56c2c19bd0,03-08-2025,22:21:25,46570.46,7f73ce96-1204-407d-bf21-03731b8e8d76,Debit,Restaurant,75654.61,Video Banking,"Patna, Bihar",Desktop,0,Clean,INR,+91992745XXXXXX,Gym membership,pii_email_721c83493d2e
34ab9c19-15e4-4bfc-93a1-4d220a9e321f,pii_full_name_ee4651c6927c,Male,47,Bihar,Patna,Patna Branch,Savings,988e6cf3-62e0-478c-9ceb-222caeea658c,26-08-2025,06:51:15,49836.71,6f4296a9-1ba5-479f-8e0d-ebe97172786e,Withdrawal,Health,44113.08,QR Code Scanner,"Patna, Bihar",ATM,0,Clean,INR,+91992745XXXXXX,Taxi fare,pii_email_721c83493d2e
34ab9c19-15e4-4bfc-93a1-4d220a9e321f,pii_full_name_ee4651c6927c,Male,47,Bihar,Patna,Patna Branch,Savings,2e77516b-1019-482d-a683-5dfa9a88a770,11-09-2025,04:48:38,20801.07,76580dd5-f4d2-422f-a07d-af063a797340,Transfer,Electronics,46193.18,Video Banking,"Patna, Bihar",ATM,0,Clean,INR,+91992745XXXXXX,Train ticket,pii_email_721c83493d2e
34ab9c19-15e4-4bfc-93a1-4d220a9e321f,pii_full_name_ee4651c6927c,Male,47,Bihar,Patna,Patna Branch,Savings,bf3fcdd9-4b5e-4819-979c-c023f29c06f3,12-09-2025,08:38:47,58729.99,6b4b8dab-9585-449e-bcc2-4aac91d824db,Transfer,Health,80311.66,Digital Wallet,"Patna, Bihar",Mobile,1,Clean,INR,+91992745XXXXXX,Gym membership,pii_email_721c83493d2e
34ab9c19-15e4-4bfc-93a1-4d220a9e321f,pii_full_name_ee4651c6927c,Male,47,Bihar,Patna,Patna Branch,Savings,0ee0280a-bded-40ed-954f-67e3363b7ea8,22-09-2025,17:44:57,11151.72,4414c326-29f1-40c5-814a-3834ae92dcd2,Credit,Entertainment,49096.75,Self-service Banking Machine,"Patna, Bihar",Desktop,0,Clean,INR,+91992745XXXXXX,Train ticket,pii_email_721c83493d2e
34ab9c19-15e4-4bfc-93a1-4d220a9e321f,pii_full_name_ee4651c6927c,Male,47,Bihar,Patna,Patna Branch,Savings,3aedc8bc-4183-42b3-908c-0b3f6bdf80e2,26-09-2025,11:46:38,82383.04,75ec13d7-7a80-4605-aa20-273b20fdeb54,Credit,Electronics,65199.4,Digital Wallet,"Patna, Bihar",Mobile,0,Clean,INR,+91992745XXXXXX,Grocery delivery,pii_email_721c83493d2e
37af5334-7dc4-4222-8978-c773c8f4c5c0,pii_full_name_a0ca90d80998,Male,52,Karnataka,Mysore,Mysore Branch,Savings,b8dcf588-8be6-435c-9299-31ac4ec0e7a7,15-01-2025,17:47:31,53789.69,09997ea9-9254-4c57-ad6c-d27eb3d770c8,Transfer,Electronics,65790.53,Self-service Banking Machine,"Mysore, Karnataka",ATM,0,Clean,INR,+91954811XXXXXX,Salary credit,pii_email_f3bd5371eeb5
37af5334-7dc4-4222-8978-c773c8f4c5c0,pii_full_name_a0ca90d80998,Male,52,Karnataka,Mysore,Mysore Branch,Savings,e954e5b5-48f9-4707-8b5b-0f216f50a1f1,16-01-2025,00:47:01,40545.04,dd749fce-cc44-43ae-a6a8-f6a48dcb23c2,Debit,Restaurant,55568.66,POS Mobile Device,"Mysore, Karnataka",Desktop,0,Clean,INR,+91954811XXXXXX,EMI payment,pii_email_f3bd5371eeb5
37af5334-7dc4-4222-8978-c773c8f4c5c0,pii_full_name_a0ca90d80998,Male,52,Karnataka,Mysore,Mysore Branch,Savings,99ec2fcb-b7fa-4ff5-a24c-3e402eb24aa8,25-02-2025,22:16:15,9639.14,601d2942-da15-4df7-b6b6-0b3bd5a994b3,Bill Payment,Electronics,60411.57,Digital Wallet,"Mysore, Karnataka",Desktop,0,Clean,INR,+91954811XXXXXX,Movie tickets,pii_email_f3bd5371eeb5
37af5334-7dc4-4222-8978-c773c8f4c5c0,pii_full_name_a0ca90d80998,Male,52,Karnataka,Mysore,Mysore Branch,Savings,e4383cc7-0d0f-4507-93da-86a6e15f9d0a,28-02-2025,01:14:38,74256.16,37c68160-0cca-4944-a4fc-0f1a4f960de2,Debit,Electronics,32043.14,Phone Banking,"Mysore, Karnataka",Mobile,0,Clean,INR,+91954811XXXXXX,Food delivery,pii_email_f3bd5371eeb5
37af5334-7dc4-4222-8978-c773c8f4c5c0,pii_full_name_a0ca90d80998,Male,52,Karnataka,Mysore,Mysore Branch,Savings,f27562da-d210-456b-b71b-eb1a7de0b1da,09-03-2025,21:33:27,46573.91,0f9081ba-511d-44e0-938d-ce4c87e6843f,Bill Payment,Groceries,54261.85,Branch Counter,"Mysore, Karnataka",ATM,0,Clean,INR,+91954811XXXXXX,Online shopping,pii_email_f3bd5371eeb5
37af5334-7dc4-4222-8978-c773c8f4c5c0,pii_full_name_a0ca90d80998,Male,52,Karnataka,Mysore,Mysore Branch,Savings,3275c1c0-96bd-4f22-994a-465230b7e748,27-03-2025,15:50:14,98148.61,5b585e34-a2ff-483e-b2d0-1930b0da0d14,Credit,Clothing,65383.52,ATM,"Mysore, Karnataka",POS,0,Clean,INR,+91954811XXXXXX,Bus ticket,pii_email_f3bd5371eeb5
37af5334-7dc4-4222-8978-c773c8f4c5c0,pii_full_name_a0ca90d80998,Male,52,Karnataka,Mysore,Mysore Branch,Savings,335fcb4a-ec88-4944-b7d3-7afd7a8ce9ef,13-04-2025,08:36:13,33199.03,44dab847-4e42-4d2a-a811-58a1067ee09e,Transfer,Health,67043.3,Video Banking,"Mysore, Karnataka",Desktop,0,Clean,INR,+91954811XXXXXX,Hotel booking,pii_email_f3bd5371eeb5
37af5334-7dc4-4222-8978-c773c8f4c5c0,pii_full_name_a0ca90d80998,Male,52,Karnataka,Mysore,Mysore Branch,Savings,a13ee6f5-83c3-424c-9fe5-37fada97148e,21-04-2025,00:40:47,88439.82,b570ed11-0b54-4c5d-be59-f2e087b848e7,Debit,Restaurant,56946.55,Chip Card,"Mysore, Karnataka",POS,0,Clean,INR,+91954811XXXXXX,Insurance premium,pii_email_f3bd5371eeb5
37af5334-7dc4-4222-8978-c773c8f4c5c0,pii_full_name_a0ca90d80998,Male,52,Karnataka,Mysore,Mysore Branch,Savings,b79e909e-d089-4d8e-95b4-21160ee0bc1d,08-05-2025,22:50:56,49887.12,2254c175-53a5-4e6b-a91c-8c79769b9407,Withdrawal,Groceries,60394.81,Debit/Credit Card,"Mysore, Karnataka",POS,0,Clean,INR,+91954811XXXXXX,EMI payment,pii_email_f3bd5371eeb5
37af5334-7dc4-4222-8978-c773c8f4c5c0,pii_full_name_a0ca90d80998,Male,52,Karnataka,Mysore,Mysore Branch,Savings,f87b9089-98ff-4b47-9c0c-4d5487bcbd8c,29-05-2025,13:01:07,33285.88,de22cc8f-251e-4613-97ee-42c7414ccd4e,Transfer,Electronics,63723.4,Mobile Banking App,"Mysore, Karnataka",Mobile,0,Clean,INR,+91954811XXXXXX,Taxi fare,pii_email_f3bd5371eeb5
37af5334-7dc4-4222-8978-c773c8f4c5c0,pii_full_name_a0ca90d80998,Male,52,Karnataka,Mysore,Mysore Branch,Savings,ceef3e72-fa3b-497a-aa18-d4717324c301,13-06-2025,08:46:13,14767.44,69e5744e-e899-436f-89b8-ba849d9f599b,Bill Payment,Groceries,61375.48,Branch Counter,"Mysore, Karnataka",Mobile,0,Clean,INR,+91954811XXXXXX,Salary credit,pii_email_f3bd5371eeb5
37af5334-7dc4-4222-8978-c773c8f4c5c0,pii_full_name_a0ca90d80998,Male,52,Karnataka,Mysore,Mysore Branch,Savings,9abc95e6-42c1-417b-9da0-44b92ad6a1da,13-07-2025,12:22:24,41438.38,8501e604-6982-478d-8044-62d7561a74ba,Withdrawal,Clothing,62899.46,Virtual Card,"Mysore, Karnataka",ATM,0,Clean,INR,+91954811XXXXXX,Grocery delivery,pii_email_f3bd5371eeb5
37af5334-7dc4-4222-8978-c773c8f4c5c0,pii_full_name_a0ca90d80998,Male,52,Karnataka,Mysore,Mysore Branch,Savings,dffb9eca-e1c8-4c4e-b909-3050ce05b536,31-07-2025,10:57:09,74910.35,36f299f8-31fc-42a2-a624-c5790053c50d,Withdrawal,Health,46770.81,Biometric ATM,"Mysore, Karnataka",ATM,0,Clean,INR,+91954811XXXXXX,Taxi fare,pii_email_f3bd5371eeb5
37af5334-7dc4-4222-8978-c773c8f4c5c0,pii_full_name_a0ca90d80998,Male,52,Karnataka,Mysore,Mysore Branch,Savings,426e0e31-8311-4723-a625-4872fc9e03ba,02-08-2025,04:47:39,70698.49,df43452f-4d80-4646-aa12-a900a1162cde,Credit,Health,69969.31,Magnetic Strip Card,"Mysore, Karnataka",POS,0,Clean,INR,+91954811XXXXXX,Gas bill,pii_email_f3bd5371eeb5
37af5334-7dc4-4222-8978-c773c8f4c5c0,pii_full_name_a0ca90d80998,Male,52,Karnataka,Mysore,Mysore Branch,Savings,a6905195-6b63-4b80-8ede-28d8e7d0f4b4,28-08-2025,12:13:16,19726.85,c19c4990-9424-4ee6-b1f2-81c8931563c7,Transfer,Clothing,58919.24,Branch Counter,"Mysore, Karnataka",POS,0,Clean,INR,+91954811XXXXXX,Cash withdrawal,pii_email_f3bd5371eeb5
37af5334-7dc4-4222-8978-c773c8f4c5c0,pii_full_name_a0ca90d80998,Male,52,Karnataka,Mysore,Mysore Branch,Savings,8f8b1634-9d94-4797-ab33-5adcdbb84daf,07-10-2025,05:27:27,73020.55,1109866d-e0b0-43fa-b85c-76839b5dd4ce,Bill Payment,Restaurant,39468.76,Video Banking,"Mysore, Karnataka",Mobile,0,Clean,INR,+91954811XXXXXX,Utility bill,pii_email_f3bd5371eeb5
37af5334-7dc4-4222-8978-c773c8f4c5c0,pii_full_name_a0ca90d80998,Male,52,Karnataka,Mysore,Mysore Branch,Savings,0ffc0d7b-5164-4b58-af2d-1c9c20aa665c,22-10-2025,22:31:35,17845.04,b2c42318-c264-453b-a3b9-02ab4772bab6,Debit,Clothing,29747.53,Contactless Card,"Mysore, Karnataka",Desktop,0,Clean,INR,+91954811XXXXXX,Pharmacy bill,pii_email_f3bd5371eeb5
37af5334-7dc4-4222-8978-c773c8f4c5c0,pii_full_name_a0ca90d80998,Male,52,Karnataka,Mysore,Mysore Branch,Savings,ea9edc80-0dba-4404-9516-dd11684df44a,30-11-2025,23:17:26,71170.89,44996fa1-3529-453d-af4f-fd82cf1cca0f,Withdrawal,Restaurant,62852.22,Mobile Banking App,"Mysore, Karnataka",ATM,1,Clean,INR,+91954811XXXXXX,Pharmacy bill,pii_email_f3bd5371eeb5
37af5334-7dc4-4222-8978-c773c8f4c5c0,pii_full_name_a0ca90d80998,Male,52,Karnataka,Mysore,Mysore Branch,Savings,d39bf374-5e08-4861-9021-862f6dde4945,14-12-2025,21:38:16,86158.57,7173b217-81e6-449a-baf5-5a57ad05b694,Bill Payment,Health,23427.28,Contactless Card,"Mysore, Karnataka",Mobile,0,Clean,INR,+91954811XXXXXX,Restaurant dining,pii_email_f3bd5371eeb5
37af5334-7dc4-4222-8978-c773c8f4c5c0,pii_full_name_a0ca90d80998,Male,52,Karnataka,Mysore,Mysore Branch,Savings,4c365012-2660-413e-bb0b-9a7ebfb97fad,16-12-2025,16:41:46,81047.46,c5065830-8acf-4d80-bcfb-64a0a924cf84,Transfer,Groceries,31532.03,Video Banking,"Mysore, Karnataka",Desktop,0,Clean,INR,+91954811XXXXXX,Debt repayment,pii_email_f3bd5371eeb5
3ac24712-b7cf-4c48-9901-6a093b0c91ce,pii_full_name_5217b2503d81,Male,53,Uttar Pradesh,Varanasi,Varanasi Branch,Savings,2d660306-d11f-4241-b7e6-0b011458c5ff,18-01-2025,02:44:18,4731.86,f9167e10-1743-4e28-aeb6-8ff679132fc7,Transfer,Entertainment,52340.04,POS Mobile Device,"Varanasi, Uttar Pradesh",Desktop,0,Clean,INR,+91998869XXXXXX,Food delivery,pii_email_c999a532a451
3ac24712-b7cf-4c48-9901-6a093b0c91ce,pii_full_name_5217b2503d81,Male,53,Uttar Pradesh,Varanasi,Varanasi Branch,Savings,6c35afa8-ed91-4bde-9db1-408580d328a9,22-02-2025,19:50:39,10291.25,b5626a3d-a365-4f72-9650-6de257f60df3,Bill Payment,Electronics,55689.83,Chip Card,"Varanasi, Uttar Pradesh",ATM,1,Clean,INR,+91998869XXXXXX,Salary credit,pii_email_c999a532a451
3ac24712-b7cf-4c48-9901-6a093b0c91ce,pii_full_name_5217b2503d81,Male,53,Uttar Pradesh,Varanasi,Varanasi Branch,Savings,5dd06512-61a6-49d2-b963-2517eb331578,12-03-2025,23:11:59,19496.29,530ae571-7e4c-4387-bd09-4a145488120e,Debit,Restaurant,56718.95,Self-service Banking Machine,"Varanasi, Uttar Pradesh",ATM,0,Clean,INR,+91998869XXXXXX,Utility bill,pii_email_c999a532a451
3ac24712-b7cf-4c48-9901-6a093b0c91ce,pii_full_name_5217b2503d81,Male,53,Uttar Pradesh,Varanasi,Varanasi Branch,Savings,59b2b255-297a-49b7-be09-8f3c4db155b1,23-04-2025,03:50:24,23113.31,6e5e791a-91a5-479c-afe2-3d2daafbc9ea,Withdrawal,Entertainment,53699.94,POS Mobile Device,"Varanasi, Uttar Pradesh",Desktop,1,Clean,INR,+91998869XXXXXX,Online shopping,pii_email_c999a532a451
3ac24712-b7cf-4c48-9901-6a093b0c91ce,pii_full_name_5217b2503d81,Male,53,Uttar Pradesh,Varanasi,Varanasi Branch,Savings,45b639be-a9d8-4616-b68a-d606b5c83dc2,09-05-2025,20:22:56,98770.95,583d452d-f201-4a1e-9b7c-48fe2ee23a66,Credit,Clothing,54857.37,Phone Banking,"Varanasi, Uttar Pradesh",ATM,0,Clean,INR,+91998869XXXXXX,Online shopping,pii_email_c999a532a451
3ac24712-b7cf-4c48-9901-6a093b0c91ce,pii_full_name_5217b2503d81,Male,53,Uttar Pradesh,Varanasi,Varanasi Branch,Savings,a3ca8a2c-2478-4480-aaeb-385c812fd2b4,03-06-2025,20:13:15,85199.08,f7a49a58-6cfc-4aa0-bdd7-c7a07a1b8d93,Transfer,Health,58668.58,Digital Wallet,"Varanasi, Uttar Pradesh",Mobile,0,Clean,INR,+91998869XXXXXX,Pharmacy bill,pii_email_c999a532a451
3ac24712-b7cf-4c48-9901-6a093b0c91ce,pii_full_name_5217b2503d81,Male,53,Uttar Pradesh,Varanasi,Varanasi Branch,Savings,ead03cc9-5a6b-4775-b7f8-b2498ee9dedf,05-06-2025,18:37:41,39217.41,c225b778-e8e3-4136-9494-2066a59c3778,Debit,Groceries,47905.07,Voice Assistant,"Varanasi, Uttar Pradesh",POS,0,Clean,INR,+91998869XXXXXX,Movie tickets,pii_email_c999a532a451
3ac24712-b7cf-4c48-9901-6a093b0c91ce,pii_full_name_5217b2503d81,Male,53,Uttar Pradesh,Varanasi,Varanasi Branch,Savings,28d9de8a-972b-42e8-9918-5cd430f32901,08-06-2025,03:12:40,78754.72,5041aa87-d5c2-4d2a-9682-35e3a6adf2a2,Withdrawal,Restaurant,50148.68,UPI,"Varanasi, Uttar Pradesh",POS,0,Clean,INR,+91998869XXXXXX,Flight ticket,pii_email_c999a532a451
3ac24712-b7cf-4c48-9901-6a093b0c91ce,pii_full_name_5217b2503d81,Male,53,Uttar Pradesh,Varanasi,Varanasi Branch,Savings,715a9b67-d14e-4968-a448-c6dacb6e2ad0,22-06-2025,18:33:05,46905.02,b13fa256-6f22-4b36-ab92-5fc6239732ca,Debit,Restaurant,50999.33,Branch Counter,"Varanasi, Uttar Pradesh",POS,0,Clean,INR,+91998869XXXXXX,Salary credit,pii_email_c999a532a451
3ac24712-b7cf-4c48-9901-6a093b0c91ce,pii_full_name_5217b2503d81,Male,53,Uttar Pradesh,Varanasi,Varanasi Branch,Savings,8927030e-a2ff-4ccb-ad6f-8490e8241c47,29-06-2025,15:34:37,57687.87,cf10f7b3-61c5-495f-8dd4-dcb6472f1f2f,Credit,Entertainment,56768.11,ATM Booth Kiosk,"Varanasi, Uttar Pradesh",Desktop,0,Clean,INR,+91998869XXXXXX,Cash withdrawal,pii_email_c999a532a451
3ac24712-b7cf-4c48-9901-6a093b0c91ce,pii_full_name_5217b2503d81,Male,53,Uttar Pradesh,Varanasi,Varanasi Branch,Savings,770aea68-48fa-4ba8-b05a-363f9ad33624,11-08-2025,18:17:48,54796.07,f46be8b8-d515-4d1e-af43-15b4b2f2fab0,Withdrawal,Restaurant,48220.33,ATM Booth Kiosk,"Varanasi, Uttar Pradesh",Desktop,0,Clean,INR,+91998869XXXXXX,Movie tickets,pii_email_c999a532a451
3ac24712-b7cf-4c48-9901-6a093b0c91ce,pii_full_name_5217b2503d81,Male,53,Uttar Pradesh,Varanasi,Varanasi Branch,Savings,96d252d0-17e2-4fde-9ecd-413ba4375c75,16-08-2025,22:08:09,29248.01,c8353369-a833-46c2-9af2-c39e8ba60a19,Bill Payment,Electronics,44980.27,ATM,"Varanasi, Uttar Pradesh",Mobile,0,Clean,INR,+91998869XXXXXX,EMI payment,pii_email_c999a532a451
3ac24712-b7cf-4c48-9901-6a093b0c91ce,pii_full_name_5217b2503d81,Male,53,Uttar Pradesh,Varanasi,Varanasi Branch,Savings,2fc8ad48-5e52-446b-830d-50c2729368dc,21-08-2025,16:01:15,41964.26,89bc8848-de7a-45f4-a68a-8e6e30cb9d6a,Bill Payment,Health,48988.24,UPI,"Varanasi, Uttar Pradesh",ATM,0,Clean,INR,+91998869XXXXXX,Train ticket,pii_email_c999a532a451
3ac24712-b7cf-4c48-9901-6a093b0c91ce,pii_full_name_5217b2503d81,Male,53,Uttar Pradesh,Varanasi,Varanasi Branch,Savings,15173ddb-db79-415b-aabf-5e76f74dc088,28-08-2025,01:57:47,33208.01,cd809e06-fc35-4ae7-9c40-5ed36a4efcea,Credit,Entertainment,56011.27,UPI,"Varanasi, Uttar Pradesh",POS,0,Clean,INR,+91998869XXXXXX,Online shopping,pii_email_c999a532a451
3ac24712-b7cf-4c48-9901-6a093b0c91ce,pii_full_name_5217b2503d81,Male,53,Uttar Pradesh,Varanasi,Varanasi Branch,Savings,b84e2099-8e2f-4d08-a7a7-0b12d87eead2,01-09-2025,03:28:51,21669.01,fa3fe56d-ca1e-4b86-a2a6-6d6cefb81589,Withdrawal,Electronics,52690.47,Magnetic Strip Card,"Varanasi, Uttar Pradesh",Desktop,0,Clean,INR,+91998869XXXXXX,Food delivery,pii_email_c999a532a451
3ac24712-b7cf-4c48-9901-6a093b0c91ce,pii_full_name_5217b2503d81,Male,53,Uttar Pradesh,Varanasi,Varanasi Branch,Savings,690535f5-d194-4908-b52f-8f838b499f87,09-10-2025,02:35:46,49412.99,a4592a28-91f6-484c-93c9-29333f2b1824,Withdrawal,Clothing,51826.82,Digital Wallet,"Varanasi, Uttar Pradesh",Desktop,0,Clean,INR,+91998869XXXXXX,EMI payment,pii_email_c999a532a451
3ac24712-b7cf-4c48-9901-6a093b0c91ce,pii_full_name_5217b2503d81,Male,53,Uttar Pradesh,Varanasi,Varanasi Branch,Savings,eef9cfcd-a376-429c-acde-a4aa07a310f0,09-11-2025,02:29:23,90359.08,c1b2ded5-54f4-4428-94c4-cbb5e781e5d7,Transfer,Entertainment,58024.15,POS Mobile Device,"Varanasi, Uttar Pradesh",ATM,0,Clean,INR,+91998869XXXXXX,Gym membership,pii_email_c999a532a451
3ac24712-b7cf-4c48-9901-6a093b0c91ce,pii_full_name_5217b2503d81,Male,53,Uttar Pradesh,Varanasi,Varanasi Branch,Savings,c309511b-9281-411e-8cb9-c2f513920715,15-11-2025,06:57:54,8446.3,f6aaa44a-45a7-4686-9dab-b1f685b2d8a5,Credit,Clothing,53184.67,QR Code Scanner,"Varanasi, Uttar Pradesh",ATM,0,Clean,INR,+91998869XXXXXX,Hotel booking,pii_email_c999a532a451
3b3446f3-d9bf-4db8-ad2b-ee4644943482,pii_full_name_02f03768e33e,Female,58,Lakshadweep,Kavaratti,Kavaratti Branch,Business,a0dcbf73-feb7-4222-b02e-6f936a5e8d96,24-02-2025,11:40:34,16495.91,8ec0dc67-9dc8-4d89-b174-544441408739,Bill Payment,Clothing,44450.01,Video Banking,"Kavaratti, Lakshadweep",Mobile,0,Clean,INR,+91937788XXXXXX,Gym membership,pii_email_624727674b77
3b3446f3-d9bf-4db8-ad2b-ee4644943482,pii_full_name_02f03768e33e,Female,58,Lakshadweep,Kavaratti,Kavaratti Branch,Business,dbd0cb86-c54c-4c77-98db-dae781a1c820,28-02-2025,16:42:30,8765.21,caccc65c-2680-4e55-9c3d-143bb81ab611,Withdrawal,Groceries,37623.12,Internet Banking,"Kavaratti, Lakshadweep",POS,0,Clean,INR,+91937788XXXXXX,Jewelry purchase,pii_email_624727674b77
3b3446f3-d9bf-4db8-ad2b-ee4644943482,pii_full_name_02f03768e33e,Female,58,Lakshadweep,Kavaratti,Kavaratti Branch,Business,2c642f49-ab15-4cf8-bbf0-96cba429d946,18-03-2025,05:02:15,30930.43,b8014c2b-eef1-4b95-8101-f3ade6c80a63,Withdrawal,Health,58054.09,POS Mobile Device,"Kavaratti, Lakshadweep",Mobile,0,Clean,INR,+91937788XXXXXX,Insurance premium,pii_email_624727674b77
3b3446f3-d9bf-4db8-ad2b-ee4644943482,pii_full_name_02f03768e33e,Female,58,Lakshadweep,Kavaratti,Kavaratti Branch,Business,5ac9d645-ccc6-4625-b31b-ce9f5bb85c31,01-04-2025,00:37:25,79995.57,7f0758b8-30bb-4f9c-8391-b2840ebd6b3c,Bill Payment,Restaurant,52668.97,Self-service Banking Machine,"Kavaratti, Lakshadweep",ATM,0,Clean,INR,+91937788XXXXXX,Online shopping,pii_email_624727674b77
3b3446f3-d9bf-4db8-ad2b-ee4644943482,pii_full_name_02f03768e33e,Female,58,Lakshadweep,Kavaratti,Kavaratti Branch,Business,08dcc62f-49b4-467a-92c0-6237ba021a6d,04-04-2025,19:50:21,25573.97,0eb55502-b537-4c66-a370-4cf1557b10ed,Credit,Groceries,55226.36,Contactless Card,"Kavaratti, Lakshadweep",Mobile,0,Clean,INR,+91937788XXXXXX,Gym membership,pii_email_624727674b77
3b3446f3-d9bf-4db8-ad2b-ee4644943482,pii_full_name_02f03768e33e,Female,58,Lakshadweep,Kavaratti,Kavaratti Branch,Business,50a352c8-a1aa-489d-9eae-e15b96455a76,01-05-2025,09:28:20,24736.31,417a7f6b-d94d-4c88-98a8-f4c029379425,Debit,Entertainment,25586.78,Self-service Banking Machine,"Kavaratti, Lakshadweep",ATM,0,Clean,INR,+91937788XXXXXX,Taxi fare,pii_email_624727674b77
3b3446f3-d9bf-4db8-ad2b-ee4644943482,pii_full_name_02f03768e33e,Female,58,Lakshadweep,Kavaratti,Kavaratti Branch,Business,1ec9a7d8-405c-428b-9605-b0cb7a381651,06-05-2025,08:06:28,71843.72,4f3f2e2c-4b18-4ada-86a0-b2b16d0bacc7,Credit,Groceries,42658.78,POS Mobile Device,"Kavaratti, Lakshadweep",Mobile,0,Clean,INR,+91937788XXXXXX,Mobile recharge,pii_email_624727674b77
3b3446f3-d9bf-4db8-ad2b-ee4644943482,pii_full_name_02f03768e33e,Female,58,Lakshadweep,Kavaratti,Kavaratti Branch,Business,101b2546-6110-4b68-a0da-007ba5a6914e,03-06-2025,09:15:21,52698.09,489f2dff-152c-468c-b625-1f3055f5814d,Transfer,Electronics,55130.51,UPI,"Kavaratti, Lakshadweep",POS,0,Clean,INR,+91937788XXXXXX,Online shopping,pii_email_624727674b77
3b3446f3-d9bf-4db8-ad2b-ee4644943482,pii_full_name_02f03768e33e,Female,58,Lakshadweep,Kavaratti,Kavaratti Branch,Business,0561b9a7-8a8a-4b7e-a190-bb04acfaf828,11-07-2025,13:28:56,90309.06,f03240a5-f38c-4138-98fa-a5d248eff02e,Bill Payment,Health,46099.61,Phone Banking,"Kavaratti, Lakshadweep",POS,0,Clean,INR,+91937788XXXXXX,Gym membership,pii_email_624727674b77
3b3446f3-d9bf-4db8-ad2b-ee4644943482,pii_full_name_02f03768e33e,Female,58,Lakshadweep,Kavaratti,Kavaratti Branch,Business,3cd33289-5c55-445f-a002-625a86d8219c,14-07-2025,16:31:58,43704.08,c182a243-10dc-4c26-9c7e-e8765c6735ec,Debit,Clothing,48046.58,UPI,"Kavaratti, Lakshadweep",Desktop,0,Clean,INR,+91937788XXXXXX,Salary credit,pii_email_624727674b77
3b3446f3-d9bf-4db8-ad2b-ee4644943482,pii_full_name_02f03768e33e,Female,58,Lakshadweep,Kavaratti,Kavaratti Branch,Business,311619a4-69ba-477e-b39b-77fa339a41fa,30-07-2025,05:04:57,53656.61,ea86985c-6392-4860-88b4-22a676037199,Bill Payment,Health,49860.7,QR Code Scanner,"Kavaratti, Lakshadweep",POS,0,Clean,INR,+91937788XXXXXX,Taxi fare,pii_email_624727674b77
3b3446f3-d9bf-4db8-ad2b-ee4644943482,pii_full_name_02f03768e33e,Female,58,Lakshadweep,Kavaratti,Kavaratti Branch,Business,2c83d5e2-5d6b-48d3-b87d-acefdba8ad88,02-08-2025,04:47:12,79632.95,c42adcaa-dbc4-4270-a3e0-b493a6e86881,Credit,Health,33550.08,Voice Assistant,"Kavaratti, Lakshadweep",Desktop,0,Clean,INR,+91937788XXXXXX,Train ticket,pii_email_624727674b77
3b3446f3-d9bf-4db8-ad2b-ee4644943482,pii_full_name_02f03768e33e,Female,58,Lakshadweep,Kavaratti,Kavaratti Branch,Business,c2c0fa1f-0368-4903-9862-79f078616deb,09-10-2025,17:08:51,19243.32,ea9dc407-2521-4166-84b2-24fdf0096eee,Credit,Groceries,35474.41,Phone Banking,"Kavaratti, Lakshadweep",Desktop,0,Clean,INR,+91937788XXXXXX,Mobile recharge,pii_email_624727674b77
3b3446f3-d9bf-4db8-ad2b-ee4644943482,pii_full_name_02f03768e33e,Female,58,Lakshadweep,Kavaratti,Kavaratti Branch,Business,14b9a5a7-9611-4ea2-9088-a467e871cf77,23-10-2025,16:24:30,57239.65,26da63aa-891f-44bc-9bb3-0e4af1b3d5f9,Debit,Electronics,36934.82,Digital Wallet,"Kavaratti, Lakshadweep",Desktop,0,Clean,INR,+91937788XXXXXX,Salary credit,pii_email_624727674b77
3b3446f3-d9bf-4db8-ad2b-ee4644943482,pii_full_name_02f03768e33e,Female,58,Lakshadweep,Kavaratti,Kavaratti Branch,Business,da699710-2ce8-4338-bdd4-d168606197d1,02-11-2025,15:39:03,79757.36,24c12979-50d5-4e19-893a-9c1e91a4523c,Debit,Groceries,28060.41,Magnetic Strip Card,"Kavaratti, Lakshadweep",ATM,0,Clean,INR,+91937788XXXXXX,Electricity bill,pii_email_624727674b77
3b3446f3-d9bf-4db8-ad2b-ee4644943482,pii_full_name_02f03768e33e,Female,58,Lakshadweep,Kavaratti,Kavaratti Branch,Business,023bcd2b-799f-4f07-a21b-34f5a9665668,17-11-2025,04:49:43,26144.3,2a2f446f-13d6-4908-bb08-8f0777f390da,Credit,Entertainment,60668.52,Self-service Banking Machine,"Kavaratti, Lakshadweep",ATM,0,Clean,INR,+91937788XXXXXX,Salary credit,pii_email_624727674b77
3b3446f3-d9bf-4db8-ad2b-ee4644943482,pii_full_name_02f03768e33e,Female,58,Lakshadweep,Kavaratti,Kavaratti Branch,Business,71828ffd-a42d-4ebe-964c-d3d133875c6b,17-11-2025,09:30:56,79669.76,c44270bc-f8e5-4819-8242-6c5d84ff683c,Credit,Groceries,52416.99,ATM,"Kavaratti, Lakshadweep",Desktop,0,Clean,INR,+91937788XXXXXX,Movie tickets,pii_email_624727674b77
3b3446f3-d9bf-4db8-ad2b-ee4644943482,pii_full_name_02f03768e33e,Female,58,Lakshadweep,Kavaratti,Kavaratti Branch,Business,c09a69be-01c2-45cd-b689-2ba484f02129,20-11-2025,17:38:10,95469.47,c8a903ef-2c91-41f7-8a76-b8373d4ff305,Debit,Restaurant,38499.64,Virtual Card,"Kavaratti, Lakshadweep",Desktop,0,Clean,INR,+91937788XXXXXX,Restaurant dining,pii_email_624727674b77
3b3446f3-d9bf-4db8-ad2b-ee4644943482,pii_full_name_02f03768e33e,Female,58,Lakshadweep,Kavaratti,Kavaratti Branch,Business,a5db632c-b372-4203-a96c-53a22eb696a6,04-12-2025,22:04:49,15869.66,b064de8c-9f31-45c5-8ed7-6f930ad18753,Withdrawal,Clothing,36036.15,Phone Banking,"Kavaratti, Lakshadweep",Mobile,0,Clean,INR,+91937788XXXXXX,Bus ticket,pii_email_624727674b77
3beeb16a-85ea-4f83-b7d7-f7af7da710dc,pii_full_name_d64ed3e9e091,Female,18,Andaman and Nicobar Islands,Port Blair,Port Blair Branch,Checking,fd2ad378-a68b-49b7-81a4-11cd68f25e44,15-01-2025,15:10:43,64234.33,96873dca-063c-4f95-a261-68833c7c2897,Credit,Groceries,79468.64,POS Mobile Device,"Port Blair, Andaman and Nicobar Islands",Mobile,0,Clean,INR,+91952101XXXXXX,Taxi fare,pii_email_bfb92ba0365d
3beeb16a-85ea-4f83-b7d7-f7af7da710dc,pii_full_name_d64ed3e9e091,Female,18,Andaman and Nicobar Islands,Port Blair,Port Blair Branch,Checking,18391ab8-6f06-4284-ae5e-8eeb20b6e777,19-01-2025,01:58:03,70331.23,a6e47a45-5abf-43a5-8da2-9d0a6160c364,Transfer,Groceries,74702.34,Phone Banking,"Port Blair, Andaman and Nicobar Islands",Desktop,0,Clean,INR,+91952101XXXXXX,Online shopping,pii_email_bfb92ba0365d
3beeb16a-85ea-4f83-b7d7-f7af7da710dc,pii_full_name_d64ed3e9e091,Female,18,Andaman and Nicobar Islands,Port Blair,Port Blair Branch,Checking,86777b4e-e6b2-4fad-8a6b-df3138022820,25-01-2025,01:11:21,37377.49,5621f22c-bdf1-4623-bb9c-6b27fa7e9cbd,Withdrawal,Groceries,79263.34,Biometric ATM,"Port Blair, Andaman and Nicobar Islands",Mobile,0,Clean,INR,+91952101XXXXXX,Debt repayment,pii_email_bfb92ba0365d
3beeb16a-85ea-4f83-b7d7-f7af7da710dc,pii_full_name_d64ed3e9e091,Female,18,Andaman and Nicobar Islands,Port Blair,Port Blair Branch,Checking,09151027-c960-4848-a25f-d5d41fc16593,08-02-2025,22:27:17,89300.06,e5a2235a-1d85-4e22-8b20-78db81b2e4d6,Bill Payment,Clothing,53679.7,POS Mobile Device,"Port Blair, Andaman and Nicobar Islands",Desktop,0,Clean,INR,+91952101XXXXXX,EMI payment,pii_email_bfb92ba0365d
3beeb16a-85ea-4f83-b7d7-f7af7da710dc,pii_full_name_d64ed3e9e091,Female,18,Andaman and Nicobar Islands,Port Blair,Port Blair Branch,Checking,d365ab19-706f-4d10-9ce6-a5366fd3e4be,12-02-2025,09:22:14,15265.89,2e8d6f07-7ba1-4427-9b5b-b33a50c69c9c,Credit,Groceries,72901.02,Phone Banking,"Port Blair, Andaman and Nicobar Islands",POS,0,Clean,INR,+91952101XXXXXX,Pharmacy bill,pii_email_bfb92ba0365d
3beeb16a-85ea-4f83-b7d7-f7af7da710dc,pii_full_name_d64ed3e9e091,Female,18,Andaman and Nicobar Islands,Port Blair,Port Blair Branch,Checking,6d743790-abc9-4c41-8b0d-31dc0809de9b,03-03-2025,10:37:03,21222.94,e9a3a882-93a9-414d-bc16-c8d50ae123fa,Bill Payment,Restaurant,52675.68,Mobile Banking App,"Port Blair, Andaman and Nicobar Islands",POS,0,Clean,INR,+91952101XXXXXX,Grocery delivery,pii_email_bfb92ba0365d
3beeb16a-85ea-4f83-b7d7-f7af7da710dc,pii_full_name_d64ed3e9e091,Female,18,Andaman and Nicobar Islands,Port Blair,Port Blair Branch,Checking,42e48931-164a-42af-b0b8-a5e2c4f88f5d,30-03-2025,10:49:47,356.49,55fdc46f-7d05-4c7b-adee-02aa7dcffe7b,Debit,Groceries,71374.43,Voice Assistant,"Port Blair, Andaman and Nicobar Islands",Desktop,0,Clean,INR,+91952101XXXXXX,Utility bill,pii_email_bfb92ba0365d
3beeb16a-85ea-4f83-b7d7-f7af7da710dc,pii_full_name_d64ed3e9e091,Female,18,Andaman and Nicobar Islands,Port Blair,Port Blair Branch,Checking,97a0d94d-f441-415e-a328-26b9e27d2435,03-04-2025,08:53:34,84886.9,a8f5f10a-cbc5-473e-99f3-c4835685a7f9,Bill Payment,Entertainment,62609.71,Internet Banking,"Port Blair, Andaman and Nicobar Islands",POS,0,Clean,INR,+91952101XXXXXX,Restaurant dining,pii_email_bfb92ba0365d
3beeb16a-85ea-4f83-b7d7-f7af7da710dc,pii_full_name_d64ed3e9e091,Female,18,Andaman and Nicobar Islands,Port Blair,Port Blair Branch,Checking,ed953e9b-4df0-47ea-abb3-1475c8d3bc86,10-04-2025,08:02:04,20653.25,d7f7597c-cd61-47ec-9f39-01dd69a30ec7,Bill Payment,Clothing,73045.21,Internet Banking,"Port Blair, Andaman and Nicobar Islands",Mobile,0,Clean,INR,+91952101XXXXXX,Grocery delivery,pii_email_bfb92ba0365d
3beeb16a-85ea-4f83-b7d7-f7af7da710dc,pii_full_name_d64ed3e9e091,Female,18,Andaman and Nicobar Islands,Port Blair,Port Blair Branch,Checking,eb488e67-31f1-49bb-88bb-0e368c08fba0,15-04-2025,16:18:16,52543.99,5719e531-f854-488f-bdeb-059f05fc4083,Bill Payment,Clothing,55585.76,Magnetic Strip Card,"Port Blair, Andaman and Nicobar Islands",Mobile,0,Clean,INR,+91952101XXXXXX,Bus ticket,pii_email_bfb92ba0365d
3beeb16a-85ea-4f83-b7d7-f7af7da710dc,pii_full_name_d64ed3e9e091,Female,18,Andaman and Nicobar Islands,Port Blair,Port Blair Branch,Checking,a3d5d176-2073-49a1-8a0b-3819ee7920d1,20-04-2025,03:56:42,36039.36,bd892a94-5bbc-458a-819b-40065946af18,Withdrawal,Restaurant,71098.4,Contactless Card,"Port Blair, Andaman and Nicobar Islands",Mobile,0,Clean,INR,+91952101XXXXXX,EMI payment,pii_email_bfb92ba0365d
3beeb16a-85ea-4f83-b7d7-f7af7da710dc,pii_full_name_d64ed3e9e091,Female,18,Andaman and Nicobar Islands,Port Blair,Port Blair Branch,Checking,9f95f2b8-14c3-4d02-9cd5-4883cbc90e60,27-04-2025,11:47:04,7052.18,eaeea139-1b95-4119-8d32-31704385a467,Credit,Restaurant,53380.9,Virtual Card,"Port Blair, Andaman and Nicobar Islands",Desktop,0,Clean,INR,+91952101XXXXXX,Jewelry purchase,pii_email_bfb92ba0365d
3beeb16a-85ea-4f83-b7d7-f7af7da710dc,pii_full_name_d64ed3e9e091,Female,18,Andaman and Nicobar Islands,Port Blair,Port Blair Branch,Checking,72224229-12f1-4628-984b-7918b1cb41f8,05-06-2025,15:32:02,71604.51,6c0f8fed-b149-47de-a6d6-ce963d7e4f31,Transfer,Entertainment,60840.16,Voice Assistant,"Port Blair, Andaman and Nicobar Islands",ATM,0,Clean,INR,+91952101XXXXXX,Debt repayment,pii_email_bfb92ba0365d
3beeb16a-85ea-4f83-b7d7-f7af7da710dc,pii_full_name_d64ed3e9e091,Female,18,Andaman and Nicobar Islands,Port Blair,Port Blair Branch,Checking,ee48ebd0-cb98-47e8-8eec-db21a06a3624,07-06-2025,16:34:00,1741.33,dc07b3ef-5019-43bf-a0c6-cdde2f0a1151,Withdrawal,Groceries,53206.77,Contactless Card,"Port Blair, Andaman and Nicobar Islands",ATM,0,Clean,INR,+91952101XXXXXX,Restaurant dining,pii_email_bfb92ba0365d
3beeb16a-85ea-4f83-b7d7-f7af7da710dc,pii_full_name_d64ed3e9e091,Female,18,Andaman and Nicobar Islands,Port Blair,Port Blair Branch,Checking,9f7fc35f-4bca-4492-8355-ddcaa3f4ffd6,04-08-2025,01:07:43,7877.79,14d3e66b-0ffd-4003-a373-4a30935dbb63,Bill Payment,Restaurant,54797.98,POS Mobile Device,"Port Blair, Andaman and Nicobar Islands",POS,1,Clean,INR,+91952101XXXXXX,Cash withdrawal,pii_email_bfb92ba0365d
3beeb16a-85ea-4f83-b7d7-f7af7da710dc,pii_full_name_d64ed3e9e091,Female,18,Andaman and Nicobar Islands,Port Blair,Port Blair Branch,Checking,588e629c-3fc6-47a6-85eb-429bee083afa,20-08-2025,23:45:04,52318.03,301d5ea8-489f-4890-a078-9b0cf10c6f91,Withdrawal,Health,67669.21,Video Banking,"Port Blair, Andaman and Nicobar Islands",ATM,0,Clean,INR,+91952101XXXXXX,Online shopping,pii_email_bfb92ba0365d
3beeb16a-85ea-4f83-b7d7-f7af7da710dc,pii_full_name_d64ed3e9e091,Female,18,Andaman and Nicobar Islands,Port Blair,Port Blair Branch,Checking,c988f925-c44c-4072-baa8-6d93c69bcde1,10-09-2025,12:41:14,78532.6,0d7e0878-c0f5-4251-9ba2-191f2dd86bad,Bill Payment,Groceries,71410.08,POS Mobile Device,"Port Blair, Andaman and Nicobar Islands",POS,0,Clean,INR,+91952101XXXXXX,Cash withdrawal,pii_email_bfb92ba0365d
3beeb16a-85ea-4f83-b7d7-f7af7da710dc,pii_full_name_d64ed3e9e091,Female,18,Andaman and Nicobar Islands,Port Blair,Port Blair Branch,Checking,bc801bec-47d6-4837-8a0d-9fdff3b0b694,18-12-2025,15:10:21,35324.41,6f2eb3ee-5c1b-486a-80e2-2856352d907a,Credit,Entertainment,83001.09,POS Mobile App,"Port Blair, Andaman and Nicobar Islands",Desktop,1,Clean,INR,+91952101XXXXXX,Train ticket,pii_email_bfb92ba0365d
3beeb16a-85ea-4f83-b7d7-f7af7da710dc,pii_full_name_d64ed3e9e091,Female,18,Andaman and Nicobar Islands,Port Blair,Port Blair Branch,Checking,67d0a7d1-b4fb-4dbb-9490-61f4db01370c,28-12-2025,15:34:07,19387.12,030061f2-dfc5-4904-b49b-6c42e0b27bb4,Transfer,Restaurant,75110.54,ATM,"Port Blair, Andaman and Nicobar Islands",Desktop,0,Clean,INR,+91952101XXXXXX,EMI payment,pii_email_bfb92ba0365d
3c404e12-7d7a-4c80-bbaa-b7acc487b72e,pii_full_name_47140f6e29cb,Female,61,West Bengal,Siliguri,Siliguri Branch,Checking,10473f3e-0f8a-4fca-8ba9-9b4e28abd1eb,24-01-2025,02:21:35,98583.86,4c2218d2-19b5-4b18-9165-423705fa4897,Withdrawal,Clothing,23122.28,Chip Card,"Siliguri, West Bengal",ATM,0,Clean,INR,+91987505XXXXXX,Online shopping,pii_email_c9c481c21afb
3c404e12-7d7a-4c80-bbaa-b7acc487b72e,pii_full_name_47140f6e29cb,Female,61,West Bengal,Siliguri,Siliguri Branch,Checking,8f1343f6-a581-4ad0-8d05-d397b02ad581,01-02-2025,00:02:29,21140.26,a9bdaebd-9800-43de-b3d7-55df185ba3bd,Withdrawal,Health,68020.2,Mobile Banking App,"Siliguri, West Bengal",Mobile,0,Clean,INR,+91987505XXXXXX,Grocery delivery,pii_email_c9c481c21afb
3c404e12-7d7a-4c80-bbaa-b7acc487b72e,pii_full_name_47140f6e29cb,Female,61,West Bengal,Siliguri,Siliguri Branch,Checking,d302ebaa-aeee-4fb7-9708-249c4951fa23,13-02-2025,21:52:58,44535.21,88657e22-dcdb-480c-ba88-4c099db15007,Credit,Restaurant,69730.86,ATM Booth Kiosk,"Siliguri, West Bengal",ATM,0,Clean,INR,+91987505XXXXXX,Cash withdrawal,pii_email_c9c481c21afb
3c404e12-7d7a-4c80-bbaa-b7acc487b72e,pii_full_name_47140f6e29cb,Female,61,West Bengal,Siliguri,Siliguri Branch,Checking,809718bc-a647-4e36-a041-b161544d4be0,16-02-2025,01:31:17,30310.43,d3627ae1-cb52-4649-b182-d047446b72f7,Bill Payment,Restaurant,55227.89,UPI,"Siliguri, West Bengal",ATM,0,Clean,INR,+91987505XXXXXX,Grocery delivery,pii_email_c9c481c21afb
3c404e12-7d7a-4c80-bbaa-b7acc487b72e,pii_full_name_47140f6e29cb,Female,61,West Bengal,Siliguri,Siliguri Branch,Checking,3858f372-4068-47c9-a5c1-1d9620e5d5b8,09-03-2025,18:12:38,97612.65,839cbc7a-8a72-4efd-9fa8-9dec2253349b,Debit,Health,58258.93,Mobile Banking App,"Siliguri, West Bengal",POS,0,Clean,INR,+91987505XXXXXX,Mobile recharge,pii_email_c9c481c21afb
3c404e12-7d7a-4c80-bbaa-b7acc487b72e,pii_full_name_47140f6e29cb,Female,61,West Bengal,Siliguri,Siliguri Branch,Checking,eba34dad-aa47-4340-9127-c561a63a962f,12-03-2025,05:53:54,29714.8,6714774d-1c49-4d74-8797-5006f18e4e01,Transfer,Entertainment,58199.37,Voice Assistant,"Siliguri, West Bengal",Desktop,0,Clean,INR,+91987505XXXXXX,Utility bill,pii_email_c9c481c21afb
3c404e12-7d7a-4c80-bbaa-b7acc487b72e,pii_full_name_47140f6e29cb,Female,61,West Bengal,Siliguri,Siliguri Branch,Checking,53cf6c44-53a2-4b89-8ca8-a3d1b3ed1fa9,16-04-2025,20:04:48,41166.62,e85eed44-02dd-45aa-b8ad-91f6a77345ec,Credit,Groceries,68374.07,ATM,"Siliguri, West Bengal",ATM,0,Clean,INR,+91987505XXXXXX,Utility bill,pii_email_c9c481c21afb
3c404e12-7d7a-4c80-bbaa-b7acc487b72e,pii_full_name_47140f6e29cb,Female,61,West Bengal,Siliguri,Siliguri Branch,Checking,c6a323e4-a3a5-4540-be0e-b5804e9edcb8,16-04-2025,23:17:26,71209.83,83b7e4c7-eb77-4d98-87dd-7347fb91bbd0,Withdrawal,Restaurant,56228.6,Voice Assistant,"Siliguri, West Bengal",POS,0,Clean,INR,+91987505XXXXXX,EMI payment,pii_email_c9c481c21afb
3c404e12-7d7a-4c80-bbaa-b7acc487b72e,pii_full_name_47140f6e29cb,Female,61,West Bengal,Siliguri,Siliguri Branch,Checking,b99ea370-233d-4305-b6a2-1bad4b419ff9,27-04-2025,15:12:38,50244.9,1f6d1039-110c-429d-9939-4889b3f615c8,Bill Payment,Restaurant,63349.58,Voice Assistant,"Siliguri, West Bengal",Mobile,0,Clean,INR,+91987505XXXXXX,EMI payment,pii_email_c9c481c21afb
3c404e12-7d7a-4c80-bbaa-b7acc487b72e,pii_full_name_47140f6e29cb,Female,61,West Bengal,Siliguri,Siliguri Branch,Checking,131fdc34-fef9-460e-a85e-21f5799013de,30-04-2025,05:54:47,62485.58,a8804a43-b9c3-4f75-ad53-0005bb6d827d,Withdrawal,Electronics,39647.73,Digital Wallet,"Siliguri, West Bengal",Mobile,0,Clean,INR,+91987505XXXXXX,Debt repayment,pii_email_c9c481c21afb
3c404e12-7d7a-4c80-bbaa-b7acc487b72e,pii_full_name_47140f6e29cb,Female,61,West Bengal,Siliguri,Siliguri Branch,Checking,1c9973f5-f03d-457e-a6c2-2352ec147036,01-05-2025,03:04:00,66670.71,9fc1e7b9-c4ce-4c55-8364-a728f989f06a,Bill Payment,Groceries,32980.66,ATM Booth Kiosk,"Siliguri, West Bengal",POS,0,Clean,INR,+91987505XXXXXX,Debt repayment,pii_email_c9c481c21afb
3c404e12-7d7a-4c80-bbaa-b7acc487b72e,pii_full_name_47140f6e29cb,Female,61,West Bengal,Siliguri,Siliguri Branch,Checking,ac40fa04-3e40-4828-af1d-0a20acb9a6d1,23-05-2025,05:55:41,2829.53,d8a4fc05-a334-4d77-9f84-64fe52b4ec08,Credit,Entertainment,73788.85,Digital Wallet,"Siliguri, West Bengal",POS,0,Clean,INR,+91987505XXXXXX,Restaurant dining,pii_email_c9c481c21afb
3c404e12-7d7a-4c80-bbaa-b7acc487b72e,pii_full_name_47140f6e29cb,Female,61,West Bengal,Siliguri,Siliguri Branch,Checking,37ccd04a-6054-435c-9d80-f65bdd7be7ca,19-06-2025,06:59:40,14443.83,7d2cc9b8-2ae6-41c1-8f00-70b4b6a6ddf3,Debit,Health,64257.41,Debit/Credit Card,"Siliguri, West Bengal",Desktop,0,Clean,INR,+91987505XXXXXX,Mobile recharge,pii_email_c9c481c21afb
3c404e12-7d7a-4c80-bbaa-b7acc487b72e,pii_full_name_47140f6e29cb,Female,61,West Bengal,Siliguri,Siliguri Branch,Checking,af4c26b8-c07e-4455-9db7-225766984355,02-07-2025,08:14:51,40246.99,7ffcd701-b3cd-4175-86a5-16ae487081a0,Debit,Clothing,45896.29,Voice Assistant,"Siliguri, West Bengal",Mobile,0,Clean,INR,+91987505XXXXXX,Mutual fund investment,pii_email_c9c481c21afb
3c404e12-7d7a-4c80-bbaa-b7acc487b72e,pii_full_name_47140f6e29cb,Female,61,West Bengal,Siliguri,Siliguri Branch,Checking,a26fcc06-6a96-4c06-9635-500f6a81f5aa,15-07-2025,22:13:32,95561.96,5e7660aa-6152-40d2-870f-1d731585b7a5,Debit,Electronics,70134.22,POS Mobile App,"Siliguri, West Bengal",Desktop,0,Clean,INR,+91987505XXXXXX,Insurance premium,pii_email_c9c481c21afb
3c404e12-7d7a-4c80-bbaa-b7acc487b72e,pii_full_name_47140f6e29cb,Female,61,West Bengal,Siliguri,Siliguri Branch,Checking,db49afad-88ac-4a1a-aace-1e9d4b5fd738,27-07-2025,09:48:31,33839.92,4c5d2d49-811b-44be-b950-b17e28f60417,Credit,Restaurant,26506.27,Phone Banking,"Siliguri, West Bengal",ATM,0,Clean,INR,+91987505XXXXXX,Jewelry purchase,pii_email_c9c481c21afb
3c404e12-7d7a-4c80-bbaa-b7acc487b72e,pii_full_name_47140f6e29cb,Female,61,West Bengal,Siliguri,Siliguri Branch,Checking,3ad4413e-a703-41b3-a41d-c3ac79405573,19-09-2025,06:11:34,63076.1,2c3fb3b6-d3b1-4d31-a6ff-de7759f20e21,Debit,Electronics,49920.99,QR Code Scanner,"Siliguri, West Bengal",POS,0,Clean,INR,+91987505XXXXXX,Bus ticket,pii_email_c9c481c21afb
3c404e12-7d7a-4c80-bbaa-b7acc487b72e,pii_full_name_47140f6e29cb,Female,61,West Bengal,Siliguri,Siliguri Branch,Checking,3ad6fdac-9734-4507-86ae-597416ede084,27-09-2025,02:50:49,59015.67,3192c44a-2abc-4952-8d13-1f4fd987c0fc,Transfer,Restaurant,79690.42,Branch Counter,"Siliguri, West Bengal",Desktop,0,Clean,INR,+91987505XXXXXX,Salary credit,pii_email_c9c481c21afb
3c404e12-7d7a-4c80-bbaa-b7acc487b72e,pii_full_name_47140f6e29cb,Female,61,West Bengal,Siliguri,Siliguri Branch,Checking,db4d777e-72a8-4aa8-9352-459b43c05170,03-10-2025,07:24:18,40290.67,41aeecab-6850-424d-ac92-643cdbb31dff,Withdrawal,Restaurant,65701.79,Virtual Card,"Siliguri, West Bengal",POS,0,Clean,INR,+91987505XXXXXX,Hotel booking,pii_email_c9c481c21afb
3c404e12-7d7a-4c80-bbaa-b7acc487b72e,pii_full_name_47140f6e29cb,Female,61,West Bengal,Siliguri,Siliguri Branch,Checking,11d07cec-67e1-46bb-a30f-46ef020dd22a,01-11-2025,09:11:48,70779.7,19566e6e-8214-48a3-88b6-c523d95a26b0,Credit,Groceries,65277.34,POS Mobile Device,"Siliguri, West Bengal",POS,1,Clean,INR,+91987505XXXXXX,Jewelry purchase,pii_email_c9c481c21afb
3d561297-ed4c-475c-bb93-ecf1da6a2f7c,pii_full_name_fb5c880f776f,Female,18,West Bengal,Siliguri,Siliguri Branch,Business,5ad78b8e-ce15-4597-8a16-942ea70644e5,17-05-2025,14:15:55,58933.48,c35c8962-2885-48fa-80b5-8042228458af,Transfer,Groceries,82215.15,ATM Booth Kiosk,"Siliguri, West Bengal",Mobile,0,Clean,INR,+91991734XXXXXX,Mutual fund investment,pii_email_d406b51a2913
3d561297-ed4c-475c-bb93-ecf1da6a2f7c,pii_full_name_fb5c880f776f,Female,18,West Bengal,Siliguri,Siliguri Branch,Business,ec6766b4-b847-4920-a6a9-acd70d7c1d43,02-08-2025,16:42:35,95355.35,fe882149-0865-4fb7-8c1c-c14f94b3e84b,Transfer,Clothing,71936.34,Contactless Card,"Siliguri, West Bengal",ATM,0,Clean,INR,+91991734XXXXXX,Hotel booking,pii_email_d406b51a2913
3d561297-ed4c-475c-bb93-ecf1da6a2f7c,pii_full_name_fb5c880f776f,Female,18,West Bengal,Siliguri,Siliguri Branch,Business,e9b34e34-bfd9-4683-8d3e-0177ac9ef8fb,05-12-2025,06:27:58,60541.22,f99eff78-a9d8-46ed-90b2-bedad59a84a2,Withdrawal,Health,62400.8,POS Mobile App,"Siliguri, West Bengal",Desktop,0,Clean,INR,+91991734XXXXXX,Hotel booking,pii_email_d406b51a2913
3d561297-ed4c-475c-bb93-ecf1da6a2f7c,pii_full_name_fb5c880f776f,Female,18,West Bengal,Siliguri,Siliguri Branch,Business,646319c8-ea6a-44a8-a929-fd3773275956,21-12-2025,13:39:55,43854.66,ff905d60-2ae4-4816-9789-c5d7eab4ee43,Credit,Health,76321.8,Digital Wallet,"Siliguri, West Bengal",Desktop,0,Clean,INR,+91991734XXXXXX,Jewelry purchase,pii_email_d406b51a2913
3df7191f-2885-4bfc-8cf4-910641b5f913,pii_full_name_ca78731c88aa,Female,53,Gujarat,Surat,Surat Branch,Business,048049af-55cf-4831-9128-77b0b500e8e2,09-02-2025,17:24:41,60496.26,8fedb98b-77a2-428e-ac81-115dd2e12672,Transfer,Entertainment,99996.44,Phone Banking,"Surat, Gujarat",Mobile,0,Clean,INR,+91965761XXXXXX,Hotel booking,pii_email_dc0304c22ac7
3df7191f-2885-4bfc-8cf4-910641b5f913,pii_full_name_ca78731c88aa,Female,53,Gujarat,Surat,Surat Branch,Business,3987bd4f-9678-45b2-9f4d-34f63f963412,17-02-2025,23:07:23,37048.78,3410c78d-c3cc-48a5-83c1-9e3a52f7affe,Withdrawal,Electronics,94095.45,QR Code Scanner,"Surat, Gujarat",POS,0,Clean,INR,+91965761XXXXXX,Debt repayment,pii_email_dc0304c22ac7
3df7191f-2885-4bfc-8cf4-910641b5f913,pii_full_name_ca78731c88aa,Female,53,Gujarat,Surat,Surat Branch,Business,9fa5386c-6718-42d5-85e4-bf2bf9e4bc61,14-04-2025,11:11:41,40662.2,e6be72b9-595e-463b-8c14-6307ae43c7e6,Bill Payment,Groceries,84499.7,Mobile Banking App,"Surat, Gujarat",ATM,0,Clean,INR,+91965761XXXXXX,EMI payment,pii_email_dc0304c22ac7
3df7191f-2885-4bfc-8cf4-910641b5f913,pii_full_name_ca78731c88aa,Female,53,Gujarat,Surat,Surat Branch,Business,58b3cbcb-7274-43b0-a8d1-71ca2a2bddce,01-05-2025,10:17:09,73032.19,b999a4ed-b167-434c-ba03-ff3ab50a92b4,Transfer,Health,95178.26,ATM,"Surat, Gujarat",POS,0,Clean,INR,+91965761XXXXXX,Movie tickets,pii_email_dc0304c22ac7
3df7191f-2885-4bfc-8cf4-910641b5f913,pii_full_name_ca78731c88aa,Female,53,Gujarat,Surat,Surat Branch,Business,22b4f24c-4227-4599-aab3-5f26ac95de51,27-05-2025,23:53:00,73603.94,5750c645-d983-4e91-8584-b3931f355389,Bill Payment,Groceries,72024.87,Magnetic Strip Card,"Surat, Gujarat",ATM,0,Clean,INR,+91965761XXXXXX,Taxi fare,pii_email_dc0304c22ac7
3df7191f-2885-4bfc-8cf4-910641b5f913,pii_full_name_ca78731c88aa,Female,53,Gujarat,Surat,Surat Branch,Business,11f112c7-9463-4591-a2ea-028ab70d9944,03-07-2025,20:40:17,14111.13,a28c371a-b6ba-44b5-8b47-0188c9e22538,Credit,Entertainment,85910.82,Internet Banking,"Surat, Gujarat",Mobile,0,Clean,INR,+91965761XXXXXX,Debt repayment,pii_email_dc0304c22ac7
3df7191f-2885-4bfc-8cf4-910641b5f913,pii_full_name_ca78731c88aa,Female,53,Gujarat,Surat,Surat Branch,Business,a8703d7b-0500-4612-b4e3-68077c0e078a,31-07-2025,17:19:50,18636.62,51b95097-316e-4505-8261-970129c994fc,Bill Payment,Restaurant,92231.79,Digital Wallet,"Surat, Gujarat",Desktop,0,Clean,INR,+91965761XXXXXX,Bitcoin transaction,pii_email_dc0304c22ac7
3df7191f-2885-4bfc-8cf4-910641b5f913,pii_full_name_ca78731c88aa,Female,53,Gujarat,Surat,Surat Branch,Business,ed35483a-c530-4153-88e9-032e5f33d54c,06-08-2025,02:45:07,62049.84,786c47e4-9f80-4395-b9ba-9ce8a15d01d3,Withdrawal,Health,93791.46,POS Mobile App,"Surat, Gujarat",ATM,0,Clean,INR,+91965761XXXXXX,Cash withdrawal,pii_email_dc0304c22ac7
3df7191f-2885-4bfc-8cf4-910641b5f913,pii_full_name_ca78731c88aa,Female,53,Gujarat,Surat,Surat Branch,Business,557eb7ea-9ca2-468f-a82e-695785049252,31-08-2025,18:46:24,21961.09,550685c5-8707-43c5-86f7-d6170794015d,Debit,Electronics,97800.33,Video Banking,"Surat, Gujarat",ATM,0,Clean,INR,+91965761XXXXXX,Utility bill,pii_email_dc0304c22ac7
3df7191f-2885-4bfc-8cf4-910641b5f913,pii_full_name_ca78731c88aa,Female,53,Gujarat,Surat,Surat Branch,Business,017db4c5-ee3a-4ba1-a1b2-c89ad7a6be48,20-09-2025,20:17:27,59164.15,45db0a16-7dd9-4563-9fda-bec8dd9be532,Bill Payment,Restaurant,87875.04,Internet Banking,"Surat, Gujarat",POS,0,Clean,INR,+91965761XXXXXX,Cash withdrawal,pii_email_dc0304c22ac7
3df7191f-2885-4bfc-8cf4-910641b5f913,pii_full_name_ca78731c88aa,Female,53,Gujarat,Surat,Surat Branch,Business,a58d5d93-b660-4000-87b9-8fc73185b826,24-09-2025,01:12:12,21988.27,a3a0fd7b-f553-41f2-9c27-12593b9c98e7,Credit,Groceries,91997.29,Magnetic Strip Card,"Surat, Gujarat",ATM,0,Clean,INR,+91965761XXXXXX,Online shopping,pii_email_dc0304c22ac7
3df7191f-2885-4bfc-8cf4-910641b5f913,pii_full_name_ca78731c88aa,Female,53,Gujarat,Surat,Surat Branch,Business,c1af9f98-6e00-4b28-b3f1-02b5da33eca8,30-09-2025,16:39:03,18627.74,5bceb071-2e7e-418f-9594-34c5faa45b6f,Withdrawal,Entertainment,70162.1,Biometric ATM,"Surat, Gujarat",ATM,0,Clean,INR,+91965761XXXXXX,Mobile recharge,pii_email_dc0304c22ac7
3df7191f-2885-4bfc-8cf4-910641b5f913,pii_full_name_ca78731c88aa,Female,53,Gujarat,Surat,Surat Branch,Business,09d7783e-b540-436b-b2ae-6108920fe16a,01-10-2025,05:32:26,36658.68,78d26247-38c2-4a20-92ae-92cdc1623477,Withdrawal,Health,88565.92,Self-service Banking Machine,"Surat, Gujarat",Mobile,0,Clean,INR,+91965761XXXXXX,Hotel booking,pii_email_dc0304c22ac7
3df7191f-2885-4bfc-8cf4-910641b5f913,pii_full_name_ca78731c88aa,Female,53,Gujarat,Surat,Surat Branch,Business,6a86c102-61c2-41da-a180-af8b1bb0192e,27-10-2025,04:51:48,98999.99,a40f9e97-e6dd-4308-84bc-6d4b725d50d5,Credit,Clothing,99996.44,ATM Booth Kiosk,"Surat, Gujarat",POS,0,Money Laundering,INR,+91965761XXXXXX,Insurance premium,pii_email_dc0304c22ac7
3df7191f-2885-4bfc-8cf4-910641b5f913,pii_full_name_ca78731c88aa,Female,53,Gujarat,Surat,Surat Branch,Business,3da7d831-0ddc-4216-a749-1374d4ec1778,14-11-2025,20:44:26,65255.48,651b4af8-849a-4321-87e7-ffb1109763a5,Debit,Restaurant,79385.27,Phone Banking,"Surat, Gujarat",Mobile,0,Clean,INR,+91965761XXXXXX,Utility bill,pii_email_dc0304c22ac7
3df7191f-2885-4bfc-8cf4-910641b5f913,pii_full_name_ca78731c88aa,Female,53,Gujarat,Surat,Surat Branch,Business,63a4b4e7-e942-4d67-a388-57ad5e8839d5,30-11-2025,02:50:43,55522.91,4f9a0d09-67d1-4b43-8551-6d8033578309,Bill Payment,Entertainment,64609.81,Digital Wallet,"Surat, Gujarat",ATM,0,Clean,INR,+91965761XXXXXX,Flight ticket,pii_email_dc0304c22ac7
3f9f888a-062d-4126-82bb-3c93c517c641,pii_full_name_bdb60bf8a70f,Female,50,Chhattisgarh,Bilaspur,Bilaspur Branch,Checking,07a51780-028c-4b2c-83a3-5d1be655b9c7,07-01-2025,01:59:00,71804.42,18067767-fe51-4e1a-a2f1-45d08c4423c5,Bill Payment,Entertainment,56065.2,Self-service Banking Machine,"Bilaspur, Chhattisgarh",Desktop,1,Clean,INR,+91915415XXXXXX,Online shopping,pii_email_645b1e4529dd
3f9f888a-062d-4126-82bb-3c93c517c641,pii_full_name_bdb60bf8a70f,Female,50,Chhattisgarh,Bilaspur,Bilaspur Branch,Checking,6bdb1b3a-87e5-4366-a34b-45446a2bc14f,11-02-2025,02:26:54,7622.54,cdee1b6e-7831-41e5-beeb-f1a7b887454a,Debit,Entertainment,46026.05,Contactless Card,"Bilaspur, Chhattisgarh",Mobile,0,Clean,INR,+91915415XXXXXX,Food delivery,pii_email_645b1e4529dd
3f9f888a-062d-4126-82bb-3c93c517c641,pii_full_name_bdb60bf8a70f,Female,50,Chhattisgarh,Bilaspur,Bilaspur Branch,Checking,c538d354-6b88-46f9-9ff2-dd85efd49280,14-02-2025,10:34:21,78781.37,4b7a046c-e77f-453f-9711-f74ef7fe12af,Transfer,Health,63245.64,Debit/Credit Card,"Bilaspur, Chhattisgarh",ATM,0,Clean,INR,+91915415XXXXXX,Train ticket,pii_email_645b1e4529dd
3f9f888a-062d-4126-82bb-3c93c517c641,pii_full_name_bdb60bf8a70f,Female,50,Chhattisgarh,Bilaspur,Bilaspur Branch,Checking,36d47652-79f4-4eb9-9948-21cf695cb726,01-03-2025,01:28:48,3029.6,c4d32cf5-f4b2-44f0-8e1b-6c261d14b9f8,Withdrawal,Health,42253.83,POS Mobile Device,"Bilaspur, Chhattisgarh",Mobile,0,Clean,INR,+91915415XXXXXX,Restaurant dining,pii_email_645b1e4529dd
3f9f888a-062d-4126-82bb-3c93c517c641,pii_full_name_bdb60bf8a70f,Female,50,Chhattisgarh,Bilaspur,Bilaspur Branch,Checking,c17cdaf5-4e86-4a32-8408-5c0f7bd30305,18-05-2025,11:51:22,16865.6,37999db6-4fb8-4d67-9038-bf0759ea7fba,Debit,Health,49386.22,POS Mobile App,"Bilaspur, Chhattisgarh",Desktop,0,Clean,INR,+91915415XXXXXX,Bitcoin transaction,pii_email_645b1e4529dd
3f9f888a-062d-4126-82bb-3c93c517c641,pii_full_name_bdb60bf8a70f,Female,50,Chhattisgarh,Bilaspur,Bilaspur Branch,Checking,653a015e-bf54-4747-a2b9-871f0ee68465,26-05-2025,01:00:52,11702.39,bd81c4b7-7d2f-489f-9e9b-1e287e6e6ea1,Transfer,Health,43424.07,Voice Assistant,"Bilaspur, Chhattisgarh",POS,0,Clean,INR,+91915415XXXXXX,Online shopping,pii_email_645b1e4529dd
3f9f888a-062d-4126-82bb-3c93c517c641,pii_full_name_bdb60bf8a70f,Female,50,Chhattisgarh,Bilaspur,Bilaspur Branch,Checking,f944337f-4fb8-4978-83ab-067ccf0274fe,12-06-2025,19:43:01,18832.95,3df98f71-d6de-4be3-95c8-1e1edaf4a3bb,Withdrawal,Health,41540.78,ATM Booth Kiosk,"Bilaspur, Chhattisgarh",ATM,0,Clean,INR,+91915415XXXXXX,Bus ticket,pii_email_645b1e4529dd
3f9f888a-062d-4126-82bb-3c93c517c641,pii_full_name_bdb60bf8a70f,Female,50,Chhattisgarh,Bilaspur,Bilaspur Branch,Checking,586cdd22-8537-4e06-b93d-0c0404eef580,06-07-2025,10:04:33,98999.99,250b1ed5-e035-44c8-8c43-1280b2f5d312,Withdrawal,Entertainment,51072.78,Virtual Card,"Bilaspur, Chhattisgarh",Mobile,0,Money Laundering,INR,+91915415XXXXXX,Utility bill,pii_email_645b1e4529dd
3f9f888a-062d-4126-82bb-3c93c517c641,pii_full_name_bdb60bf8a70f,Female,50,Chhattisgarh,Bilaspur,Bilaspur Branch,Checking,43c65a81-3c5c-4203-9b75-6c380e0f51bb,15-08-2025,00:53:46,63545.26,fee7427d-366c-444c-a426-4209ad8c6410,Transfer,Entertainment,48875.74,Self-service Banking Machine,"Bilaspur, Chhattisgarh",Mobile,0,Clean,INR,+91915415XXXXXX,Movie tickets,pii_email_645b1e4529dd
3f9f888a-062d-4126-82bb-3c93c517c641,pii_full_name_bdb60bf8a70f,Female,50,Chhattisgarh,Bilaspur,Bilaspur Branch,Checking,3f3f65cb-ea59-42ec-90a6-8030745d6e74,31-08-2025,20:47:21,14032.45,00586523-6873-4330-9c2f-d1c91deb8ba2,Bill Payment,Restaurant,40137.53,Digital Wallet,"Bilaspur, Chhattisgarh",POS,0,Clean,INR,+91915415XXXXXX,Gas bill,pii_email_645b1e4529dd
3f9f888a-062d-4126-82bb-3c93c517c641,pii_full_name_bdb60bf8a70f,Female,50,Chhattisgarh,Bilaspur,Bilaspur Branch,Checking,289cb2ad-fb7d-4931-a148-c6c073b3e83f,20-09-2025,07:39:29,29564.36,eadbf6f2-6557-4661-9505-d62910915dd2,Bill Payment,Health,61323.67,Branch Counter,"Bilaspur, Chhattisgarh",Mobile,0,Clean,INR,+91915415XXXXXX,Debt repayment,pii_email_645b1e4529dd
3f9f888a-062d-4126-82bb-3c93c517c641,pii_full_name_bdb60bf8a70f,Female,50,Chhattisgarh,Bilaspur,Bilaspur Branch,Checking,b7bd73aa-cc6a-4a00-8079-9b5d4f04b3e1,06-12-2025,22:31:41,59561.63,03115e2a-d28d-4529-a3e5-095b4123a9e4,Withdrawal,Electronics,55367.5,Chip Card,"Bilaspur, Chhattisgarh",ATM,0,Clean,INR,+91915415XXXXXX,Mobile recharge,pii_email_645b1e4529dd
3f9f888a-062d-4126-82bb-3c93c517c641,pii_full_name_bdb60bf8a70f,Female,50,Chhattisgarh,Bilaspur,Bilaspur Branch,Checking,e2eedf6a-3902-4c37-9846-86acfc35ca57,11-12-2025,13:56:20,68649.97,8ed0f0e9-554e-4e0e-bc62-2e106495a425,Withdrawal,Health,42521.22,Mobile Banking App,"Bilaspur, Chhattisgarh",Mobile,0,Clean,INR,+91915415XXXXXX,Mobile recharge,pii_email_645b1e4529dd
3f9f888a-062d-4126-82bb-3c93c517c641,pii_full_name_bdb60bf8a70f,Female,50,Chhattisgarh,Bilaspur,Bilaspur Branch,Checking,06a7baaf-8910-43a3-ac6e-fceb792504cb,18-12-2025,17:11:50,72341.06,8ac994cc-cd4f-488b-862c-328a9385a1be,Credit,Electronics,53260.16,Digital Wallet,"Bilaspur, Chhattisgarh",POS,0,Clean,INR,+91915415XXXXXX,Debt repayment,pii_email_645b1e4529dd
3f9f888a-062d-4126-82bb-3c93c517c641,pii_full_name_bdb60bf8a70f,Female,50,Chhattisgarh,Bilaspur,Bilaspur Branch,Checking,29c20b57-6818-4400-9f22-010ced00f670,20-12-2025,18:23:41,66507.77,c855625a-beb0-4398-ba09-29d6927fc4a4,Credit,Electronics,46788.31,Magnetic Strip Card,"Bilaspur, Chhattisgarh",POS,0,Clean,INR,+91915415XXXXXX,Mobile recharge,pii_email_645b1e4529dd
3f9f888a-062d-4126-82bb-3c93c517c641,pii_full_name_bdb60bf8a70f,Female,50,Chhattisgarh,Bilaspur,Bilaspur Branch,Checking,a26d7e35-661d-412b-b014-cf5b7a56eadb,23-12-2025,15:31:10,63189.51,bc4a0071-546f-46af-8faa-ec42b71f3f6d,Bill Payment,Health,42556.79,Internet Banking,"Bilaspur, Chhattisgarh",Desktop,0,Clean,INR,+91915415XXXXXX,Movie tickets,pii_email_645b1e4529dd
3fc6022d-1d5c-4aff-b442-00c10277d2a5,pii_full_name_9cb42fef8d0e,Female,69,Madhya Pradesh,Bhopal,Bhopal Branch,Business,603bd472-5b1e-44c1-bfbe-39cb086011ea,03-02-2025,18:32:03,94450.76,101df179-8262-4705-adae-bc54fef64497,Bill Payment,Clothing,16564.0,ATM Booth Kiosk,"Bhopal, Madhya Pradesh",ATM,0,Clean,INR,+91923718XXXXXX,Food delivery,pii_email_31a07fc3a1df
3fc6022d-1d5c-4aff-b442-00c10277d2a5,pii_full_name_9cb42fef8d0e,Female,69,Madhya Pradesh,Bhopal,Bhopal Branch,Business,9ed12888-3dd6-47f9-9147-419a4d19051f,04-04-2025,00:59:09,70896.97,cbe34dd9-73b1-42d5-aa4c-0752fdf0e3af,Bill Payment,Groceries,5029.66,ATM,"Bhopal, Madhya Pradesh",Mobile,0,Clean,INR,+91923718XXXXXX,Pharmacy bill,pii_email_31a07fc3a1df
3fc6022d-1d5c-4aff-b442-00c10277d2a5,pii_full_name_9cb42fef8d0e,Female,69,Madhya Pradesh,Bhopal,Bhopal Branch,Business,d2c7ca0f-a1b8-49e1-a811-2150eb0e9d98,17-04-2025,21:46:18,23234.43,969243f0-a898-434d-a1fc-85cc77aa468a,Credit,Electronics,7353.1,Biometric ATM,"Bhopal, Madhya Pradesh",Desktop,0,Clean,INR,+91923718XXXXXX,Salary credit,pii_email_31a07fc3a1df
3fc6022d-1d5c-4aff-b442-00c10277d2a5,pii_full_name_9cb42fef8d0e,Female,69,Madhya Pradesh,Bhopal,Bhopal Branch,Business,6cfa9071-2c79-4c37-b35e-0813f2dd9962,13-05-2025,09:37:27,17572.85,b59b7e31-7ac5-4130-920a-b728acaff645,Transfer,Groceries,36532.65,Contactless Card,"Bhopal, Madhya Pradesh",ATM,0,Clean,INR,+91923718XXXXXX,Flight ticket,pii_email_31a07fc3a1df
3fc6022d-1d5c-4aff-b442-00c10277d2a5,pii_full_name_9cb42fef8d0e,Female,69,Madhya Pradesh,Bhopal,Bhopal Branch,Business,c0e9d66d-59a6-4103-9eae-ecedd0a63614,15-05-2025,08:13:57,65553.14,d4698ddb-831c-4b1a-91dd-735518f12f94,Bill Payment,Clothing,6215.34,QR Code Scanner,"Bhopal, Madhya Pradesh",Mobile,0,Clean,INR,+91923718XXXXXX,Pharmacy bill,pii_email_31a07fc3a1df
3fc6022d-1d5c-4aff-b442-00c10277d2a5,pii_full_name_9cb42fef8d0e,Female,69,Madhya Pradesh,Bhopal,Bhopal Branch,Business,5e9e6887-d4e8-47af-8e97-099dc5b8d886,31-05-2025,06:54:46,37933.46,745c43a2-01d5-4919-aacf-82ba9b02f865,Debit,Clothing,12770.65,Biometric ATM,"Bhopal, Madhya Pradesh",Desktop,0,Clean,INR,+91923718XXXXXX,Electricity bill,pii_email_31a07fc3a1df
3fc6022d-1d5c-4aff-b442-00c10277d2a5,pii_full_name_9cb42fef8d0e,Female,69,Madhya Pradesh,Bhopal,Bhopal Branch,Business,3ccad49b-63ab-49f8-acff-a0dbe5747d93,17-06-2025,15:51:29,24070.44,11c26682-7ed1-4491-96f9-c189aa15b305,Bill Payment,Clothing,31326.73,ATM,"Bhopal, Madhya Pradesh",Mobile,0,Clean,INR,+91923718XXXXXX,Salary credit,pii_email_31a07fc3a1df
3fc6022d-1d5c-4aff-b442-00c10277d2a5,pii_full_name_9cb42fef8d0e,Female,69,Madhya Pradesh,Bhopal,Bhopal Branch,Business,0f979d50-593f-4eaa-930f-7220734ed132,06-07-2025,09:56:32,68620.03,cb683e53-f0a9-4eea-9be0-d9045a6aa9bb,Credit,Electronics,25519.53,Debit/Credit Card,"Bhopal, Madhya Pradesh",Mobile,0,Clean,INR,+91923718XXXXXX,Pharmacy bill,pii_email_31a07fc3a1df
3fc6022d-1d5c-4aff-b442-00c10277d2a5,pii_full_name_9cb42fef8d0e,Female,69,Madhya Pradesh,Bhopal,Bhopal Branch,Business,735a25ca-7db4-4737-9409-562eda46019d,07-07-2025,10:35:05,16045.56,39134615-b86e-466a-af34-e467786298b8,Transfer,Entertainment,8957.66,Chip Card,"Bhopal, Madhya Pradesh",Mobile,0,Clean,INR,+91923718XXXXXX,Flight ticket,pii_email_31a07fc3a1df
3fc6022d-1d5c-4aff-b442-00c10277d2a5,pii_full_name_9cb42fef8d0e,Female,69,Madhya Pradesh,Bhopal,Bhopal Branch,Business,91eab806-b2e7-438e-9c91-bf1bcb9befad,10-10-2025,21:46:28,96998.72,65fe47a2-6b3d-492f-8303-f1427a9d47bc,Credit,Restaurant,18657.53,QR Code Scanner,"Bhopal, Madhya Pradesh",Mobile,0,Clean,INR,+91923718XXXXXX,Gas bill,pii_email_31a07fc3a1df
3fc6022d-1d5c-4aff-b442-00c10277d2a5,pii_full_name_9cb42fef8d0e,Female,69,Madhya Pradesh,Bhopal,Bhopal Branch,Business,7447a75a-adfc-4a5e-8617-7dfaa97b30bb,12-10-2025,01:06:16,27988.72,357693f0-f2a2-446d-aeb4-efefa1b38f66,Debit,Electronics,33733.77,Biometric ATM,"Bhopal, Madhya Pradesh",Mobile,0,Clean,INR,+91923718XXXXXX,Jewelry purchase,pii_email_31a07fc3a1df
3fc6022d-1d5c-4aff-b442-00c10277d2a5,pii_full_name_9cb42fef8d0e,Female,69,Madhya Pradesh,Bhopal,Bhopal Branch,Business,e84bbf62-d51c-44a7-bffa-0eb491524a1e,14-10-2025,02:44:07,79323.48,b16626fe-e927-4f6e-8998-6e6cd05c4704,Withdrawal,Health,23394.38,ATM Booth Kiosk,"Bhopal, Madhya Pradesh",ATM,0,Clean,INR,+91923718XXXXXX,Electricity bill,pii_email_31a07fc3a1df
3fc6022d-1d5c-4aff-b442-00c10277d2a5,pii_full_name_9cb42fef8d0e,Female,69,Madhya Pradesh,Bhopal,Bhopal Branch,Business,38feb065-b515-47d6-af8d-9ffecd723d83,07-11-2025,06:19:17,92558.26,a235e0ad-80ac-43e2-ace4-acb431530044,Transfer,Restaurant,34775.36,Biometric ATM,"Bhopal, Madhya Pradesh",Mobile,0,Clean,INR,+91923718XXXXXX,EMI payment,pii_email_31a07fc3a1df
3fc6022d-1d5c-4aff-b442-00c10277d2a5,pii_full_name_9cb42fef8d0e,Female,69,Madhya Pradesh,Bhopal,Bhopal Branch,Business,380df478-b13a-4984-b527-da0e24b14bfe,25-11-2025,19:24:46,51863.89,79f8ceaa-1670-4895-b8d3-ec29c005a9d9,Withdrawal,Restaurant,5029.66,POS Mobile Device,"Bhopal, Madhya Pradesh",Mobile,0,Clean,INR,+91923718XXXXXX,Hotel booking,pii_email_31a07fc3a1df
40b84e06-9aca-41d1-95b7-9fe817569ddb,pii_full_name_d0980f3dd948,Female,31,Kerala,Thiruvananthapuram,Thiruvananthapuram Branch,Savings,3204ab06-d679-48f3-8587-3f34cc548f83,13-01-2025,16:03:49,76052.32,02b2dbe4-7b26-4463-a1fb-adc94b4e10c2,Withdrawal,Groceries,15841.49,Biometric ATM,"Thiruvananthapuram, Kerala",Desktop,0,Clean,INR,+91952318XXXXXX,Jewelry purchase,pii_email_6015fdfb32cc
40b84e06-9aca-41d1-95b7-9fe817569ddb,pii_full_name_d0980f3dd948,Female,31,Kerala,Thiruvananthapuram,Thiruvananthapuram Branch,Savings,c8edcfcd-053a-471a-bd6d-c83bb4ad0a3f,29-01-2025,15:27:20,59307.17,490085a8-ad76-4e8c-bfe6-18dde7aaeffd,Credit,Electronics,30461.84,POS Mobile Device,"Thiruvananthapuram, Kerala",POS,0,Clean,INR,+91952318XXXXXX,Bitcoin transaction,pii_email_6015fdfb32cc
40b84e06-9aca-41d1-95b7-9fe817569ddb,pii_full_name_d0980f3dd948,Female,31,Kerala,Thiruvananthapuram,Thiruvananthapuram Branch,Savings,3d8a379c-85fc-44b3-a8da-5351f0197de2,24-03-2025,08:15:30,25201.3,0f0f55b2-6434-422a-b1a0-0176fb1f193e,Credit,Electronics,24531.12,Chip Card,"Thiruvananthapuram, Kerala",ATM,0,Clean,INR,+91952318XXXXXX,Food delivery,pii_email_6015fdfb32cc
40b84e06-9aca-41d1-95b7-9fe817569ddb,pii_full_name_d0980f3dd948,Female,31,Kerala,Thiruvananthapuram,Thiruvananthapuram Branch,Savings,b6f19660-8d16-43c5-a5f9-a89591c203de,28-03-2025,20:40:33,96776.34,84c5c1ed-7c56-46fc-81e5-eae365ca165d,Withdrawal,Electronics,23446.72,Virtual Card,"Thiruvananthapuram, Kerala",POS,0,Clean,INR,+91952318XXXXXX,Debt repayment,pii_email_6015fdfb32cc
40b84e06-9aca-41d1-95b7-9fe817569ddb,pii_full_name_d0980f3dd948,Female,31,Kerala,Thiruvananthapuram,Thiruvananthapuram Branch,Savings,63900b19-08d0-418b-8fc1-33087533c10a,30-03-2025,04:26:00,74900.38,99231ad6-0e02-4263-aff5-6be73a20e3fc,Transfer,Clothing,25470.11,ATM Booth Kiosk,"Thiruvananthapuram, Kerala",Desktop,0,Clean,INR,+91952318XXXXXX,Gas bill,pii_email_6015fdfb32cc
40b84e06-9aca-41d1-95b7-9fe817569ddb,pii_full_name_d0980f3dd948,Female,31,Kerala,Thiruvananthapuram,Thiruvananthapuram Branch,Savings,60be5108-8c80-487c-9828-461910e7fff5,14-04-2025,15:58:45,88516.87,e024cf52-06e1-4be3-a71b-34cd94cdecad,Credit,Health,47462.39,Virtual Card,"Thiruvananthapuram, Kerala",POS,0,Clean,INR,+91952318XXXXXX,Flight ticket,pii_email_6015fdfb32cc
40b84e06-9aca-41d1-95b7-9fe817569ddb,pii_full_name_d0980f3dd948,Female,31,Kerala,Thiruvananthapuram,Thiruvananthapuram Branch,Savings,cc26afbc-fa5c-4138-8fb2-cb75f0da3fc6,05-06-2025,16:46:45,56559.14,13c2733c-a66f-4ac9-987e-d1746adc44c0,Bill Payment,Electronics,45952.9,POS Mobile App,"Thiruvananthapuram, Kerala",Desktop,0,Clean,INR,+91952318XXXXXX,Debt repayment,pii_email_6015fdfb32cc
40b84e06-9aca-41d1-95b7-9fe817569ddb,pii_full_name_d0980f3dd948,Female,31,Kerala,Thiruvananthapuram,Thiruvananthapuram Branch,Savings,32f90854-47a6-48c8-93c7-c53177ae4eb9,18-06-2025,16:45:48,42731.46,45fb1713-2f44-418d-96db-d32035d2a3be,Transfer,Restaurant,34734.98,Self-service Banking Machine,"Thiruvananthapuram, Kerala",ATM,0,Clean,INR,+91952318XXXXXX,Mobile recharge,pii_email_6015fdfb32cc
40b84e06-9aca-41d1-95b7-9fe817569ddb,pii_full_name_d0980f3dd948,Female,31,Kerala,Thiruvananthapuram,Thiruvananthapuram Branch,Savings,de67f284-7aab-46cc-b375-57d1c70a736c,22-07-2025,14:14:29,14765.67,cecccd58-4205-4ab2-9917-af71c83b7859,Withdrawal,Clothing,39023.69,QR Code Scanner,"Thiruvananthapuram, Kerala",ATM,0,Clean,INR,+91952318XXXXXX,Bitcoin transaction,pii_email_6015fdfb32cc
40b84e06-9aca-41d1-95b7-9fe817569ddb,pii_full_name_d0980f3dd948,Female,31,Kerala,Thiruvananthapuram,Thiruvananthapuram Branch,Savings,fbb89944-5ee4-4f63-8cbe-5a45a0ccd3d4,18-08-2025,00:42:49,14477.65,cde31fa5-1db2-44f6-84b6-ca4188ee624b,Debit,Restaurant,33124.35,Debit/Credit Card,"Thiruvananthapuram, Kerala",POS,1,Clean,INR,+91952318XXXXXX,Cash withdrawal,pii_email_6015fdfb32cc
40b84e06-9aca-41d1-95b7-9fe817569ddb,pii_full_name_d0980f3dd948,Female,31,Kerala,Thiruvananthapuram,Thiruvananthapuram Branch,Savings,e8e755bb-c8a3-454f-9147-1fafa9a1cac6,20-09-2025,09:37:51,44515.73,49e80e85-67a7-4679-b772-79d4f3e6ff0a,Debit,Restaurant,34572.12,ATM Booth Kiosk,"Thiruvananthapuram, Kerala",Mobile,0,Clean,INR,+91952318XXXXXX,Salary credit,pii_email_6015fdfb32cc
40b84e06-9aca-41d1-95b7-9fe817569ddb,pii_full_name_d0980f3dd948,Female,31,Kerala,Thiruvananthapuram,Thiruvananthapuram Branch,Savings,b2e823b5-064f-4354-848a-08577692b386,25-09-2025,08:57:30,39218.96,d9feaab2-b804-4bd2-a1df-518e5a6de476,Credit,Health,22010.99,Virtual Card,"Thiruvananthapuram, Kerala",POS,1,Clean,INR,+91952318XXXXXX,Salary credit,pii_email_6015fdfb32cc
40b84e06-9aca-41d1-95b7-9fe817569ddb,pii_full_name_d0980f3dd948,Female,31,Kerala,Thiruvananthapuram,Thiruvananthapuram Branch,Savings,cc4292ad-be21-46ff-9b88-b5d994f0ab77,26-09-2025,17:59:51,73810.16,26524ae4-5859-4f6c-87d3-7369a9a24519,Debit,Entertainment,18089.09,Magnetic Strip Card,"Thiruvananthapuram, Kerala",Desktop,1,Clean,INR,+91952318XXXXXX,Train ticket,pii_email_6015fdfb32cc
40b84e06-9aca-41d1-95b7-9fe817569ddb,pii_full_name_d0980f3dd948,Female,31,Kerala,Thiruvananthapuram,Thiruvananthapuram Branch,Savings,8ee15f14-5f48-4a42-9470-9937a4b6ef91,30-09-2025,01:34:34,21385.85,184beb2b-28b7-455e-9115-2d367fbb4255,Credit,Health,17980.07,Debit/Credit Card,"Thiruvananthapuram, Kerala",Desktop,0,Clean,INR,+91952318XXXXXX,Bitcoin transaction,pii_email_6015fdfb32cc
40b84e06-9aca-41d1-95b7-9fe817569ddb,pii_full_name_d0980f3dd948,Female,31,Kerala,Thiruvananthapuram,Thiruvananthapuram Branch,Savings,ad7a16d3-77e6-4742-b4c1-c84f77b61c35,29-10-2025,13:56:23,91598.52,58f28b84-9469-49f4-be96-de3ac7baf7a2,Bill Payment,Health,40500.26,Internet Banking,"Thiruvananthapuram, Kerala",POS,0,Clean,INR,+91952318XXXXXX,Insurance premium,pii_email_6015fdfb32cc
40b84e06-9aca-41d1-95b7-9fe817569ddb,pii_full_name_d0980f3dd948,Female,31,Kerala,Thiruvananthapuram,Thiruvananthapuram Branch,Savings,7df06bbc-0b2c-40aa-b0de-c61c34e2af99,04-11-2025,10:04:27,73422.0,c716b0cf-4e2c-4db6-b6e3-1b9af88156f6,Bill Payment,Electronics,38610.7,Chip Card,"Thiruvananthapuram, Kerala",POS,0,Clean,INR,+91952318XXXXXX,Gas bill,pii_email_6015fdfb32cc
40b84e06-9aca-41d1-95b7-9fe817569ddb,pii_full_name_d0980f3dd948,Female,31,Kerala,Thiruvananthapuram,Thiruvananthapuram Branch,Savings,9a19ac6c-1190-46f1-92ec-0e21580a65e4,18-12-2025,16:31:52,21977.22,10cad01e-b2b6-4e36-9c6f-1785d5c2b5bc,Credit,Groceries,49660.11,POS Mobile App,"Thiruvananthapuram, Kerala",Desktop,0,Clean,INR,+91952318XXXXXX,Salary credit,pii_email_6015fdfb32cc
416cb395-e945-41a9-b53e-63e31a0866be,pii_full_name_87309f4de3d1,Female,54,Uttar Pradesh,Varanasi,Varanasi Branch,Savings,f7344ed4-1b1c-4621-933f-ba723c046291,18-02-2025,04:01:51,724.16,410e5945-00c2-4d5a-8e49-f735587af6c7,Bill Payment,Entertainment,70283.01,Chip Card,"Varanasi, Uttar Pradesh",POS,0,Clean,INR,+91948360XXXXXX,Hotel booking,pii_email_089d95d5223d
416cb395-e945-41a9-b53e-63e31a0866be,pii_full_name_87309f4de3d1,Female,54,Uttar Pradesh,Varanasi,Varanasi Branch,Savings,90213b91-226d-437d-937e-15e3c405179d,16-04-2025,09:42:16,94313.99,4e5f929b-a213-464f-8b2a-d5c4c2bf58fd,Credit,Entertainment,88723.97,Video Banking,"Varanasi, Uttar Pradesh",Mobile,0,Clean,INR,+91948360XXXXXX,Pharmacy bill,pii_email_089d95d5223d
416cb395-e945-41a9-b53e-63e31a0866be,pii_full_name_87309f4de3d1,Female,54,Uttar Pradesh,Varanasi,Varanasi Branch,Savings,bbb07d74-e454-4957-b6fa-3d90e41e7561,31-08-2025,08:18:58,90095.67,f3aee461-c084-4f8e-b5ce-ca7279b842a3,Credit,Entertainment,79292.58,Digital Wallet,"Varanasi, Uttar Pradesh",Mobile,0,Clean,INR,+91948360XXXXXX,Mutual fund investment,pii_email_089d95d5223d
416cb395-e945-41a9-b53e-63e31a0866be,pii_full_name_87309f4de3d1,Female,54,Uttar Pradesh,Varanasi,Varanasi Branch,Savings,458618d7-065a-48ff-91ef-3d7d2e3618bf,27-10-2025,06:46:38,10214.54,6c46ba30-9baf-4c83-bfa6-736eeeb3b4ef,Transfer,Electronics,70355.43,Phone Banking,"Varanasi, Uttar Pradesh",ATM,0,Clean,INR,+91948360XXXXXX,Pharmacy bill,pii_email_089d95d5223d
41cc5eac-4877-454f-a8aa-3581e3591cef,pii_full_name_77c3a1dfc9ec,Male,36,Chhattisgarh,Raipur,Raipur Branch,Savings,36695353-08e3-4e4b-8610-018eb7ec16f8,14-01-2025,08:14:20,2312.34,6a8896bf-f4ad-4734-8652-a986e72b9789,Transfer,Health,82764.1,Video Banking,"Raipur, Chhattisgarh",Desktop,0,Clean,INR,+91994478XXXXXX,Online shopping,pii_email_4c3976f50d00
41cc5eac-4877-454f-a8aa-3581e3591cef,pii_full_name_77c3a1dfc9ec,Male,36,Chhattisgarh,Raipur,Raipur Branch,Savings,de26d099-944a-4a39-bcbd-04970a58dbd2,05-02-2025,04:12:28,68311.53,87a2557e-9fe5-4a2c-b08d-eedf66f0c734,Transfer,Entertainment,61946.78,Magnetic Strip Card,"Raipur, Chhattisgarh",POS,0,Clean,INR,+91994478XXXXXX,Mobile recharge,pii_email_4c3976f50d00
41cc5eac-4877-454f-a8aa-3581e3591cef,pii_full_name_77c3a1dfc9ec,Male,36,Chhattisgarh,Raipur,Raipur Branch,Savings,a806a946-a5b7-4baf-aa8b-a6ea8460ba14,18-02-2025,04:03:49,72462.07,7ef03b65-7ce1-4bb5-b305-024e1464a9a3,Debit,Entertainment,52810.29,Phone Banking,"Raipur, Chhattisgarh",Desktop,0,Clean,INR,+91994478XXXXXX,Food delivery,pii_email_4c3976f50d00
41cc5eac-4877-454f-a8aa-3581e3591cef,pii_full_name_77c3a1dfc9ec,Male,36,Chhattisgarh,Raipur,Raipur Branch,Savings,dd94c6c5-d5d6-40f6-b87c-b45f984228f4,16-05-2025,19:02:15,37891.8,e756c1d8-41be-47d2-b2cc-41aa4c97d841,Transfer,Groceries,65735.96,Branch Counter,"Raipur, Chhattisgarh",POS,0,Clean,INR,+91994478XXXXXX,Jewelry purchase,pii_email_4c3976f50d00
41cc5eac-4877-454f-a8aa-3581e3591cef,pii_full_name_77c3a1dfc9ec,Male,36,Chhattisgarh,Raipur,Raipur Branch,Savings,3125dbe9-1855-4cea-a82d-08270323f8db,21-05-2025,22:21:53,51015.13,2578bf42-468a-4093-be29-818fa11a23f2,Bill Payment,Clothing,60056.49,Internet Banking,"Raipur, Chhattisgarh",ATM,0,Clean,INR,+91994478XXXXXX,Jewelry purchase,pii_email_4c3976f50d00
41cc5eac-4877-454f-a8aa-3581e3591cef,pii_full_name_77c3a1dfc9ec,Male,36,Chhattisgarh,Raipur,Raipur Branch,Savings,1d08d790-1c64-4f0e-b2a5-ad6876de05a2,22-05-2025,03:32:22,26077.86,95a84cde-6a57-4548-9fe0-e9010b5b4db3,Credit,Restaurant,65795.96,Mobile Banking App,"Raipur, Chhattisgarh",Desktop,0,Clean,INR,+91994478XXXXXX,Bitcoin transaction,pii_email_4c3976f50d00
41cc5eac-4877-454f-a8aa-3581e3591cef,pii_full_name_77c3a1dfc9ec,Male,36,Rajasthan,Jaipur,Raipur Branch,Savings,42944f5e-c70b-4b09-af6b-482d3743d088,09-06-2025,01:00:00,2.38,bb1feca7-16cc-4b6b-aa62-06cfd2b79a6a,Debit,Digital Services,82764.1,Unknown Mobile Device,"Jaipur, Rajasthan",Mobile,1,Account Takeover,INR,+91994478XXXXXX,Test Transaction,pii_email_4c3976f50d00
41cc5eac-4877-454f-a8aa-3581e3591cef,pii_full_name_77c3a1dfc9ec,Male,36,Rajasthan,Jaipur,Raipur Branch,Savings,c954acdd-3246-47d1-a898-bf920312e740,09-06-2025,01:09:00,4.25,28712f02-d10e-4851-b05e-5927ea497b88,Debit,Entertainment,82764.1,Unknown Mobile Device,"Jaipur, Rajasthan",Mobile,1,Account Takeover,INR,+91994478XXXXXX,Test Transaction,pii_email_4c3976f50d00
41cc5eac-4877-454f-a8aa-3581e3591cef,pii_full_name_77c3a1dfc9ec,Male,36,Rajasthan,Jaipur,Raipur Branch,Savings,12b52b17-4690-4f1a-9383-36a60fc2e192,09-06-2025,02:54:00,0.0,6c4d2958-1c3f-4417-9f02-f327e4ecb2ea,Credit,Digital Services,82764.1,Unknown Mobile Device,"Jaipur, Rajasthan",Mobile,1,Account Takeover,INR,+91994478XXXXXX,Device registration,pii_email_4c3976f50d00
41cc5eac-4877-454f-a8aa-3581e3591cef,pii_full_name_77c3a1dfc9ec,Male,36,Rajasthan,Jaipur,Raipur Branch,Savings,a009d1cf-4159-428c-b193-fafc33fbf94f,09-06-2025,05:00:00,15085.28,678a1040-f637-4e48-ba5c-33dd3fe431c5,Transfer,Entertainment,57924.20367351723,Unknown Mobile Device,"Jaipur, Rajasthan",Mobile,1,Account Takeover,INR,+91994478XXXXXX,Online shopping,pii_email_4c3976f50d00
41cc5eac-4877-454f-a8aa-3581e3591cef,pii_full_name_77c3a1dfc9ec,Male,36,Rajasthan,Jaipur,Raipur Branch,Savings,cb18ae46-9e27-47fe-bb47-9cbf8a981422,09-06-2025,05:26:00,18506.15,6c6c427e-d5f6-4a9e-ab81-2a4f06eec041,Withdrawal,Clothing,59222.629358915045,Unknown Mobile Device,"Jaipur, Rajasthan",Mobile,1,Account Takeover,INR,+91994478XXXXXX,Purchase,pii_email_4c3976f50d00
41cc5eac-4877-454f-a8aa-3581e3591cef,pii_full_name_77c3a1dfc9ec,Male,36,Rajasthan,Jaipur,Raipur Branch,Savings,ddf49d12-815a-4a73-b82d-8291ef8a18aa,09-06-2025,06:16:00,16524.97,64955b90-ca02-4fcd-8422-1d17d7cf59f3,Withdrawal,Electronics,64786.13204005849,Unknown Mobile Device,"Jaipur, Rajasthan",Mobile,1,Account Takeover,INR,+91994478XXXXXX,Money transfer,pii_email_4c3976f50d00
41cc5eac-4877-454f-a8aa-3581e3591cef,pii_full_name_77c3a1dfc9ec,Male,36,Chhattisgarh,Raipur,Raipur Branch,Savings,1fc7dc8d-bb59-4f9c-bfad-2384c1bc5645,09-06-2025,10:09:08,38720.83,b1d47161-eaf4-4104-b2b6-1bc88527b7e9,Bill Payment,Electronics,41643.37,Self-service Banking Machine,"Raipur, Chhattisgarh",Desktop,0,Clean,INR,+91994478XXXXXX,Restaurant dining,pii_email_4c3976f50d00
41cc5eac-4877-454f-a8aa-3581e3591cef,pii_full_name_77c3a1dfc9ec,Male,36,Rajasthan,Jaipur,Raipur Branch,Savings,2cf3b989-1b9c-4c7b-8548-41833370e36c,09-06-2025,14:00:00,75540.3,439461b6-3e64-4cce-9484-cc7adbdb0ad6,Withdrawal,Electronics,1551.2026480643544,ATM Booth Kiosk,"Jaipur, Rajasthan",Mobile,1,Account Takeover,INR,+91994478XXXXXX,P2P transfer,pii_email_4c3976f50d00
41cc5eac-4877-454f-a8aa-3581e3591cef,pii_full_name_77c3a1dfc9ec,Male,36,Rajasthan,Jaipur,Raipur Branch,Savings,3ec41986-f69c-45ce-a76e-decbe036a8fe,09-06-2025,14:05:00,66543.7,d8b40a11-b0d1-410f-8457-c592617c9fd4,Withdrawal,Groceries,20041.284181463925,Unknown Mobile Device,"Jaipur, Rajasthan",Mobile,1,Account Takeover,INR,+91994478XXXXXX,P2P transfer,pii_email_4c3976f50d00
41cc5eac-4877-454f-a8aa-3581e3591cef,pii_full_name_77c3a1dfc9ec,Male,36,Rajasthan,Jaipur,Raipur Branch,Savings,60b63298-3ebf-4e4c-81fa-e29c63e4dae7,09-06-2025,14:10:00,26515.39,93037cc6-0765-41f8-9bde-b209060356b4,Debit,Health,11708.463001478376,Unknown Mobile Device,"Jaipur, Rajasthan",ATM,1,Account Takeover,INR,+91994478XXXXXX,Cash withdrawal,pii_email_4c3976f50d00
41cc5eac-4877-454f-a8aa-3581e3591cef,pii_full_name_77c3a1dfc9ec,Male,36,Rajasthan,Jaipur,Raipur Branch,Savings,78dcc948-d1e1-4000-bdf3-318ab7cc2d72,09-06-2025,14:30:00,33423.71,e5ad05f9-13c2-46d7-9f35-77010eda10a5,Debit,Electronics,35444.33982377861,ATM Booth Kiosk,"Jaipur, Rajasthan",Mobile,1,Account Takeover,INR,+91994478XXXXXX,ATM withdrawal,pii_email_4c3976f50d00
41cc5eac-4877-454f-a8aa-3581e3591cef,pii_full_name_77c3a1dfc9ec,Male,36,Rajasthan,Jaipur,Raipur Branch,Savings,fb7e9cc6-7bba-4f45-90f1-94e7491befe8,09-06-2025,14:33:00,75929.95,f0ebd126-2ffa-4d03-a52b-f6b256b67d4a,Transfer,Health,43478.143577439754,ATM Booth Kiosk,"Jaipur, Rajasthan",ATM,1,Account Takeover,INR,+91994478XXXXXX,P2P transfer,pii_email_4c3976f50d00
41cc5eac-4877-454f-a8aa-3581e3591cef,pii_full_name_77c3a1dfc9ec,Male,36,Rajasthan,Jaipur,Raipur Branch,Savings,7e13ec4c-56b4-4952-9f8e-5553afa2ccce,09-06-2025,14:48:00,46237.37,39f70db3-4003-4ea6-80fd-7e14e9b09e30,Transfer,Health,16205.379740272721,ATM Booth Kiosk,"Jaipur, Rajasthan",ATM,1,Account Takeover,INR,+91994478XXXXXX,ATM withdrawal,pii_email_4c3976f50d00
41cc5eac-4877-454f-a8aa-3581e3591cef,pii_full_name_77c3a1dfc9ec,Male,36,Rajasthan,Jaipur,Raipur Branch,Savings,5fa35581-215d-4b6b-b295-3dd3be79f77e,10-06-2025,02:00:00,0.0,3bab9ae9-5c1c-4b38-882e-4491c31d5f32,Credit,Digital Services,32764.100000000006,Unknown Mobile Device,"Jaipur, Rajasthan",Mobile,1,Account Takeover,INR,+91-8236481444,Contact update,pii_email_4c3976f50d00
41cc5eac-4877-454f-a8aa-3581e3591cef,pii_full_name_77c3a1dfc9ec,Male,36,Chhattisgarh,Raipur,Raipur Branch,Savings,33edd471-1a12-430e-af6c-bd984abfc5ab,16-06-2025,12:45:35,8521.8,185846ec-b0dc-4865-b3a4-cace5d6e8ca1,Debit,Health,47963.77,Voice Assistant,"Raipur, Chhattisgarh",Mobile,0,Clean,INR,+91994478XXXXXX,Pharmacy bill,pii_email_4c3976f50d00
41cc5eac-4877-454f-a8aa-3581e3591cef,pii_full_name_77c3a1dfc9ec,Male,36,Chhattisgarh,Raipur,Raipur Branch,Savings,f3b572de-4575-453d-95e2-2e65cfa63af1,29-06-2025,22:25:03,86449.06,818b154f-0538-4fe7-bb48-91718d8128bc,Transfer,Clothing,74440.87,POS Mobile App,"Raipur, Chhattisgarh",ATM,0,Clean,INR,+91994478XXXXXX,Flight ticket,pii_email_4c3976f50d00
41cc5eac-4877-454f-a8aa-3581e3591cef,pii_full_name_77c3a1dfc9ec,Male,36,Chhattisgarh,Raipur,Raipur Branch,Savings,92d207c8-47c2-4256-b5fd-e71e0a472204,27-08-2025,16:41:37,80920.0,e8172298-e659-4e73-ad89-1343697bdf4d,Credit,Groceries,82532.87,Voice Assistant,"Raipur, Chhattisgarh",Desktop,0,Clean,INR,+91994478XXXXXX,Mutual fund investment,pii_email_4c3976f50d00
41cc5eac-4877-454f-a8aa-3581e3591cef,pii_full_name_77c3a1dfc9ec,Male,36,Chhattisgarh,Raipur,Raipur Branch,Savings,628cf23d-d6c0-4789-9895-2240ed76d556,30-08-2025,04:46:48,72948.39,b7517358-a0fe-4cbf-b3a4-c77061b85917,Debit,Health,45515.45,Magnetic Strip Card,"Raipur, Chhattisgarh",POS,0,Clean,INR,+91994478XXXXXX,Debt repayment,pii_email_4c3976f50d00
41cc5eac-4877-454f-a8aa-3581e3591cef,pii_full_name_77c3a1dfc9ec,Male,36,Chhattisgarh,Raipur,Raipur Branch,Savings,b6a27444-7c55-4379-afcc-c0215e63f2ce,26-09-2025,16:59:01,66293.07,00c8816e-c733-43cc-9522-3f39c33fda6c,Transfer,Entertainment,54593.08,Virtual Card,"Raipur, Chhattisgarh",Mobile,0,Clean,INR,+91994478XXXXXX,Gym membership,pii_email_4c3976f50d00
41cc5eac-4877-454f-a8aa-3581e3591cef,pii_full_name_77c3a1dfc9ec,Male,36,Chhattisgarh,Raipur,Raipur Branch,Savings,a41bcce3-7e0e-4502-9241-f5534eeed828,27-10-2025,02:21:05,5225.42,6ce54bf0-01ec-43ad-bff1-50f8b985d128,Credit,Electronics,55115.62,Branch Counter,"Raipur, Chhattisgarh",Desktop,0,Clean,INR,+91994478XXXXXX,Jewelry purchase,pii_email_4c3976f50d00
41cc5eac-4877-454f-a8aa-3581e3591cef,pii_full_name_77c3a1dfc9ec,Male,36,Chhattisgarh,Raipur,Raipur Branch,Savings,3f260e01-349d-4d4d-b439-96d43c9b60d1,17-11-2025,20:19:05,25477.8,77641ab4-4a79-429e-a8e7-bd3f33ab9689,Withdrawal,Groceries,63188.18,Digital Wallet,"Raipur, Chhattisgarh",ATM,0,Clean,INR,+91994478XXXXXX,Taxi fare,pii_email_4c3976f50d00
41cc5eac-4877-454f-a8aa-3581e3591cef,pii_full_name_77c3a1dfc9ec,Male,36,Chhattisgarh,Raipur,Raipur Branch,Savings,1d7fab1b-0892-4b34-a808-1aaae86c36ca,19-11-2025,09:53:38,71725.89,43c81956-5c43-4a05-97a9-2f708bac1649,Transfer,Health,48815.95,POS Mobile Device,"Raipur, Chhattisgarh",Desktop,0,Clean,INR,+91994478XXXXXX,Taxi fare,pii_email_4c3976f50d00
41e2a91c-0e4a-45ef-9445-daf92ca156e9,pii_full_name_64d948d2e8b3,Male,65,Chhattisgarh,Korba,Korba Branch,Checking,c72a425b-0bde-48a0-90c2-85df9767a25c,25-04-2025,21:27:41,50992.59,9f415fb5-b50a-4c30-9a8e-145ccb53077d,Withdrawal,Clothing,74810.59,QR Code Scanner,"Korba, Chhattisgarh",ATM,0,Clean,INR,+91910404XXXXXX,Flight ticket,pii_email_2c1583b5adc4
41e2a91c-0e4a-45ef-9445-daf92ca156e9,pii_full_name_64d948d2e8b3,Male,65,Chhattisgarh,Korba,Korba Branch,Checking,b0b703d1-6b8e-4651-b5cd-99688fb1c3f3,10-06-2025,19:30:17,23156.03,eec8ffcd-6dc9-43b4-84c8-270b82606eb6,Withdrawal,Restaurant,79339.68,Branch Counter,"Korba, Chhattisgarh",ATM,0,Clean,INR,+91910404XXXXXX,Grocery delivery,pii_email_2c1583b5adc4
41e2a91c-0e4a-45ef-9445-daf92ca156e9,pii_full_name_64d948d2e8b3,Male,65,Chhattisgarh,Korba,Korba Branch,Checking,f49563ec-c3d4-4374-930a-1f333fb46f22,16-06-2025,07:31:42,44156.56,94eb207a-b14e-4c86-a146-9ce8be945574,Credit,Clothing,83755.33,Internet Banking,"Korba, Chhattisgarh",Desktop,0,Clean,INR,+91910404XXXXXX,Electricity bill,pii_email_2c1583b5adc4
41e2a91c-0e4a-45ef-9445-daf92ca156e9,pii_full_name_64d948d2e8b3,Male,65,Chhattisgarh,Korba,Korba Branch,Checking,48bff798-95e8-4f50-a0cc-386951a6192d,30-06-2025,01:37:56,5158.48,aed3f6fd-814a-4598-8f58-c1d63c712e1d,Credit,Clothing,84271.18,Contactless Card,"Korba, Chhattisgarh",Mobile,0,Clean,INR,+91910404XXXXXX,Jewelry purchase,pii_email_2c1583b5adc4
41e2a91c-0e4a-45ef-9445-daf92ca156e9,pii_full_name_64d948d2e8b3,Male,65,Chhattisgarh,Korba,Korba Branch,Checking,9ac3870d-ba33-443a-abcb-5eba6d639df9,07-09-2025,13:34:47,43613.37,91c6c056-b665-49d1-8b45-66e0060aad93,Debit,Health,79909.84,Contactless Card,"Korba, Chhattisgarh",Mobile,0,Clean,INR,+91910404XXXXXX,Cash withdrawal,pii_email_2c1583b5adc4
41e2a91c-0e4a-45ef-9445-daf92ca156e9,pii_full_name_64d948d2e8b3,Male,65,Chhattisgarh,Korba,Korba Branch,Checking,03e7dbeb-0736-44a0-902d-2a15ee9d1f00,05-11-2025,04:20:03,3.8,da350f57-c3a6-45ae-a548-ca7b9c16837f,Bill Payment,Entertainment,74806.79,,"Korba, Chhattisgarh",POS,1,CNP Fraud,,,Web purchase,pii_email_2c1583b5adc4
41e2a91c-0e4a-45ef-9445-daf92ca156e9,pii_full_name_64d948d2e8b3,Male,65,Chhattisgarh,Korba,Korba Branch,Checking,e762303b-d4cf-462e-ae0f-4710a6ce8f12,05-11-2025,04:22:42,7.45,376a1bd6-d3d0-4549-9d27-52c3d3473041,Bill Payment,Electronics,74799.33,,"Korba, Chhattisgarh",POS,1,CNP Fraud,,,E-commerce payment,pii_email_2c1583b5adc4
41e2a91c-0e4a-45ef-9445-daf92ca156e9,pii_full_name_64d948d2e8b3,Male,65,Chhattisgarh,Korba,Korba Branch,Checking,0fb0e7c1-83c2-4e48-ab8a-d94e5c914f8c,05-11-2025,04:22:50,83869.13,14b8a5b0-29e6-432b-bad2-0583f4b3b416,Debit,Unknown Merchant,0.0,,"Korba, Chhattisgarh",POS,1,CNP Fraud,,,Online service,pii_email_2c1583b5adc4
41e2a91c-0e4a-45ef-9445-daf92ca156e9,pii_full_name_64d948d2e8b3,Male,65,Chhattisgarh,Korba,Korba Branch,Checking,b35da438-e7ac-4330-8576-df71dcebf0b7,05-11-2025,04:23:50,50636.38,300e4bbf-8916-486f-9c94-ddcf4fd74cb9,Debit,Entertainment,0.0,,"Korba, Chhattisgarh",POS,1,CNP Fraud,,,E-commerce payment,pii_email_2c1583b5adc4
41e2a91c-0e4a-45ef-9445-daf92ca156e9,pii_full_name_64d948d2e8b3,Male,65,Chhattisgarh,Korba,Korba Branch,Checking,fc9181fa-1c54-4c69-8610-20a41ee49c0a,05-11-2025,04:28:30,36458.86,525c81fe-3f71-4021-ae7e-77f54cc05675,Credit,Entertainment,0.0,,"Korba, Chhattisgarh",POS,1,CNP Fraud,,,E-commerce payment,pii_email_2c1583b5adc4
41e2a91c-0e4a-45ef-9445-daf92ca156e9,pii_full_name_64d948d2e8b3,Male,65,Chhattisgarh,Korba,Korba Branch,Checking,48a93d72-2e02-4597-98c0-684e98e70071,13-11-2025,13:48:12,40712.82,5a40a7ce-06ab-4ca9-a4ee-93e4255ef292,Transfer,Health,81655.28,Virtual Card,"Korba, Chhattisgarh",ATM,0,Clean,INR,+91910404XXXXXX,Mobile recharge,pii_email_2c1583b5adc4
42965adc-bbd1-4c40-b482-67a7c40fc6a8,pii_full_name_f4e36ef8989b,Male,56,West Bengal,Kolkata,Kolkata Branch,Checking,463986d1-6fcd-4abf-ba3b-c23fa0d86cb7,25-02-2025,03:16:20,96484.13,20d3a915-6fac-42a1-9d4b-e7f4ea672806,Debit,Restaurant,50617.19,Virtual Card,"Kolkata, West Bengal",Mobile,0,Clean,INR,+91960336XXXXXX,Electricity bill,pii_email_7abb4701d308
42965adc-bbd1-4c40-b482-67a7c40fc6a8,pii_full_name_f4e36ef8989b,Male,56,West Bengal,Kolkata,Kolkata Branch,Checking,df2f4dca-5193-4e87-82a6-3aa4c713a239,18-03-2025,13:23:02,38039.48,a9a6ba59-0b49-4803-82ab-c06ee465eb6c,Debit,Clothing,38163.8,Contactless Card,"Kolkata, West Bengal",Mobile,0,Clean,INR,+91960336XXXXXX,Mobile recharge,pii_email_7abb4701d308
42965adc-bbd1-4c40-b482-67a7c40fc6a8,pii_full_name_f4e36ef8989b,Male,56,West Bengal,Kolkata,Kolkata Branch,Checking,ac345388-f04d-4552-b6dc-b186a5fc058d,04-05-2025,18:06:37,35610.24,e88ab220-4d3f-4169-9e25-3892db9d9aca,Debit,Health,74887.04,Voice Assistant,"Kolkata, West Bengal",POS,0,Clean,INR,+91960336XXXXXX,Restaurant dining,pii_email_7abb4701d308
42965adc-bbd1-4c40-b482-67a7c40fc6a8,pii_full_name_f4e36ef8989b,Male,56,West Bengal,Kolkata,Kolkata Branch,Checking,ffa2e36a-cf63-4403-bbd5-7fcb54b9bcd3,25-07-2025,16:54:45,74735.0,6aaae20b-a75d-4864-b60f-1551d8c3a979,Debit,Health,61424.78,ATM Booth Kiosk,"Kolkata, West Bengal",Mobile,0,Clean,INR,+91960336XXXXXX,Gas bill,pii_email_7abb4701d308
42965adc-bbd1-4c40-b482-67a7c40fc6a8,pii_full_name_f4e36ef8989b,Male,56,West Bengal,Kolkata,Kolkata Branch,Checking,90a0cd72-cabf-4f5f-9fca-16f1e599cf5b,13-08-2025,00:50:05,14336.9,edb4c967-a454-4a31-81a1-d2395de84f3b,Bill Payment,Health,68898.28,Branch Counter,"Kolkata, West Bengal",ATM,1,Clean,INR,+91960336XXXXXX,Bitcoin transaction,pii_email_7abb4701d308
42965adc-bbd1-4c40-b482-67a7c40fc6a8,pii_full_name_f4e36ef8989b,Male,56,West Bengal,Kolkata,Kolkata Branch,Checking,6b7059b1-8ebb-49fc-a8df-afd66428700a,17-08-2025,06:23:15,86525.48,4c4b6bd3-6add-4ccd-acab-0c3e77f17d12,Transfer,Restaurant,84659.0,QR Code Scanner,"Kolkata, West Bengal",Desktop,0,Clean,INR,+91960336XXXXXX,Grocery delivery,pii_email_7abb4701d308
42965adc-bbd1-4c40-b482-67a7c40fc6a8,pii_full_name_f4e36ef8989b,Male,56,West Bengal,Kolkata,Kolkata Branch,Checking,05765295-a1e8-4766-9213-c92a43d97cc4,17-09-2025,03:05:51,11591.77,9697e410-7329-44a3-8e69-e834b7632eaa,Withdrawal,Health,60265.6,Debit/Credit Card,"Kolkata, West Bengal",ATM,0,Clean,INR,+91960336XXXXXX,Flight ticket,pii_email_7abb4701d308
42965adc-bbd1-4c40-b482-67a7c40fc6a8,pii_full_name_f4e36ef8989b,Male,56,West Bengal,Kolkata,Kolkata Branch,Checking,b8ed43df-7128-42ea-a2db-44d1bbc967b8,02-10-2025,00:01:14,86494.37,eeba4b58-42c3-4487-8219-ca5a47f4a5a7,Bill Payment,Electronics,41967.75,QR Code Scanner,"Kolkata, West Bengal",Mobile,0,Clean,INR,+91960336XXXXXX,Bitcoin transaction,pii_email_7abb4701d308
42965adc-bbd1-4c40-b482-67a7c40fc6a8,pii_full_name_f4e36ef8989b,Male,56,West Bengal,Kolkata,Kolkata Branch,Checking,62929f46-bf68-4a2e-abdb-330bfb778bfd,07-11-2025,00:48:35,43944.03,fdaf0424-79bc-4ead-b799-96a8623b4084,Debit,Electronics,67680.4,Internet Banking,"Kolkata, West Bengal",POS,0,Clean,INR,+91960336XXXXXX,Movie tickets,pii_email_7abb4701d308
42965adc-bbd1-4c40-b482-67a7c40fc6a8,pii_full_name_f4e36ef8989b,Male,56,West Bengal,Kolkata,Kolkata Branch,Checking,152dddc9-fa50-49dd-a565-2a1069456e46,09-11-2025,10:33:38,62109.35,2e248d4f-ddb8-4b48-bb5e-f8423edcf8e8,Bill Payment,Groceries,78448.07,POS Mobile App,"Kolkata, West Bengal",ATM,0,Clean,INR,+91960336XXXXXX,Movie tickets,pii_email_7abb4701d308
42965adc-bbd1-4c40-b482-67a7c40fc6a8,pii_full_name_f4e36ef8989b,Male,56,West Bengal,Kolkata,Kolkata Branch,Checking,51ab867c-8592-45ef-81fc-9671126f504e,22-11-2025,10:28:42,45550.75,5c9656e0-aaa4-4150-876f-24aae777eced,Bill Payment,Health,70331.97,POS Mobile App,"Kolkata, West Bengal",Desktop,0,Clean,INR,+91960336XXXXXX,Restaurant dining,pii_email_7abb4701d308
42965adc-bbd1-4c40-b482-67a7c40fc6a8,pii_full_name_f4e36ef8989b,Male,56,West Bengal,Kolkata,Kolkata Branch,Checking,742951ef-2791-4a34-81e7-3ee9912e8d70,23-11-2025,00:06:57,83260.52,e490841d-1358-48d5-a894-0b273feb611c,Transfer,Entertainment,76006.46,QR Code Scanner,"Kolkata, West Bengal",Mobile,0,Clean,INR,+91960336XXXXXX,Gas bill,pii_email_7abb4701d308
443c0909-242c-48b4-8232-4fb200008eb4,pii_full_name_13de230e5835,Female,22,Chhattisgarh,Korba,Korba Branch,Business,f0c2dab9-5bb0-480b-b9ba-f55d1debbeb6,27-03-2025,04:54:01,13284.97,e2e83e31-1c92-4b4d-91f0-e1c73a83572c,Bill Payment,Clothing,40109.53,Debit/Credit Card,"Korba, Chhattisgarh",ATM,0,Clean,INR,+91951606XXXXXX,Debt repayment,pii_email_5e7693166cf8
443c0909-242c-48b4-8232-4fb200008eb4,pii_full_name_13de230e5835,Female,22,Chhattisgarh,Korba,Korba Branch,Business,46aaee17-8bb3-4799-8ac7-3425e98f3340,27-06-2025,23:14:08,42621.86,61cbb246-2058-4ecd-a49c-fd9881a0d56f,Transfer,Restaurant,55312.9,Contactless Card,"Korba, Chhattisgarh",Desktop,0,Clean,INR,+91951606XXXXXX,Hotel booking,pii_email_5e7693166cf8
443c0909-242c-48b4-8232-4fb200008eb4,pii_full_name_13de230e5835,Female,22,Chhattisgarh,Korba,Korba Branch,Business,79163e88-43c5-46bd-ae5c-3f2eacbbc9b4,19-08-2025,17:36:51,40095.24,9c68ba54-448b-45b5-997b-ec39d4064712,Withdrawal,Health,41438.03,Contactless Card,"Korba, Chhattisgarh",ATM,0,Clean,INR,+91951606XXXXXX,Restaurant dining,pii_email_5e7693166cf8
443c0909-242c-48b4-8232-4fb200008eb4,pii_full_name_13de230e5835,Female,22,Chhattisgarh,Korba,Korba Branch,Business,150623b3-fe06-41a5-8738-b9fa2a595269,09-09-2025,00:03:03,98653.43,1f49b1ff-3ae7-4cdc-af9f-d48333e5db8c,Withdrawal,Entertainment,45447.56,Branch Counter,"Korba, Chhattisgarh",Mobile,0,Clean,INR,+91951606XXXXXX,Food delivery,pii_email_5e7693166cf8
4487faa9-ea48-40e6-ba90-77aa89b6371c,pii_full_name_32582e826887,Female,47,Chandigarh,Chandigarh,Chandigarh Branch,Checking,8cf1c272-a2a2-4ebf-90f1-0a353235e6d3,01-02-2025,01:18:32,42224.4,329b5e1c-e8ee-4ba4-9bb9-2d5f779da390,Withdrawal,Entertainment,82981.59,Digital Wallet,"Chandigarh, Chandigarh",POS,1,Clean,INR,+91985629XXXXXX,Pharmacy bill,pii_email_558e8f1f62ec
4487faa9-ea48-40e6-ba90-77aa89b6371c,pii_full_name_32582e826887,Female,47,Chandigarh,Chandigarh,Chandigarh Branch,Checking,e8d9e12a-793b-4481-a521-ebe4da1eceb3,06-02-2025,10:55:52,52344.06,b80a4a66-ed1b-4f03-a22e-fe0f09441c5c,Credit,Restaurant,74485.92,UPI,"Chandigarh, Chandigarh",ATM,1,Clean,INR,+91985629XXXXXX,Hotel booking,pii_email_558e8f1f62ec
4487faa9-ea48-40e6-ba90-77aa89b6371c,pii_full_name_32582e826887,Female,47,Chandigarh,Chandigarh,Chandigarh Branch,Checking,ac210610-b66d-494d-b176-c1f99c4c3746,15-02-2025,10:08:53,13036.32,c6a52d50-04a5-4a53-b275-289dba45fb7e,Withdrawal,Electronics,87204.03,Branch Counter,"Chandigarh, Chandigarh",Desktop,0,Clean,INR,+91985629XXXXXX,Online shopping,pii_email_558e8f1f62ec
4487faa9-ea48-40e6-ba90-77aa89b6371c,pii_full_name_32582e826887,Female,47,Chandigarh,Chandigarh,Chandigarh Branch,Checking,f009eb89-dda0-4218-bcb3-e9892737ba22,18-02-2025,15:25:36,13466.36,6e6ae13b-4535-4c83-9851-6ebdbd785dbf,Credit,Restaurant,94240.69,POS Mobile Device,"Chandigarh, Chandigarh",POS,0,Clean,INR,+91985629XXXXXX,Grocery delivery,pii_email_558e8f1f62ec
4487faa9-ea48-40e6-ba90-77aa89b6371c,pii_full_name_32582e826887,Female,47,Chandigarh,Chandigarh,Chandigarh Branch,Checking,4d58d219-4061-4b3c-ab07-351a48056637,05-04-2025,08:35:01,66608.48,641ea02c-260b-4428-930b-59f3a7830881,Bill Payment,Clothing,69520.22,Self-service Banking Machine,"Chandigarh, Chandigarh",Desktop,0,Clean,INR,+91985629XXXXXX,Gym membership,pii_email_558e8f1f62ec
4487faa9-ea48-40e6-ba90-77aa89b6371c,pii_full_name_32582e826887,Female,47,Chandigarh,Chandigarh,Chandigarh Branch,Checking,639ee70f-7de9-4ac0-b720-38f89580501f,28-04-2025,23:26:09,75591.04,813a948b-dd2b-4a11-a6f3-5e4257d3ae22,Transfer,Electronics,77079.32,Debit/Credit Card,"Chandigarh, Chandigarh",ATM,0,Clean,INR,+91985629XXXXXX,Grocery delivery,pii_email_558e8f1f62ec
4487faa9-ea48-40e6-ba90-77aa89b6371c,pii_full_name_32582e826887,Female,47,Chandigarh,Chandigarh,Chandigarh Branch,Checking,6a68c409-a788-4dd2-ba1c-4be234407706,04-05-2025,15:43:59,77222.06,0b704f7f-8a60-40da-9eaf-ae0e99a2b960,Debit,Groceries,88507.66,ATM Booth Kiosk,"Chandigarh, Chandigarh",Desktop,0,Clean,INR,+91985629XXXXXX,Gas bill,pii_email_558e8f1f62ec
4487faa9-ea48-40e6-ba90-77aa89b6371c,pii_full_name_32582e826887,Female,47,Chandigarh,Chandigarh,Chandigarh Branch,Checking,86cb7fd8-27bd-431a-b206-55ef8be38288,23-05-2025,07:29:13,40199.49,5c31f0d9-f5bc-454e-964a-f525d0848c49,Withdrawal,Groceries,70465.97,Debit/Credit Card,"Chandigarh, Chandigarh",POS,0,Clean,INR,+91985629XXXXXX,Flight ticket,pii_email_558e8f1f62ec
4487faa9-ea48-40e6-ba90-77aa89b6371c,pii_full_name_32582e826887,Female,47,Chandigarh,Chandigarh,Chandigarh Branch,Checking,769235cc-2567-44ec-84a6-a702b8b539fd,26-05-2025,15:16:23,82425.39,382ecc2d-4bd4-4db3-83d9-ff6055d4184e,Transfer,Health,97276.94,Mobile Banking App,"Chandigarh, Chandigarh",Desktop,0,Clean,INR,+91985629XXXXXX,Online shopping,pii_email_558e8f1f62ec
4487faa9-ea48-40e6-ba90-77aa89b6371c,pii_full_name_32582e826887,Female,47,Chandigarh,Chandigarh,Chandigarh Branch,Checking,8c8d4cd2-79ec-4e8b-9c64-1d5bba74a222,28-06-2025,04:13:41,43828.85,d1a15370-d543-43fb-92fb-c9b2097b2b05,Bill Payment,Restaurant,92894.05,Branch Counter,"Chandigarh, Chandigarh",Mobile,0,Clean,INR,+91985629XXXXXX,Jewelry purchase,pii_email_558e8f1f62ec
4487faa9-ea48-40e6-ba90-77aa89b6371c,pii_full_name_32582e826887,Female,47,Chandigarh,Chandigarh,Chandigarh Branch,Checking,01ef6405-32ec-4902-971a-1dac58f0921b,10-09-2025,11:40:58,13598.67,571cd56a-61d7-4efb-9da1-a29cc7094dcc,Bill Payment,Restaurant,76181.07,Self-service Banking Machine,"Chandigarh, Chandigarh",ATM,0,Clean,INR,+91985629XXXXXX,Mobile recharge,pii_email_558e8f1f62ec
4487faa9-ea48-40e6-ba90-77aa89b6371c,pii_full_name_32582e826887,Female,47,Chandigarh,Chandigarh,Chandigarh Branch,Checking,1628616f-057d-4ea7-b31c-23d574ffc512,13-09-2025,10:13:46,52315.94,45c6a26b-51c2-4728-b66f-d6a750169aee,Debit,Restaurant,71293.76,Virtual Card,"Chandigarh, Chandigarh",ATM,0,Clean,INR,+91985629XXXXXX,Food delivery,pii_email_558e8f1f62ec
4487faa9-ea48-40e6-ba90-77aa89b6371c,pii_full_name_32582e826887,Female,47,Chandigarh,Chandigarh,Chandigarh Branch,Checking,3ab8877e-048a-4768-8d71-e51afa1b0f88,22-09-2025,12:47:59,64562.31,d96b5b3c-208d-4f02-9682-f21651deed49,Bill Payment,Electronics,76525.35,Phone Banking,"Chandigarh, Chandigarh",Mobile,0,Clean,INR,+91985629XXXXXX,Utility bill,pii_email_558e8f1f62ec
4487faa9-ea48-40e6-ba90-77aa89b6371c,pii_full_name_32582e826887,Female,47,Chandigarh,Chandigarh,Chandigarh Branch,Checking,770ba24b-c619-46a4-807f-b0a15315aa7c,12-10-2025,20:49:35,20422.47,06bdfac9-e1fa-4157-9937-87fe1ab21a7d,Bill Payment,Entertainment,69251.51,Digital Wallet,"Chandigarh, Chandigarh",POS,1,Clean,INR,+91985629XXXXXX,Electricity bill,pii_email_558e8f1f62ec
4487faa9-ea48-40e6-ba90-77aa89b6371c,pii_full_name_32582e826887,Female,47,Chandigarh,Chandigarh,Chandigarh Branch,Checking,1137469b-a126-4d11-a5f7-aefe93fba93e,01-11-2025,10:34:38,19891.74,e4f2e071-6ebe-45b5-af64-0c16c177d709,Credit,Clothing,96229.86,Chip Card,"Chandigarh, Chandigarh",POS,0,Clean,INR,+91985629XXXXXX,Salary credit,pii_email_558e8f1f62ec
4487faa9-ea48-40e6-ba90-77aa89b6371c,pii_full_name_32582e826887,Female,47,Chandigarh,Chandigarh,Chandigarh Branch,Checking,64b5b44c-8617-4677-8857-d2d4f91283d7,06-12-2025,13:09:40,70749.63,68cd33a3-35d1-4e04-9673-68b6ceec3aea,Credit,Restaurant,77540.93,Phone Banking,"Chandigarh, Chandigarh",ATM,0,Clean,INR,+91985629XXXXXX,Hotel booking,pii_email_558e8f1f62ec
481e61f7-5b41-4f90-8d8a-0db376a569f1,pii_full_name_e18903503080,Male,39,Chhattisgarh,Bilaspur,Bilaspur Branch,Checking,16ed85b5-56d6-4356-9a8d-c3e8d4722720,21-02-2025,23:07:27,41307.84,81c68c0e-a171-4b2c-9807-d03674096724,Credit,Health,47214.64,Self-service Banking Machine,"Bilaspur, Chhattisgarh",Desktop,0,Clean,INR,+91949954XXXXXX,Flight ticket,pii_email_4a7332e7c1d3
481e61f7-5b41-4f90-8d8a-0db376a569f1,pii_full_name_e18903503080,Male,39,Chhattisgarh,Bilaspur,Bilaspur Branch,Checking,9b1628a6-dd5a-42ea-ac49-47776506e436,20-05-2025,18:47:21,90618.11,a9da7405-630a-465b-b3ac-60e2d4502659,Transfer,Electronics,56276.45,Virtual Card,"Bilaspur, Chhattisgarh",Mobile,0,Clean,INR,+91949954XXXXXX,Train ticket,pii_email_4a7332e7c1d3
481e61f7-5b41-4f90-8d8a-0db376a569f1,pii_full_name_e18903503080,Male,39,Chhattisgarh,Bilaspur,Bilaspur Branch,Checking,1767257b-c0c8-4516-be3a-faf1c09ee0c7,17-06-2025,01:50:47,46595.36,404d6c55-25ed-4ec0-92d9-03cf72b509ae,Credit,Electronics,56225.8,POS Mobile Device,"Bilaspur, Chhattisgarh",ATM,0,Clean,INR,+91949954XXXXXX,Mutual fund investment,pii_email_4a7332e7c1d3
481e61f7-5b41-4f90-8d8a-0db376a569f1,pii_full_name_e18903503080,Male,39,Chhattisgarh,Bilaspur,Bilaspur Branch,Checking,001846a7-dc7d-48ef-9846-c97f7c2e34b8,13-09-2025,18:08:08,47101.88,4e123196-f62a-477c-abd5-11c1c17b2e57,Bill Payment,Groceries,51566.26,Debit/Credit Card,"Bilaspur, Chhattisgarh",ATM,0,Clean,INR,+91949954XXXXXX,Utility bill,pii_email_4a7332e7c1d3
481e61f7-5b41-4f90-8d8a-0db376a569f1,pii_full_name_e18903503080,Male,39,Chhattisgarh,Bilaspur,Bilaspur Branch,Checking,685243ec-cb35-4e0f-96f6-e496a9865dcd,03-10-2025,13:31:59,87918.54,1e1fe9dd-76f4-4adb-b808-719cb777ff77,Debit,Clothing,43083.85,Debit/Credit Card,"Bilaspur, Chhattisgarh",Mobile,0,Clean,INR,+91949954XXXXXX,Cash withdrawal,pii_email_4a7332e7c1d3
481e61f7-5b41-4f90-8d8a-0db376a569f1,pii_full_name_e18903503080,Male,39,Chhattisgarh,Bilaspur,Bilaspur Branch,Checking,fec916b6-d2b1-4368-9a12-8ef3e2974c91,10-12-2025,19:45:55,6497.79,a6aa00f4-47bc-49fe-9fea-e18df21252c1,Credit,Health,51875.71,POS Mobile App,"Bilaspur, Chhattisgarh",Desktop,0,Clean,INR,+91949954XXXXXX,Mobile recharge,pii_email_4a7332e7c1d3
4a0f2e7f-fe2c-4c50-a37f-64199cd1352e,pii_full_name_57065cbc95d5,Female,28,Chandigarh,Chandigarh,Chandigarh Branch,Checking,05d79086-bc03-43ba-9b63-2217f78413c0,16-01-2025,02:46:58,42862.7,4773c07f-2474-4971-88f3-3603a725116d,Bill Payment,Restaurant,26246.71,Magnetic Strip Card,"Chandigarh, Chandigarh",Desktop,0,Clean,INR,+91944766XXXXXX,Restaurant dining,pii_email_db5bba41ac94
4a0f2e7f-fe2c-4c50-a37f-64199cd1352e,pii_full_name_57065cbc95d5,Female,28,Chandigarh,Chandigarh,Chandigarh Branch,Checking,3ab46728-7f41-4865-a2d2-5001a2f8c93d,30-01-2025,21:10:01,62384.29,5a1c00fa-873d-40f9-8cc0-29c8194c12eb,Debit,Clothing,20008.28,Debit/Credit Card,"Chandigarh, Chandigarh",Mobile,0,Clean,INR,+91944766XXXXXX,Bitcoin transaction,pii_email_db5bba41ac94
4a0f2e7f-fe2c-4c50-a37f-64199cd1352e,pii_full_name_57065cbc95d5,Female,28,Chandigarh,Chandigarh,Chandigarh Branch,Checking,be6a6927-3eec-41f0-83ff-7ae8dfb2ca96,02-02-2025,09:36:11,94086.29,d0d17098-4171-433f-a58b-6e9c5b68434f,Transfer,Groceries,25512.87,ATM,"Chandigarh, Chandigarh",POS,0,Clean,INR,+91944766XXXXXX,Utility bill,pii_email_db5bba41ac94
4a0f2e7f-fe2c-4c50-a37f-64199cd1352e,pii_full_name_57065cbc95d5,Female,28,Chandigarh,Chandigarh,Chandigarh Branch,Checking,8a6c8b5a-afd3-40f7-9d9f-022136c2c6d4,20-02-2025,20:36:45,72504.65,5e5d6f8f-1961-4300-a4ec-03f806ccfe40,Debit,Groceries,27058.72,Branch Counter,"Chandigarh, Chandigarh",Desktop,0,Clean,INR,+91944766XXXXXX,Train ticket,pii_email_db5bba41ac94
4a0f2e7f-fe2c-4c50-a37f-64199cd1352e,pii_full_name_57065cbc95d5,Female,28,Chandigarh,Chandigarh,Chandigarh Branch,Checking,e85af52a-d400-4c8c-841a-70ecf59823cc,21-02-2025,21:46:55,7431.58,89b46be8-7724-4af3-90f7-3803a89c7d0c,Debit,Groceries,34309.19,Voice Assistant,"Chandigarh, Chandigarh",ATM,0,Clean,INR,+91944766XXXXXX,EMI payment,pii_email_db5bba41ac94
4a0f2e7f-fe2c-4c50-a37f-64199cd1352e,pii_full_name_57065cbc95d5,Female,28,Chandigarh,Chandigarh,Chandigarh Branch,Checking,b8293e3c-31d7-4d83-a34d-79d35658c444,23-02-2025,18:32:35,16475.44,28e5925e-9ddd-42c5-8302-5e5aac88093b,Transfer,Electronics,24622.73,Contactless Card,"Chandigarh, Chandigarh",POS,0,Clean,INR,+91944766XXXXXX,Flight ticket,pii_email_db5bba41ac94
4a0f2e7f-fe2c-4c50-a37f-64199cd1352e,pii_full_name_57065cbc95d5,Female,28,Chandigarh,Chandigarh,Chandigarh Branch,Checking,e64dd8ba-bb99-467f-84d3-eeae592e097c,20-03-2025,13:55:24,41087.27,5f12e9a7-8b48-468b-8586-efeffd042b45,Credit,Entertainment,28731.45,Branch Counter,"Chandigarh, Chandigarh",Mobile,0,Clean,INR,+91944766XXXXXX,Taxi fare,pii_email_db5bba41ac94
4a0f2e7f-fe2c-4c50-a37f-64199cd1352e,pii_full_name_57065cbc95d5,Female,28,Chandigarh,Chandigarh,Chandigarh Branch,Checking,2fa1919b-20e0-4a1f-8024-108b94216bf9,21-04-2025,20:44:21,23053.36,069b868d-9777-48ee-9eba-43a628bea490,Credit,Entertainment,36468.14,Phone Banking,"Chandigarh, Chandigarh",ATM,0,Clean,INR,+91944766XXXXXX,Gas bill,pii_email_db5bba41ac94
4a0f2e7f-fe2c-4c50-a37f-64199cd1352e,pii_full_name_57065cbc95d5,Female,28,Chandigarh,Chandigarh,Chandigarh Branch,Checking,96fc1087-9c59-4b69-ad1b-a867352edf64,17-05-2025,19:55:18,82400.78,bb75da0f-e15c-44ba-966a-91e685bc3b0a,Debit,Electronics,28228.06,UPI,"Chandigarh, Chandigarh",POS,0,Clean,INR,+91944766XXXXXX,Online shopping,pii_email_db5bba41ac94
4a0f2e7f-fe2c-4c50-a37f-64199cd1352e,pii_full_name_57065cbc95d5,Female,28,Chandigarh,Chandigarh,Chandigarh Branch,Checking,547afa4f-5f4c-4508-83aa-7b258fa6f040,27-06-2025,08:34:07,34226.79,ca653d4e-12af-4150-8876-4bfdfd42eca6,Withdrawal,Entertainment,30532.98,Contactless Card,"Chandigarh, Chandigarh",POS,0,Clean,INR,+91944766XXXXXX,Gym membership,pii_email_db5bba41ac94
4a0f2e7f-fe2c-4c50-a37f-64199cd1352e,pii_full_name_57065cbc95d5,Female,28,Chandigarh,Chandigarh,Chandigarh Branch,Checking,ebf429ed-e983-48a7-ab4d-275db0569413,13-07-2025,19:05:07,31234.92,082f9089-3504-4178-b029-1b47e019f980,Transfer,Entertainment,38381.47,Digital Wallet,"Chandigarh, Chandigarh",POS,0,Clean,INR,+91944766XXXXXX,Mobile recharge,pii_email_db5bba41ac94
4a0f2e7f-fe2c-4c50-a37f-64199cd1352e,pii_full_name_57065cbc95d5,Female,28,Chandigarh,Chandigarh,Chandigarh Branch,Checking,17edd4c3-790d-4493-af25-1f8139b00fd4,05-08-2025,09:06:21,13438.49,c2838095-9593-41fd-b6ec-4a344775861d,Transfer,Health,30075.3,Magnetic Strip Card,"Chandigarh, Chandigarh",Mobile,0,Clean,INR,+91944766XXXXXX,Gym membership,pii_email_db5bba41ac94
4a0f2e7f-fe2c-4c50-a37f-64199cd1352e,pii_full_name_57065cbc95d5,Female,28,Chandigarh,Chandigarh,Chandigarh Branch,Checking,c632edf0-460c-41bd-aa2f-670b0dd5ec92,03-10-2025,08:38:03,42186.61,6a0d977b-c3a9-43b6-b2fd-aabbc990a9eb,Debit,Restaurant,34162.81,QR Code Scanner,"Chandigarh, Chandigarh",Desktop,0,Clean,INR,+91944766XXXXXX,Train ticket,pii_email_db5bba41ac94
4a0f2e7f-fe2c-4c50-a37f-64199cd1352e,pii_full_name_57065cbc95d5,Female,28,Chandigarh,Chandigarh,Chandigarh Branch,Checking,3eeff272-6f40-45c7-aa03-e7f619ddea2c,21-10-2025,01:42:18,68242.82,5c48d5c8-f4fc-4b4e-9a63-46f57db9da5c,Credit,Health,35052.35,ATM,"Chandigarh, Chandigarh",ATM,0,Clean,INR,+91944766XXXXXX,Mutual fund investment,pii_email_db5bba41ac94
4a0f2e7f-fe2c-4c50-a37f-64199cd1352e,pii_full_name_57065cbc95d5,Female,28,Chandigarh,Chandigarh,Chandigarh Branch,Checking,f7cbdaec-2e8a-44cf-9542-35e8db48fa3e,01-11-2025,06:45:57,40835.39,9330a628-3e50-481a-a637-0c6c32f66fa2,Debit,Health,22975.18,UPI,"Chandigarh, Chandigarh",POS,0,Clean,INR,+91944766XXXXXX,Cash withdrawal,pii_email_db5bba41ac94
4a0f2e7f-fe2c-4c50-a37f-64199cd1352e,pii_full_name_57065cbc95d5,Female,28,Chandigarh,Chandigarh,Chandigarh Branch,Checking,8fb7c076-b377-4aff-b114-8c373d8296e4,04-11-2025,00:00:43,38803.58,a130310e-5c95-4018-98ac-59fbbcf37579,Transfer,Clothing,33955.66,POS Mobile Device,"Chandigarh, Chandigarh",POS,1,Clean,INR,+91944766XXXXXX,Bitcoin transaction,pii_email_db5bba41ac94
4a0f2e7f-fe2c-4c50-a37f-64199cd1352e,pii_full_name_57065cbc95d5,Female,28,Chandigarh,Chandigarh,Chandigarh Branch,Checking,d591d472-8d4c-41c2-95e8-0c1ddeeabfd8,12-12-2025,22:25:44,39040.38,4aa6d831-56c8-4a6c-ac13-4b9e361578e8,Bill Payment,Clothing,16104.24,Video Banking,"Chandigarh, Chandigarh",Mobile,1,Clean,INR,+91944766XXXXXX,Debt repayment,pii_email_db5bba41ac94
4b053241-731b-4542-9bbd-cef5d3beac07,pii_full_name_05735bdc7ba4,Male,22,Madhya Pradesh,Gwalior,Gwalior Branch,Checking,65fc3c63-6b4f-4060-a2b4-da899f0d8bcc,07-01-2025,09:43:54,27978.34,fdae1cc0-f020-424b-a05a-ecd928ff4791,Transfer,Entertainment,38462.88,Virtual Card,"Gwalior, Madhya Pradesh",ATM,0,Clean,INR,+91974077XXXXXX,Debt repayment,pii_email_d1e3f95685de
4b053241-731b-4542-9bbd-cef5d3beac07,pii_full_name_05735bdc7ba4,Male,22,Madhya Pradesh,Gwalior,Gwalior Branch,Checking,2f447dfb-5bad-4391-abe7-360a8d085178,16-02-2025,04:23:06,79781.8,9a29a70d-d2cd-4e85-a5c4-703532dbce0d,Bill Payment,Restaurant,43416.31,Contactless Card,"Gwalior, Madhya Pradesh",Desktop,0,Clean,INR,+91974077XXXXXX,Hotel booking,pii_email_d1e3f95685de
4b053241-731b-4542-9bbd-cef5d3beac07,pii_full_name_05735bdc7ba4,Male,22,Madhya Pradesh,Gwalior,Gwalior Branch,Checking,cf185ea2-488f-4fa4-943e-ff80b9e6c0b2,15-05-2025,19:27:12,49226.73,ed71ba33-db21-47f6-b239-7107a9c7af9a,Credit,Health,51394.49,QR Code Scanner,"Gwalior, Madhya Pradesh",POS,1,Clean,INR,+91974077XXXXXX,Debt repayment,pii_email_d1e3f95685de
4b053241-731b-4542-9bbd-cef5d3beac07,pii_full_name_05735bdc7ba4,Male,22,Madhya Pradesh,Gwalior,Gwalior Branch,Checking,c00b5579-8888-41b7-8bdd-1b904a17ad9a,18-07-2025,23:34:24,77512.64,378bb729-6169-48ad-9a4e-5bfcdcae7c06,Withdrawal,Entertainment,35665.05,Branch Counter,"Gwalior, Madhya Pradesh",POS,0,Clean,INR,+91974077XXXXXX,Grocery delivery,pii_email_d1e3f95685de
4d53a3ff-6dcf-4fb5-b06b-52caeb9c0c16,pii_full_name_f19592412182,Male,68,Andaman and Nicobar Islands,Diglipur,Diglipur Branch,Savings,5d8b09a9-def2-4b55-9a77-006d25c4315c,02-01-2025,09:43:07,9890.83,7d2093ae-371e-4fb6-bc06-a22d5c17f133,Bill Payment,Restaurant,78587.6,Self-service Banking Machine,"Diglipur, Andaman and Nicobar Islands",POS,0,Clean,INR,+91997235XXXXXX,Flight ticket,pii_email_f70cbf1d9f52
4d53a3ff-6dcf-4fb5-b06b-52caeb9c0c16,pii_full_name_f19592412182,Male,68,Andaman and Nicobar Islands,Diglipur,Diglipur Branch,Savings,0a583a8c-dd18-451a-a902-c5e41f1eacf4,07-01-2025,08:18:44,49695.87,533bf3cf-9939-4590-a49f-1fe9f07ba683,Withdrawal,Clothing,73618.02,Video Banking,"Diglipur, Andaman and Nicobar Islands",ATM,0,Clean,INR,+91997235XXXXXX,Utility bill,pii_email_f70cbf1d9f52
4d53a3ff-6dcf-4fb5-b06b-52caeb9c0c16,pii_full_name_f19592412182,Male,68,Andaman and Nicobar Islands,Diglipur,Diglipur Branch,Savings,13e51602-5d1e-4a48-8b8e-101c354236a5,21-01-2025,19:17:42,30198.25,b93e850c-00a9-4e67-8439-a7fe480992f2,Transfer,Restaurant,78342.24,Virtual Card,"Diglipur, Andaman and Nicobar Islands",ATM,0,Clean,INR,+91997235XXXXXX,Cash withdrawal,pii_email_f70cbf1d9f52
4d53a3ff-6dcf-4fb5-b06b-52caeb9c0c16,pii_full_name_f19592412182,Male,68,Andaman and Nicobar Islands,Diglipur,Diglipur Branch,Savings,bac45d1e-e6f0-45d6-add7-c2198e941907,28-01-2025,20:51:50,54885.93,55dd2c5e-dba5-45ae-b448-0312b6aa643a,Bill Payment,Clothing,72853.64,Internet Banking,"Diglipur, Andaman and Nicobar Islands",POS,0,Clean,INR,+91997235XXXXXX,Electricity bill,pii_email_f70cbf1d9f52
4d53a3ff-6dcf-4fb5-b06b-52caeb9c0c16,pii_full_name_f19592412182,Male,68,Andaman and Nicobar Islands,Diglipur,Diglipur Branch,Savings,d5745d63-3866-4706-a446-54dfbcca5402,21-02-2025,09:23:09,53884.97,bec35408-0afc-4c9d-82fa-7ef26bb8c9a6,Transfer,Restaurant,65469.75,Biometric ATM,"Diglipur, Andaman and Nicobar Islands",POS,0,Clean,INR,+91997235XXXXXX,Hotel booking,pii_email_f70cbf1d9f52
4d53a3ff-6dcf-4fb5-b06b-52caeb9c0c16,pii_full_name_f19592412182,Male,68,Andaman and Nicobar Islands,Diglipur,Diglipur Branch,Savings,1f97b5b5-8064-4328-be45-f638eeb8529a,24-02-2025,18:37:38,33105.1,8799e270-9f90-40bd-b407-18c8650b8c83,Debit,Restaurant,60081.25,Magnetic Strip Card,"Diglipur, Andaman and Nicobar Islands",Desktop,0,Clean,INR,+91997235XXXXXX,EMI payment,pii_email_f70cbf1d9f52
4d53a3ff-6dcf-4fb5-b06b-52caeb9c0c16,pii_full_name_f19592412182,Male,68,Andaman and Nicobar Islands,Diglipur,Diglipur Branch,Savings,51784973-1d07-43c6-8815-e249eb069b0e,27-02-2025,23:27:00,64825.71,e606216f-1477-464e-9a54-ab3580f05c0d,Credit,Health,79576.69,Mobile Banking App,"Diglipur, Andaman and Nicobar Islands",ATM,0,Clean,INR,+91997235XXXXXX,Insurance premium,pii_email_f70cbf1d9f52
4d53a3ff-6dcf-4fb5-b06b-52caeb9c0c16,pii_full_name_f19592412182,Male,68,Andaman and Nicobar Islands,Diglipur,Diglipur Branch,Savings,cc011d87-df23-449d-b3df-ce673c096c5b,21-03-2025,10:32:06,64340.27,db809706-6cfb-400c-80f4-f767cf272f3c,Transfer,Clothing,80052.04,UPI,"Diglipur, Andaman and Nicobar Islands",ATM,0,Clean,INR,+91997235XXXXXX,Salary credit,pii_email_f70cbf1d9f52
4d53a3ff-6dcf-4fb5-b06b-52caeb9c0c16,pii_full_name_f19592412182,Male,68,Andaman and Nicobar Islands,Diglipur,Diglipur Branch,Savings,b36eaf3c-4ab0-4a29-8e5e-eaae607e9c0b,03-05-2025,05:42:48,29864.93,ee81de21-ded4-4721-b897-fc6730817b59,Withdrawal,Restaurant,77065.55,POS Mobile App,"Diglipur, Andaman and Nicobar Islands",Mobile,0,Clean,INR,+91997235XXXXXX,Utility bill,pii_email_f70cbf1d9f52
4d53a3ff-6dcf-4fb5-b06b-52caeb9c0c16,pii_full_name_f19592412182,Male,68,Andaman and Nicobar Islands,Diglipur,Diglipur Branch,Savings,4da00002-d2d4-406d-8b16-8d9e811b8cf3,09-05-2025,02:52:57,120008.85,5d9ce5f6-6888-4ceb-9ca8-19135e105d9c,Transfer,Groceries,74939.65,ATM,"Diglipur, Andaman and Nicobar Islands",POS,1,Money Laundering,INR,+91997235XXXXXX,Food delivery,pii_email_f70cbf1d9f52
4d53a3ff-6dcf-4fb5-b06b-52caeb9c0c16,pii_full_name_f19592412182,Male,68,Andaman and Nicobar Islands,Diglipur,Diglipur Branch,Savings,4b4c719e-e032-49d6-9d26-85e4ef4c6d0e,13-06-2025,02:57:23,17431.4,a3905bc5-d484-4688-97f8-2d28143621d0,Bill Payment,Electronics,75322.41,Digital Wallet,"Diglipur, Andaman and Nicobar Islands",Mobile,0,Clean,INR,+91997235XXXXXX,Bitcoin transaction,pii_email_f70cbf1d9f52
4d53a3ff-6dcf-4fb5-b06b-52caeb9c0c16,pii_full_name_f19592412182,Male,68,Andaman and Nicobar Islands,Diglipur,Diglipur Branch,Savings,6c678c12-90b7-48d0-a609-9dce9636e229,13-08-2025,01:32:55,95163.15,5ee4b54a-bbd3-462c-9ec0-2aa508571650,Bill Payment,Clothing,55953.43,QR Code Scanner,"Diglipur, Andaman and Nicobar Islands",POS,0,Clean,INR,+91997235XXXXXX,Gas bill,pii_email_f70cbf1d9f52
4d53a3ff-6dcf-4fb5-b06b-52caeb9c0c16,pii_full_name_f19592412182,Male,68,Andaman and Nicobar Islands,Diglipur,Diglipur Branch,Savings,d553eef6-4ba9-401b-82ba-845573ccf2a0,17-08-2025,10:30:20,88355.95,7a1bd5d3-dbf3-475b-8e3f-5f7e37bdb8df,Bill Payment,Entertainment,58643.64,Chip Card,"Diglipur, Andaman and Nicobar Islands",Mobile,0,Clean,INR,+91997235XXXXXX,Gas bill,pii_email_f70cbf1d9f52
4d53a3ff-6dcf-4fb5-b06b-52caeb9c0c16,pii_full_name_f19592412182,Male,68,Andaman and Nicobar Islands,Diglipur,Diglipur Branch,Savings,724b70ad-e96c-4a03-b2d1-7f063978d538,01-09-2025,21:18:45,47481.23,31dce44a-6ce8-4c68-97a2-035f2b5824fe,Credit,Groceries,63391.76,Magnetic Strip Card,"Diglipur, Andaman and Nicobar Islands",Mobile,0,Clean,INR,+91997235XXXXXX,Bitcoin transaction,pii_email_f70cbf1d9f52
4d53a3ff-6dcf-4fb5-b06b-52caeb9c0c16,pii_full_name_f19592412182,Male,68,Andaman and Nicobar Islands,Diglipur,Diglipur Branch,Savings,b7a55c7a-bb2a-4c19-911f-c1fb4972881d,12-12-2025,03:48:13,74604.17,4ccf519b-0619-47e5-8192-df1ea98f1ac2,Debit,Clothing,67479.24,Mobile Banking App,"Diglipur, Andaman and Nicobar Islands",Desktop,0,Clean,INR,+91997235XXXXXX,Gas bill,pii_email_f70cbf1d9f52
51be562a-fef9-49e9-9f9a-6ea603284cb3,pii_full_name_ce32a272a70d,Female,50,Rajasthan,Udaipur,Udaipur Branch,Savings,777f5238-0d77-4ecb-ab15-1bc2c2456b73,16-01-2025,07:39:58,18386.84,fea526b6-8a6e-427b-8178-8784ad90b292,Bill Payment,Groceries,69081.71,Internet Banking,"Udaipur, Rajasthan",Desktop,0,Clean,INR,+91910206XXXXXX,Mobile recharge,pii_email_df256f404948
51be562a-fef9-49e9-9f9a-6ea603284cb3,pii_full_name_ce32a272a70d,Female,50,Rajasthan,Udaipur,Udaipur Branch,Savings,28ad6962-fc82-4d67-83d0-4aac1a1dd823,01-03-2025,19:10:57,34668.43,bbd10634-8765-4f61-a992-78c5bf5950f6,Debit,Electronics,86852.34,Biometric ATM,"Udaipur, Rajasthan",Desktop,1,Clean,INR,+91910206XXXXXX,Pharmacy bill,pii_email_df256f404948
51be562a-fef9-49e9-9f9a-6ea603284cb3,pii_full_name_ce32a272a70d,Female,50,Rajasthan,Udaipur,Udaipur Branch,Savings,6b57238c-5ad1-49a9-8a39-d6aa97d986c3,12-03-2025,12:04:25,88659.03,a7cce119-b8e3-4e66-acf7-03e3b3160b6c,Transfer,Electronics,86642.07,Biometric ATM,"Udaipur, Rajasthan",Mobile,0,Clean,INR,+91910206XXXXXX,Movie tickets,pii_email_df256f404948
51be562a-fef9-49e9-9f9a-6ea603284cb3,pii_full_name_ce32a272a70d,Female,50,Rajasthan,Udaipur,Udaipur Branch,Savings,4f53fb53-d735-407b-97d7-3aaec1ae7474,03-04-2025,21:15:40,48039.18,116cc4e6-17cd-4b39-a719-636f1ce1ef43,Credit,Clothing,85224.05,Phone Banking,"Udaipur, Rajasthan",Mobile,0,Clean,INR,+91910206XXXXXX,Hotel booking,pii_email_df256f404948
51be562a-fef9-49e9-9f9a-6ea603284cb3,pii_full_name_ce32a272a70d,Female,50,Rajasthan,Udaipur,Udaipur Branch,Savings,02e88eb7-2da6-4422-9739-2da7bc237699,04-05-2025,01:55:14,4861.23,16b93e0f-2eb4-410d-9ae6-8d51fe82d587,Bill Payment,Electronics,86366.22,Magnetic Strip Card,"Udaipur, Rajasthan",ATM,0,Clean,INR,+91910206XXXXXX,Insurance premium,pii_email_df256f404948
51be562a-fef9-49e9-9f9a-6ea603284cb3,pii_full_name_ce32a272a70d,Female,50,Rajasthan,Udaipur,Udaipur Branch,Savings,a04bb454-450d-40cb-973a-a93d3988df98,01-06-2025,07:42:08,41181.2,7b48b766-93a7-4fd3-8b55-a2cb8edeeb38,Bill Payment,Entertainment,72078.74,Chip Card,"Udaipur, Rajasthan",ATM,0,Clean,INR,+91910206XXXXXX,Online shopping,pii_email_df256f404948
51be562a-fef9-49e9-9f9a-6ea603284cb3,pii_full_name_ce32a272a70d,Female,50,Rajasthan,Udaipur,Udaipur Branch,Savings,b5c4b9f5-11dc-45d8-8d65-025b6e3c1254,10-06-2025,07:00:36,25728.02,b37350a8-88e4-4ee2-9196-e700943fe354,Transfer,Groceries,60029.22,POS Mobile App,"Udaipur, Rajasthan",POS,0,Clean,INR,+91910206XXXXXX,Electricity bill,pii_email_df256f404948
51be562a-fef9-49e9-9f9a-6ea603284cb3,pii_full_name_ce32a272a70d,Female,50,Rajasthan,Udaipur,Udaipur Branch,Savings,56d1a450-b639-4572-9589-a4158e286bee,14-07-2025,05:02:29,22311.42,1693c973-56a3-4a1e-bcb0-cb522c36244a,Bill Payment,Clothing,65523.59,Contactless Card,"Udaipur, Rajasthan",Mobile,0,Clean,INR,+91910206XXXXXX,Insurance premium,pii_email_df256f404948
51be562a-fef9-49e9-9f9a-6ea603284cb3,pii_full_name_ce32a272a70d,Female,50,Rajasthan,Udaipur,Udaipur Branch,Savings,2cc12cb2-06e7-415e-9ca3-0e2b0299a737,23-07-2025,14:56:39,95820.88,3f26e379-7afb-4800-8de4-16c462631657,Transfer,Entertainment,90747.73,ATM Booth Kiosk,"Udaipur, Rajasthan",POS,0,Clean,INR,+91910206XXXXXX,Insurance premium,pii_email_df256f404948
51be562a-fef9-49e9-9f9a-6ea603284cb3,pii_full_name_ce32a272a70d,Female,50,Rajasthan,Udaipur,Udaipur Branch,Savings,56f1c772-c7fd-41e8-89ac-d05011554f32,03-08-2025,02:20:25,88011.33,9d7c35b1-90a1-4ecf-8454-9650cb176536,Bill Payment,Entertainment,70920.4,Internet Banking,"Udaipur, Rajasthan",POS,0,Clean,INR,+91910206XXXXXX,Insurance premium,pii_email_df256f404948
51be562a-fef9-49e9-9f9a-6ea603284cb3,pii_full_name_ce32a272a70d,Female,50,Rajasthan,Udaipur,Udaipur Branch,Savings,9b5ffa85-84bc-4f40-8884-a38614660225,08-09-2025,02:14:28,62219.4,5b884cb2-c9d7-46f0-b87b-4aa4dbf0145e,Withdrawal,Health,80420.13,Mobile Banking App,"Udaipur, Rajasthan",POS,0,Clean,INR,+91910206XXXXXX,Electricity bill,pii_email_df256f404948
51be562a-fef9-49e9-9f9a-6ea603284cb3,pii_full_name_ce32a272a70d,Female,50,Rajasthan,Udaipur,Udaipur Branch,Savings,1eeb46a6-711c-4e72-a636-03237835ede9,28-09-2025,02:10:52,40584.05,37e870d2-52e5-4f92-a459-127efc3c3799,Withdrawal,Restaurant,81165.64,ATM Booth Kiosk,"Udaipur, Rajasthan",Mobile,0,Clean,INR,+91910206XXXXXX,Jewelry purchase,pii_email_df256f404948
51be562a-fef9-49e9-9f9a-6ea603284cb3,pii_full_name_ce32a272a70d,Female,50,Rajasthan,Udaipur,Udaipur Branch,Savings,cfe0094f-f062-4e18-a0b1-9996e7c67c8e,05-10-2025,09:38:52,80671.68,a31ad6b6-6d31-4d32-a413-019156ffee57,Withdrawal,Clothing,57456.42,Branch Counter,"Udaipur, Rajasthan",POS,0,Clean,INR,+91910206XXXXXX,Debt repayment,pii_email_df256f404948
51be562a-fef9-49e9-9f9a-6ea603284cb3,pii_full_name_ce32a272a70d,Female,50,Rajasthan,Udaipur,Udaipur Branch,Savings,c3f96061-3702-4034-b6bc-02f08fb9c0a1,10-11-2025,19:16:34,66446.9,dc7ccb47-d267-401c-9a12-30c94a1706d4,Withdrawal,Clothing,79721.53,Mobile Banking App,"Udaipur, Rajasthan",POS,0,Clean,INR,+91910206XXXXXX,Taxi fare,pii_email_df256f404948
51be562a-fef9-49e9-9f9a-6ea603284cb3,pii_full_name_ce32a272a70d,Female,50,Rajasthan,Udaipur,Udaipur Branch,Savings,72d91cec-44ea-45ae-9bf3-2120d687530f,23-11-2025,12:39:55,363684.47,04c038d8-5027-4cb2-8731-7f695c6f8c24,Credit,Digital Services,432766.18,,"Udaipur, Rajasthan",Desktop,0,Clean,,,Online deposit,pii_email_df256f404948
51be562a-fef9-49e9-9f9a-6ea603284cb3,pii_full_name_ce32a272a70d,Female,50,Rajasthan,Udaipur,Udaipur Branch,Savings,78180edc-0ba4-411b-9792-337ab9262032,23-11-2025,14:22:50,92768.08,da34b2a4-1142-4630-96c3-4946f7779eb6,Debit,Entertainment,215981.08,,"Udaipur, Rajasthan",Desktop,1,Money Mule,,,Wire transfer,pii_email_df256f404948
51be562a-fef9-49e9-9f9a-6ea603284cb3,pii_full_name_ce32a272a70d,Female,50,Rajasthan,Udaipur,Udaipur Branch,Savings,d59ad8b1-0a0a-4e7a-9d24-efe7a708e390,23-11-2025,09:32:21,124017.02,04ac550c-a250-4d26-b269-6d2f2467da53,Debit,Digital Services,308749.16,,"Udaipur, Rajasthan",Desktop,1,Money Mule,,,Payment sent,pii_email_df256f404948
51be562a-fef9-49e9-9f9a-6ea603284cb3,pii_full_name_ce32a272a70d,Female,50,Rajasthan,Udaipur,Udaipur Branch,Savings,9fce2140-46d2-46a0-9311-4cc949a1bb74,23-11-2025,17:25:41,128715.15,c329463c-a928-4baf-b504-005321a7d5ee,Transfer,Entertainment,87265.93,,"Udaipur, Rajasthan",Desktop,1,Money Mule,,,Payment sent,pii_email_df256f404948
51be562a-fef9-49e9-9f9a-6ea603284cb3,pii_full_name_ce32a272a70d,Female,50,Rajasthan,Udaipur,Udaipur Branch,Savings,381133b0-ac08-4964-9e51-e71ab111c0d3,28-11-2025,09:31:49,180553.85,6a32fdf3-9198-4fa0-80bb-63661cb76773,Credit,Digital Services,267819.78,,"Udaipur, Rajasthan",Desktop,0,Clean,,,Transfer from sender,pii_email_df256f404948
51be562a-fef9-49e9-9f9a-6ea603284cb3,pii_full_name_ce32a272a70d,Female,50,Rajasthan,Udaipur,Udaipur Branch,Savings,f156a00a-15a8-4849-af45-2c88cca84310,28-11-2025,10:09:08,66354.31,eb2892fb-9dad-439a-970e-25eca843effa,Withdrawal,Digital Services,146247.15,,"Udaipur, Rajasthan",Desktop,1,Money Mule,,,Outbound transfer,pii_email_df256f404948
51be562a-fef9-49e9-9f9a-6ea603284cb3,pii_full_name_ce32a272a70d,Female,50,Rajasthan,Udaipur,Udaipur Branch,Savings,90039fbf-d3a6-4291-9f1f-35fea823542b,28-11-2025,22:24:38,55218.32,87dec6eb-07d2-4464-936e-7d16c94695a7,Withdrawal,Entertainment,212601.46,,"Udaipur, Rajasthan",Desktop,1,Money Mule,,,Payment sent,pii_email_df256f404948
51be562a-fef9-49e9-9f9a-6ea603284cb3,pii_full_name_ce32a272a70d,Female,50,Rajasthan,Udaipur,Udaipur Branch,Savings,d9c40dbf-df7f-4fae-b0ec-26d6a7869c55,29-11-2025,12:18:12,49953.52,30cc997d-6983-4bf5-a3d0-eb51856f444c,Withdrawal,Electronics,96293.63,,"Udaipur, Rajasthan",Desktop,1,Money Mule,,,Wire transfer,pii_email_df256f404948
51be562a-fef9-49e9-9f9a-6ea603284cb3,pii_full_name_ce32a272a70d,Female,50,Rajasthan,Udaipur,Udaipur Branch,Savings,57e7e295-ce02-4288-883c-de37be6e4efd,01-12-2025,12:32:18,207370.39,a8b8b536-cac4-46e5-b15f-7e55e33e0ba9,Credit,Digital Services,303664.02,,"Udaipur, Rajasthan",Desktop,0,Clean,,,Payment received,pii_email_df256f404948
51be562a-fef9-49e9-9f9a-6ea603284cb3,pii_full_name_ce32a272a70d,Female,50,Rajasthan,Udaipur,Udaipur Branch,Savings,7f058b6e-763e-4c83-95a1-41a84386d9bc,01-12-2025,19:28:58,4285.43,a58f9a54-fbc4-4a0d-b4e3-5ff266844c45,Bill Payment,Restaurant,90319.19,Virtual Card,"Udaipur, Rajasthan",ATM,0,Clean,INR,+91910206XXXXXX,Gas bill,pii_email_df256f404948
51be562a-fef9-49e9-9f9a-6ea603284cb3,pii_full_name_ce32a272a70d,Female,50,Rajasthan,Udaipur,Udaipur Branch,Savings,f90d0458-ab4f-465e-897f-c576812fcadd,02-12-2025,14:52:27,197001.87,fddee7a4-e4f9-48ae-8788-051c932f08cf,Transfer,Unknown Merchant,106662.15,,"Udaipur, Rajasthan",Desktop,1,Money Mule,,,Wire transfer,pii_email_df256f404948
51be562a-fef9-49e9-9f9a-6ea603284cb3,pii_full_name_ce32a272a70d,Female,50,Rajasthan,Udaipur,Udaipur Branch,Savings,e2baa8de-fc1d-413c-8d80-bd58af5ac6f7,02-12-2025,16:25:01,13269.82,45ccd452-ce48-4f81-90ca-7e8f1dfe3d1a,Bill Payment,Electronics,67754.73,Biometric ATM,"Udaipur, Rajasthan",Desktop,0,Clean,INR,+91910206XXXXXX,Taxi fare,pii_email_df256f404948
51be562a-fef9-49e9-9f9a-6ea603284cb3,pii_full_name_ce32a272a70d,Female,50,Rajasthan,Udaipur,Udaipur Branch,Savings,a237d47d-3fb6-4d84-99ed-c200b1c996ab,20-12-2025,18:12:53,56974.27,39b04261-8fe3-4e0e-b9b8-baffdd65a46e,Transfer,Groceries,77776.17,Debit/Credit Card,"Udaipur, Rajasthan",ATM,0,Clean,INR,+91910206XXXXXX,Electricity bill,pii_email_df256f404948
51e85db2-3d0c-4c0f-b43d-c376764c6f41,pii_full_name_10402e568be6,Male,59,Lakshadweep,Kavaratti,Kavaratti Branch,Checking,5da6f97e-568a-408d-87d9-e42b06b6cdc1,08-01-2025,12:41:07,76531.28,c83606bc-344c-43e0-bfec-196d59d04730,Credit,Health,52993.77,Biometric ATM,"Kavaratti, Lakshadweep",Mobile,0,Clean,INR,+91936854XXXXXX,Flight ticket,pii_email_1040ff45c326
51e85db2-3d0c-4c0f-b43d-c376764c6f41,pii_full_name_10402e568be6,Male,59,Lakshadweep,Kavaratti,Kavaratti Branch,Checking,259cb0fd-a436-4ec8-8a5a-3022339584fd,10-01-2025,03:08:53,39406.49,1e818e3f-21f1-4098-a2cc-ce89b12cae89,Debit,Groceries,47999.03,Debit/Credit Card,"Kavaratti, Lakshadweep",POS,0,Clean,INR,+91936854XXXXXX,Movie tickets,pii_email_1040ff45c326
51e85db2-3d0c-4c0f-b43d-c376764c6f41,pii_full_name_10402e568be6,Male,59,Lakshadweep,Kavaratti,Kavaratti Branch,Checking,87044231-f413-4ebb-917a-43d833398525,26-01-2025,09:58:44,27376.33,fe24f4bc-833c-4ce3-8504-574d02a32ea2,Debit,Electronics,86669.12,UPI,"Kavaratti, Lakshadweep",Desktop,0,Clean,INR,+91936854XXXXXX,Utility bill,pii_email_1040ff45c326
51e85db2-3d0c-4c0f-b43d-c376764c6f41,pii_full_name_10402e568be6,Male,59,Lakshadweep,Kavaratti,Kavaratti Branch,Checking,21957a56-1745-41c5-8250-209273e342be,03-03-2025,21:17:13,54121.81,5f8aabb9-9e47-4746-95ca-1419065eb635,Bill Payment,Restaurant,72746.6,Virtual Card,"Kavaratti, Lakshadweep",POS,0,Clean,INR,+91936854XXXXXX,Mobile recharge,pii_email_1040ff45c326
51e85db2-3d0c-4c0f-b43d-c376764c6f41,pii_full_name_10402e568be6,Male,59,Lakshadweep,Kavaratti,Kavaratti Branch,Checking,cf23b08b-c161-4059-963e-dbf9ce8588d5,09-04-2025,12:15:40,5852.86,f7c97e51-d9d8-48f7-9b5c-1af3b4ce96fd,Debit,Restaurant,50270.29,POS Mobile Device,"Kavaratti, Lakshadweep",POS,1,Money Laundering,INR,+91936854XXXXXX,Cash withdrawal,pii_email_1040ff45c326
51e85db2-3d0c-4c0f-b43d-c376764c6f41,pii_full_name_10402e568be6,Male,59,Lakshadweep,Kavaratti,Kavaratti Branch,Checking,61d7b786-4516-4c89-9290-3a92c14a50ea,09-04-2025,14:28:37,4491.0,fb3a1a73-455f-49af-9450-6370a6b633b2,Withdrawal,Groceries,62054.92,Chip Card,"Kavaratti, Lakshadweep",POS,1,Money Laundering,INR,+91936854XXXXXX,Cash withdrawal,pii_email_1040ff45c326
51e85db2-3d0c-4c0f-b43d-c376764c6f41,pii_full_name_10402e568be6,Male,59,Lakshadweep,Kavaratti,Kavaratti Branch,Checking,bf6261d7-e0d0-4c5a-b79a-3025a1d53ab1,18-04-2025,00:16:47,98483.71,c1b4cb61-1be4-4a22-be64-09d16b940613,Bill Payment,Electronics,62898.22,Mobile Banking App,"Kavaratti, Lakshadweep",ATM,0,Clean,INR,+91936854XXXXXX,Salary credit,pii_email_1040ff45c326
51e85db2-3d0c-4c0f-b43d-c376764c6f41,pii_full_name_10402e568be6,Male,59,Lakshadweep,Kavaratti,Kavaratti Branch,Checking,74df268c-32c3-4255-bb0e-0a2334a4c1ee,27-04-2025,02:34:48,44009.71,0cc36653-180f-45f0-87af-b7a4db8da8f9,Credit,Entertainment,52400.0,Branch Counter,"Kavaratti, Lakshadweep",Desktop,0,Clean,INR,+91936854XXXXXX,Bus ticket,pii_email_1040ff45c326
51e85db2-3d0c-4c0f-b43d-c376764c6f41,pii_full_name_10402e568be6,Male,59,Lakshadweep,Kavaratti,Kavaratti Branch,Checking,adbfeb3c-5e39-4889-9de4-d30864099b84,03-06-2025,05:03:43,78461.07,e23c6813-d12a-48a5-8b2a-09d28de5c56e,Debit,Groceries,45340.65,Magnetic Strip Card,"Kavaratti, Lakshadweep",Desktop,0,Clean,INR,+91936854XXXXXX,Grocery delivery,pii_email_1040ff45c326
51e85db2-3d0c-4c0f-b43d-c376764c6f41,pii_full_name_10402e568be6,Male,59,Lakshadweep,Kavaratti,Kavaratti Branch,Checking,180cd35a-c16c-46f6-b642-e6218f0305e9,06-06-2025,01:33:27,46882.28,4d594c3b-4e83-421e-a052-191e892c5fb6,Transfer,Entertainment,79877.07,Virtual Card,"Kavaratti, Lakshadweep",ATM,0,Clean,INR,+91936854XXXXXX,Pharmacy bill,pii_email_1040ff45c326
51e85db2-3d0c-4c0f-b43d-c376764c6f41,pii_full_name_10402e568be6,Male,59,Lakshadweep,Kavaratti,Kavaratti Branch,Checking,cb144244-da20-42f6-b221-ce67c7bf318a,09-06-2025,10:07:32,60015.19,49ab0903-1369-4441-bf28-82177cc0a3ea,Credit,Health,75188.84,Virtual Card,"Kavaratti, Lakshadweep",POS,0,Clean,INR,+91936854XXXXXX,Mutual fund investment,pii_email_1040ff45c326
51e85db2-3d0c-4c0f-b43d-c376764c6f41,pii_full_name_10402e568be6,Male,59,Lakshadweep,Kavaratti,Kavaratti Branch,Checking,be0571b5-41aa-4dc1-ae1b-498064e79a7f,24-06-2025,19:37:23,71771.83,d4622ef7-3f05-41f3-a61c-5018a3a0f7f6,Bill Payment,Restaurant,79491.94,Biometric ATM,"Kavaratti, Lakshadweep",ATM,1,Clean,INR,+91936854XXXXXX,Gym membership,pii_email_1040ff45c326
51e85db2-3d0c-4c0f-b43d-c376764c6f41,pii_full_name_10402e568be6,Male,59,Lakshadweep,Kavaratti,Kavaratti Branch,Checking,c53da62e-c9ed-4563-a31f-4ee1c3624477,12-07-2025,16:21:33,67277.19,f670de98-8da9-491e-82f5-70fa1b3ee8ab,Credit,Electronics,57227.5,Phone Banking,"Kavaratti, Lakshadweep",ATM,0,Clean,INR,+91936854XXXXXX,Bus ticket,pii_email_1040ff45c326
51e85db2-3d0c-4c0f-b43d-c376764c6f41,pii_full_name_10402e568be6,Male,59,Lakshadweep,Kavaratti,Kavaratti Branch,Checking,24856d36-6f6a-465c-95bd-3052760c3b8d,09-09-2025,07:01:54,72155.72,ee3b3215-ea26-43c3-86bf-c9d44cf41913,Transfer,Electronics,51939.68,Self-service Banking Machine,"Kavaratti, Lakshadweep",POS,0,Clean,INR,+91936854XXXXXX,Mobile recharge,pii_email_1040ff45c326
51e85db2-3d0c-4c0f-b43d-c376764c6f41,pii_full_name_10402e568be6,Male,59,Lakshadweep,Kavaratti,Kavaratti Branch,Checking,ca2a0bef-53d6-4017-ae4c-b01ac2c5a28c,09-09-2025,15:55:58,97114.72,205c173c-d8a3-404d-b270-aaeac3ec5fd0,Bill Payment,Health,53186.75,Phone Banking,"Kavaratti, Lakshadweep",Mobile,0,Clean,INR,+91936854XXXXXX,Gas bill,pii_email_1040ff45c326
51e85db2-3d0c-4c0f-b43d-c376764c6f41,pii_full_name_10402e568be6,Male,59,Lakshadweep,Kavaratti,Kavaratti Branch,Checking,0558078b-a091-49a4-a207-272b47dfc414,04-11-2025,08:10:55,13331.58,055e6f04-9c72-406d-abda-af3b7e9342e7,Debit,Entertainment,78158.78,Contactless Card,"Kavaratti, Lakshadweep",POS,0,Clean,INR,+91936854XXXXXX,Debt repayment,pii_email_1040ff45c326
51e85db2-3d0c-4c0f-b43d-c376764c6f41,pii_full_name_10402e568be6,Male,59,Lakshadweep,Kavaratti,Kavaratti Branch,Checking,6e18ab1c-c48b-41b9-a371-ca4d4987e061,08-11-2025,19:49:10,95296.79,01b69ba1-6c80-493e-993d-fa0ebfcc6f6d,Transfer,Electronics,89406.75,Digital Wallet,"Kavaratti, Lakshadweep",POS,0,Clean,INR,+91936854XXXXXX,Restaurant dining,pii_email_1040ff45c326
51e85db2-3d0c-4c0f-b43d-c376764c6f41,pii_full_name_10402e568be6,Male,59,Lakshadweep,Kavaratti,Kavaratti Branch,Checking,d13a64b3-9509-45ce-adbe-faaeaf90688b,20-11-2025,00:49:00,19002.22,6c4fb514-0571-4ee8-a3a0-5db22c042e7e,Debit,Restaurant,50499.78,UPI,"Kavaratti, Lakshadweep",Mobile,1,Clean,INR,+91936854XXXXXX,Pharmacy bill,pii_email_1040ff45c326
51e85db2-3d0c-4c0f-b43d-c376764c6f41,pii_full_name_10402e568be6,Male,59,Lakshadweep,Kavaratti,Kavaratti Branch,Checking,5dcc448a-d3ee-4107-b8d9-c015091896c6,08-12-2025,21:43:08,82696.65,4aebe2ce-d3bc-4c87-9a0c-b69cbc3d1702,Withdrawal,Electronics,44724.11,UPI,"Kavaratti, Lakshadweep",ATM,0,Clean,INR,+91936854XXXXXX,Bus ticket,pii_email_1040ff45c326
526ac570-7d66-4fe2-9600-31658f8dc78c,pii_full_name_c043022dd121,Male,53,Chandigarh,Chandigarh,Chandigarh Branch,Business,ffebca2e-3cdf-47b0-a4c2-230f498a95cd,08-01-2025,15:53:47,84597.27,864ad40f-09df-418a-9235-2cb04813f066,Withdrawal,Health,10287.83,Contactless Card,"Chandigarh, Chandigarh",ATM,0,Clean,INR,+91939592XXXXXX,Food delivery,pii_email_f3c8ee426c46
526ac570-7d66-4fe2-9600-31658f8dc78c,pii_full_name_c043022dd121,Male,53,Chandigarh,Chandigarh,Chandigarh Branch,Business,ab32c811-0268-4ade-80d4-b28494397227,26-02-2025,23:28:14,52833.44,cbed45ea-025d-49d5-8127-e74ebd976736,Transfer,Health,12147.12,Self-service Banking Machine,"Chandigarh, Chandigarh",POS,0,Clean,INR,+91939592XXXXXX,Pharmacy bill,pii_email_f3c8ee426c46
526ac570-7d66-4fe2-9600-31658f8dc78c,pii_full_name_c043022dd121,Male,53,Chandigarh,Chandigarh,Chandigarh Branch,Business,a0597760-6b8a-4af0-8242-35308afa416a,04-03-2025,19:24:11,58498.48,d6edef6f-f0cd-42a1-bc5a-ed655338166c,Bill Payment,Restaurant,7644.87,Self-service Banking Machine,"Chandigarh, Chandigarh",Desktop,0,Clean,INR,+91939592XXXXXX,Flight ticket,pii_email_f3c8ee426c46
526ac570-7d66-4fe2-9600-31658f8dc78c,pii_full_name_c043022dd121,Male,53,Chandigarh,Chandigarh,Chandigarh Branch,Business,1453375a-c4b8-4bce-aa13-66be0fc5c75e,16-06-2025,01:22:22,2130.7,c6eb795f-8774-4052-8e56-e8d0fd6b3c0e,Transfer,Groceries,12360.19,Branch Counter,"Chandigarh, Chandigarh",POS,0,Clean,INR,+91939592XXXXXX,Movie tickets,pii_email_f3c8ee426c46
526ac570-7d66-4fe2-9600-31658f8dc78c,pii_full_name_c043022dd121,Male,53,Chandigarh,Chandigarh,Chandigarh Branch,Business,f891983c-fddc-46f7-a952-f3adda7d3ac2,12-07-2025,17:50:08,69345.37,7c996f92-790a-4279-8cfe-c92b3cab895f,Credit,Restaurant,19294.73,POS Mobile Device,"Chandigarh, Chandigarh",ATM,1,Clean,INR,+91939592XXXXXX,Bitcoin transaction,pii_email_f3c8ee426c46
526ac570-7d66-4fe2-9600-31658f8dc78c,pii_full_name_c043022dd121,Male,53,Chandigarh,Chandigarh,Chandigarh Branch,Business,029a5563-635d-4600-8865-a85ef66f194c,22-08-2025,13:37:45,40940.53,09e00b7a-f981-4516-be98-f5e3c72df706,Bill Payment,Electronics,11608.55,Branch Counter,"Chandigarh, Chandigarh",ATM,0,Clean,INR,+91939592XXXXXX,Train ticket,pii_email_f3c8ee426c46
526ac570-7d66-4fe2-9600-31658f8dc78c,pii_full_name_c043022dd121,Male,53,Chandigarh,Chandigarh,Chandigarh Branch,Business,296086e4-fa7a-49f5-8a64-7a1f286ed9d4,31-08-2025,08:09:35,58000.09,b7d0ce28-f366-4314-a289-cd2040935efc,Bill Payment,Electronics,13494.72,Video Banking,"Chandigarh, Chandigarh",Desktop,0,Clean,INR,+91939592XXXXXX,Mobile recharge,pii_email_f3c8ee426c46
526ac570-7d66-4fe2-9600-31658f8dc78c,pii_full_name_c043022dd121,Male,53,Chandigarh,Chandigarh,Chandigarh Branch,Business,0d3a36f9-390c-4dcf-9def-62c21e8e7a5e,05-12-2025,01:21:19,71390.11,b6ede77f-b7e7-4e57-8fca-ce86c4dcfe2a,Credit,Health,18747.56,POS Mobile App,"Chandigarh, Chandigarh",Mobile,1,Clean,INR,+91939592XXXXXX,Gas bill,pii_email_f3c8ee426c46
526ac570-7d66-4fe2-9600-31658f8dc78c,pii_full_name_c043022dd121,Male,53,Chandigarh,Chandigarh,Chandigarh Branch,Business,7a02dbcb-6e84-4d0b-a059-bfebd5e3731d,27-12-2025,17:02:09,34240.57,a3be8c16-3105-4e2c-a6ec-5b539c112251,Withdrawal,Restaurant,6863.77,Biometric ATM,"Chandigarh, Chandigarh",POS,0,Clean,INR,+91939592XXXXXX,Debt repayment,pii_email_f3c8ee426c46
52a75643-9e4b-44ae-8f3b-e80d2eb7aadc,pii_full_name_9a105e03f3f2,Male,47,Rajasthan,Udaipur,Udaipur Branch,Business,8d43fbcf-4c38-47ba-bfff-a9a94c03b356,12-02-2025,22:22:26,75641.53,b09cb663-9b98-45ab-b0be-3a289c4ece8c,Credit,Restaurant,64199.47,Mobile Banking App,"Udaipur, Rajasthan",POS,0,Clean,INR,+91961885XXXXXX,Electricity bill,pii_email_bfb1614aa4e2
52a75643-9e4b-44ae-8f3b-e80d2eb7aadc,pii_full_name_9a105e03f3f2,Male,47,Rajasthan,Udaipur,Udaipur Branch,Business,31ba7a0d-2121-4626-9b18-c16084a88edc,14-03-2025,19:52:18,65488.11,fa394638-43a0-4138-bead-8690096205a2,Debit,Restaurant,26363.03,Video Banking,"Udaipur, Rajasthan",POS,0,Clean,INR,+91961885XXXXXX,Mobile recharge,pii_email_bfb1614aa4e2
52a75643-9e4b-44ae-8f3b-e80d2eb7aadc,pii_full_name_9a105e03f3f2,Male,47,Rajasthan,Udaipur,Udaipur Branch,Business,508cc64e-ac85-4a3c-8b5a-cd2a1405cc04,20-03-2025,07:50:23,11249.68,57a5cb97-2b87-4bdb-b01b-d0a72e9a0385,Credit,Electronics,65324.44,Contactless Card,"Udaipur, Rajasthan",ATM,0,Clean,INR,+91961885XXXXXX,Food delivery,pii_email_bfb1614aa4e2
52a75643-9e4b-44ae-8f3b-e80d2eb7aadc,pii_full_name_9a105e03f3f2,Male,47,Rajasthan,Udaipur,Udaipur Branch,Business,4221a905-82da-4326-bc9c-27dfbdb82cc1,15-04-2025,23:01:39,57978.63,931ec018-4a6d-4c99-824f-27b7d83896d2,Bill Payment,Restaurant,60093.29,POS Mobile App,"Udaipur, Rajasthan",POS,0,Clean,INR,+91961885XXXXXX,Utility bill,pii_email_bfb1614aa4e2
52a75643-9e4b-44ae-8f3b-e80d2eb7aadc,pii_full_name_9a105e03f3f2,Male,47,Rajasthan,Udaipur,Udaipur Branch,Business,bdc968c9-a9a1-40a6-a3fa-bc34d088eee2,01-06-2025,08:30:54,25361.58,549b5389-b390-4c1d-a46b-c6ce3666bc98,Credit,Entertainment,74785.96,UPI,"Udaipur, Rajasthan",POS,0,Clean,INR,+91961885XXXXXX,Taxi fare,pii_email_bfb1614aa4e2
52a75643-9e4b-44ae-8f3b-e80d2eb7aadc,pii_full_name_9a105e03f3f2,Male,47,Rajasthan,Udaipur,Udaipur Branch,Business,57e4db74-01fe-47af-aca6-5a044a393ca5,26-06-2025,20:56:22,36259.6,937e52df-5f36-40cb-9645-f1fff8388377,Withdrawal,Electronics,56635.32,UPI,"Udaipur, Rajasthan",POS,0,Clean,INR,+91961885XXXXXX,Taxi fare,pii_email_bfb1614aa4e2
52a75643-9e4b-44ae-8f3b-e80d2eb7aadc,pii_full_name_9a105e03f3f2,Male,47,Rajasthan,Udaipur,Udaipur Branch,Business,61cd6e73-eb18-4b4c-9ff7-2a0f480c6a13,13-07-2025,15:37:45,86689.06,2d609975-b952-4a7f-9daf-3cf037d7df82,Withdrawal,Restaurant,46476.71,Biometric ATM,"Udaipur, Rajasthan",ATM,0,Clean,INR,+91961885XXXXXX,Train ticket,pii_email_bfb1614aa4e2
52a75643-9e4b-44ae-8f3b-e80d2eb7aadc,pii_full_name_9a105e03f3f2,Male,47,Rajasthan,Udaipur,Udaipur Branch,Business,f54250bf-2fa7-4203-93d7-7347a2ab5b81,10-09-2025,09:01:16,56559.1,5da250a4-9bd3-4279-9411-affeec3e939a,Withdrawal,Electronics,32911.84,ATM Booth Kiosk,"Udaipur, Rajasthan",Mobile,0,Clean,INR,+91961885XXXXXX,EMI payment,pii_email_bfb1614aa4e2
52a75643-9e4b-44ae-8f3b-e80d2eb7aadc,pii_full_name_9a105e03f3f2,Male,47,Rajasthan,Udaipur,Udaipur Branch,Business,b6bcf40d-d1e0-4c77-8763-2eb494ec95a2,14-09-2025,18:01:20,73896.01,14c0e78e-6613-4051-9122-4a7ca3400d54,Debit,Clothing,52703.69,Branch Counter,"Udaipur, Rajasthan",Mobile,0,Clean,INR,+91961885XXXXXX,Gym membership,pii_email_bfb1614aa4e2
52a75643-9e4b-44ae-8f3b-e80d2eb7aadc,pii_full_name_9a105e03f3f2,Male,47,Rajasthan,Udaipur,Udaipur Branch,Business,87ef4faa-9c21-45a9-86c2-9b64d7d17396,24-09-2025,11:41:49,69253.66,2963dc29-ac79-4bb9-9310-114f4b64c360,Credit,Restaurant,72249.81,Video Banking,"Udaipur, Rajasthan",ATM,0,Clean,INR,+91961885XXXXXX,Pharmacy bill,pii_email_bfb1614aa4e2
52a75643-9e4b-44ae-8f3b-e80d2eb7aadc,pii_full_name_9a105e03f3f2,Male,47,Rajasthan,Udaipur,Udaipur Branch,Business,07cd465e-735f-432d-b66f-de45e3cb074a,12-10-2025,10:02:51,79089.63,275540d0-bce7-421c-a3aa-c595fc1a1908,Withdrawal,Electronics,38567.75,Internet Banking,"Udaipur, Rajasthan",Mobile,0,Clean,INR,+91961885XXXXXX,Hotel booking,pii_email_bfb1614aa4e2
52a75643-9e4b-44ae-8f3b-e80d2eb7aadc,pii_full_name_9a105e03f3f2,Male,47,Rajasthan,Udaipur,Udaipur Branch,Business,12deb481-12ba-4d4e-a4cc-f44dba5f387a,15-11-2025,10:14:44,88948.13,bfe7c8c1-1acc-491a-be3b-9633685049de,Debit,Entertainment,65891.15,Debit/Credit Card,"Udaipur, Rajasthan",Desktop,0,Clean,INR,+91961885XXXXXX,Cash withdrawal,pii_email_bfb1614aa4e2
52a75643-9e4b-44ae-8f3b-e80d2eb7aadc,pii_full_name_9a105e03f3f2,Male,47,Rajasthan,Udaipur,Udaipur Branch,Business,7dc72311-ec2e-4905-9f68-4fa003b89710,19-12-2025,23:13:35,24419.32,5e2304f6-6272-42a2-ba8a-22a826e8b8cc,Transfer,Restaurant,55145.62,QR Code Scanner,"Udaipur, Rajasthan",Desktop,0,Clean,INR,+91961885XXXXXX,Electricity bill,pii_email_bfb1614aa4e2
53b27b7f-d624-4934-aeae-54734420a367,pii_full_name_2709569ea633,Male,39,Andaman and Nicobar Islands,Diglipur,Diglipur Branch,Checking,2da8c6f2-1cc0-4b64-aecc-2e1b4eba8f15,30-01-2025,13:36:54,66407.58,b5668342-4c18-4aa8-b2f9-0cfb39c36cab,Bill Payment,Health,33582.77,Debit/Credit Card,"Diglipur, Andaman and Nicobar Islands",Desktop,1,Clean,INR,+91965771XXXXXX,Pharmacy bill,pii_email_5d401646a6b2
53b27b7f-d624-4934-aeae-54734420a367,pii_full_name_2709569ea633,Male,39,Andaman and Nicobar Islands,Diglipur,Diglipur Branch,Checking,144e77d1-58ea-409f-923f-7386dd1cf956,16-02-2025,03:52:10,77574.94,758ad5ac-496f-418d-a6eb-212873f8b2bf,Credit,Electronics,44638.08,POS Mobile App,"Diglipur, Andaman and Nicobar Islands",ATM,0,Clean,INR,+91965771XXXXXX,Bitcoin transaction,pii_email_5d401646a6b2
53b27b7f-d624-4934-aeae-54734420a367,pii_full_name_2709569ea633,Male,39,Andaman and Nicobar Islands,Diglipur,Diglipur Branch,Checking,59eb6f9c-634a-4dd1-a729-da076140025c,10-03-2025,05:26:55,22636.81,3304528a-4c3d-4d05-b733-3fc538b307db,Transfer,Electronics,46901.76,Branch Counter,"Diglipur, Andaman and Nicobar Islands",POS,0,Clean,INR,+91965771XXXXXX,Gym membership,pii_email_5d401646a6b2
53b27b7f-d624-4934-aeae-54734420a367,pii_full_name_2709569ea633,Male,39,Andaman and Nicobar Islands,Diglipur,Diglipur Branch,Checking,e6086ac6-c1cf-49c9-9b0a-551413b4e9fc,31-03-2025,22:05:27,40955.83,5af1ec0b-e152-490b-b74c-bf5a4c2cb788,Bill Payment,Clothing,43373.86,Chip Card,"Diglipur, Andaman and Nicobar Islands",Desktop,0,Clean,INR,+91965771XXXXXX,Online shopping,pii_email_5d401646a6b2
53b27b7f-d624-4934-aeae-54734420a367,pii_full_name_2709569ea633,Male,39,Andaman and Nicobar Islands,Diglipur,Diglipur Branch,Checking,af7ee79f-4921-4350-9d19-e3707a9cde35,22-04-2025,14:57:14,61631.65,5ea27acb-f95c-4768-827e-32a72b9d9f36,Credit,Health,44559.35,Internet Banking,"Diglipur, Andaman and Nicobar Islands",ATM,0,Clean,INR,+91965771XXXXXX,Flight ticket,pii_email_5d401646a6b2
53b27b7f-d624-4934-aeae-54734420a367,pii_full_name_2709569ea633,Male,39,Andaman and Nicobar Islands,Diglipur,Diglipur Branch,Checking,b460f5d7-98f8-4156-b393-70b79e6ab0de,13-05-2025,08:27:18,66170.65,ebd7923f-dab5-4bbe-9d01-e7dd8df46ca7,Credit,Health,44938.47,Contactless Card,"Diglipur, Andaman and Nicobar Islands",Desktop,0,Clean,INR,+91965771XXXXXX,Taxi fare,pii_email_5d401646a6b2
53b27b7f-d624-4934-aeae-54734420a367,pii_full_name_2709569ea633,Male,39,Andaman and Nicobar Islands,Diglipur,Diglipur Branch,Checking,71c22e26-f100-4a67-978c-16f529d71f70,07-06-2025,21:54:08,73694.44,1c77869c-0e00-4c4f-aeb4-96e3954b3006,Debit,Health,36880.58,Virtual Card,"Diglipur, Andaman and Nicobar Islands",POS,0,Clean,INR,+91965771XXXXXX,Bitcoin transaction,pii_email_5d401646a6b2
53b27b7f-d624-4934-aeae-54734420a367,pii_full_name_2709569ea633,Male,39,Andaman and Nicobar Islands,Diglipur,Diglipur Branch,Checking,a9bfbb32-cbee-4a18-9fbc-71e8ab8f22d5,13-06-2025,15:22:14,89304.02,ccda3fc5-027a-4d5b-8ebd-77b67a6b641a,Transfer,Electronics,38396.18,Contactless Card,"Diglipur, Andaman and Nicobar Islands",Mobile,0,Clean,INR,+91965771XXXXXX,Movie tickets,pii_email_5d401646a6b2
53b27b7f-d624-4934-aeae-54734420a367,pii_full_name_2709569ea633,Male,39,Andaman and Nicobar Islands,Diglipur,Diglipur Branch,Checking,15cf967b-be2d-4e39-957f-804e500bc54b,09-07-2025,05:05:19,44269.01,85271f29-8f03-4cc6-abef-3010ff4e04e6,Credit,Entertainment,40223.53,Voice Assistant,"Diglipur, Andaman and Nicobar Islands",Mobile,0,Clean,INR,+91965771XXXXXX,Gas bill,pii_email_5d401646a6b2
53b27b7f-d624-4934-aeae-54734420a367,pii_full_name_2709569ea633,Male,39,Andaman and Nicobar Islands,Diglipur,Diglipur Branch,Checking,4085fc50-dd2e-45d2-b9f0-411bab23f01a,11-07-2025,22:44:26,5676.81,7355eb24-5886-43d5-af02-e9588f5fcb39,Transfer,Electronics,47469.44,Self-service Banking Machine,"Diglipur, Andaman and Nicobar Islands",Desktop,0,Clean,INR,+91965771XXXXXX,Movie tickets,pii_email_5d401646a6b2
53b27b7f-d624-4934-aeae-54734420a367,pii_full_name_2709569ea633,Male,39,Andaman and Nicobar Islands,Diglipur,Diglipur Branch,Checking,adac1d5a-6c48-4607-bb42-c95e53ac22ff,19-08-2025,12:02:50,50524.5,7a4892bf-aca7-4c20-9253-e847dab95597,Bill Payment,Groceries,38321.41,Self-service Banking Machine,"Diglipur, Andaman and Nicobar Islands",Mobile,0,Clean,INR,+91965771XXXXXX,Taxi fare,pii_email_5d401646a6b2
53b27b7f-d624-4934-aeae-54734420a367,pii_full_name_2709569ea633,Male,39,Andaman and Nicobar Islands,Diglipur,Diglipur Branch,Checking,1c7212d0-d33a-4d16-9692-0f8876764e9d,24-09-2025,21:15:08,3093.19,35df2545-acff-4246-b533-a9c4635c1de7,Withdrawal,Groceries,44250.03,Virtual Card,"Diglipur, Andaman and Nicobar Islands",Desktop,0,Clean,INR,+91965771XXXXXX,Electricity bill,pii_email_5d401646a6b2
53b27b7f-d624-4934-aeae-54734420a367,pii_full_name_2709569ea633,Male,39,Andaman and Nicobar Islands,Diglipur,Diglipur Branch,Checking,0c15340f-7fe9-45fa-881e-d0cd8c8f202f,03-10-2025,10:43:46,41169.91,6fc59644-230a-4a58-9704-a27819ae76f8,Debit,Health,29465.78,Video Banking,"Diglipur, Andaman and Nicobar Islands",Desktop,0,Clean,INR,+91965771XXXXXX,Insurance premium,pii_email_5d401646a6b2
53ff6bc0-6d78-413e-b19c-667269b3cc9b,pii_full_name_d3c749662451,Female,44,West Bengal,Kolkata,Kolkata Branch,Business,815621e5-6812-4401-a459-1d7ab2d1d172,05-03-2025,22:38:01,38056.31,f3f93763-80a8-4d70-9646-8d9cdfd04109,Bill Payment,Entertainment,39415.53,Biometric ATM,"Kolkata, West Bengal",Mobile,0,Clean,INR,+91912336XXXXXX,Utility bill,pii_email_0d7e7fb3f536
53ff6bc0-6d78-413e-b19c-667269b3cc9b,pii_full_name_d3c749662451,Female,44,West Bengal,Kolkata,Kolkata Branch,Business,ae4dbdaf-d6ad-47da-936d-bba409748e93,15-04-2025,13:44:24,78928.96,3fa8c797-22e3-4369-867b-7c13b75c630a,Withdrawal,Electronics,31522.63,Phone Banking,"Kolkata, West Bengal",POS,0,Clean,INR,+91912336XXXXXX,Insurance premium,pii_email_0d7e7fb3f536
53ff6bc0-6d78-413e-b19c-667269b3cc9b,pii_full_name_d3c749662451,Female,44,West Bengal,Kolkata,Kolkata Branch,Business,bf0d0da1-cb1f-47f7-a64f-e42304bf6df8,30-05-2025,19:50:26,86151.36,f1d09646-be57-47b2-a7af-054ee831e138,Bill Payment,Entertainment,30953.54,POS Mobile App,"Kolkata, West Bengal",Mobile,0,Clean,INR,+91912336XXXXXX,Train ticket,pii_email_0d7e7fb3f536
53ff6bc0-6d78-413e-b19c-667269b3cc9b,pii_full_name_d3c749662451,Female,44,West Bengal,Kolkata,Kolkata Branch,Business,c252cd2e-acdf-4e15-9b6e-3021a0fa479b,14-08-2025,03:19:56,65130.08,ccda456e-c65e-4689-8cb1-3f6aa5817953,Credit,Entertainment,43221.16,Biometric ATM,"Kolkata, West Bengal",ATM,0,Clean,INR,+91912336XXXXXX,Movie tickets,pii_email_0d7e7fb3f536
53ff6bc0-6d78-413e-b19c-667269b3cc9b,pii_full_name_d3c749662451,Female,44,West Bengal,Kolkata,Kolkata Branch,Business,5fbc6c08-4a4d-49c7-a4c3-071597d8325a,13-09-2025,23:30:39,82613.96,5fbb11e3-697c-4fc3-9acb-6747089e9c81,Withdrawal,Restaurant,39568.68,Phone Banking,"Kolkata, West Bengal",Desktop,0,Clean,INR,+91912336XXXXXX,Pharmacy bill,pii_email_0d7e7fb3f536
53ff6bc0-6d78-413e-b19c-667269b3cc9b,pii_full_name_d3c749662451,Female,44,West Bengal,Kolkata,Kolkata Branch,Business,befcfbfe-8840-447a-a858-ea84d8a2f240,28-11-2025,05:34:36,25384.79,a178741b-b1f0-4cc4-a1b9-52b8f50a8872,Credit,Health,36708.15,Chip Card,"Kolkata, West Bengal",ATM,0,Clean,INR,+91912336XXXXXX,Taxi fare,pii_email_0d7e7fb3f536
53ff6bc0-6d78-413e-b19c-667269b3cc9b,pii_full_name_d3c749662451,Female,44,West Bengal,Kolkata,Kolkata Branch,Business,7b2b49f9-d92c-424c-a72d-3f822dc2299c,20-12-2025,06:49:16,32161.3,e3065c8e-91ac-47b2-b85e-141fb1c188b2,Transfer,Electronics,34169.67,ATM,"Kolkata, West Bengal",Desktop,0,Clean,INR,+91912336XXXXXX,Flight ticket,pii_email_0d7e7fb3f536
553206e0-9ef6-459c-a103-b9a3cf1654ae,pii_full_name_5df13b2f1da2,Female,18,Karnataka,Hubli,Hubli Branch,Business,4f020742-7ef8-4136-a3b6-f28e18f5d354,18-01-2025,16:33:38,70810.79,0dc198c6-0885-42f9-9640-f66add28ce6f,Bill Payment,Groceries,57614.65,UPI,"Hubli, Karnataka",Desktop,0,Clean,INR,+91984740XXXXXX,Mobile recharge,pii_email_636247efbcad
553206e0-9ef6-459c-a103-b9a3cf1654ae,pii_full_name_5df13b2f1da2,Female,18,Karnataka,Hubli,Hubli Branch,Business,0a3c9360-83cb-420f-b2b3-b1f90903c470,21-01-2025,19:34:41,32156.45,5109f5b9-5724-4401-8583-b94abf531b02,Withdrawal,Clothing,32078.38,ATM,"Hubli, Karnataka",Mobile,0,Clean,INR,+91984740XXXXXX,Hotel booking,pii_email_636247efbcad
553206e0-9ef6-459c-a103-b9a3cf1654ae,pii_full_name_5df13b2f1da2,Female,18,Karnataka,Hubli,Hubli Branch,Business,7a99fd29-32bc-4a88-a3fe-5684842af1e8,25-01-2025,15:31:19,40952.73,763c6e59-11f3-4850-903f-92b363f45974,Transfer,Groceries,61709.93,ATM,"Hubli, Karnataka",POS,0,Clean,INR,+91984740XXXXXX,Mutual fund investment,pii_email_636247efbcad
553206e0-9ef6-459c-a103-b9a3cf1654ae,pii_full_name_5df13b2f1da2,Female,18,Karnataka,Hubli,Hubli Branch,Business,45ed8af1-7238-47bd-af22-7ab27fb1222d,26-01-2025,10:25:16,50758.77,c8d4a01a-4dac-4f1f-984d-74f5d0e9ee97,Bill Payment,Electronics,40280.73,Chip Card,"Hubli, Karnataka",ATM,0,Clean,INR,+91984740XXXXXX,Utility bill,pii_email_636247efbcad
553206e0-9ef6-459c-a103-b9a3cf1654ae,pii_full_name_5df13b2f1da2,Female,18,Karnataka,Hubli,Hubli Branch,Business,0e93cf11-7456-4586-ab18-23716be2e351,03-03-2025,16:13:40,56272.81,ce941aa7-e7f0-4c00-bbe4-65d9391cf908,Bill Payment,Restaurant,56082.65,Chip Card,"Hubli, Karnataka",Mobile,0,Clean,INR,+91984740XXXXXX,Insurance premium,pii_email_636247efbcad
553206e0-9ef6-459c-a103-b9a3cf1654ae,pii_full_name_5df13b2f1da2,Female,18,Karnataka,Hubli,Hubli Branch,Business,1b6e88d0-32c0-44a1-baf7-bdc5a427df41,11-04-2025,15:47:48,49867.0,09721515-786d-4977-8a1e-69bf718d7b85,Withdrawal,Electronics,35294.03,Debit/Credit Card,"Hubli, Karnataka",Mobile,0,Clean,INR,+91984740XXXXXX,Taxi fare,pii_email_636247efbcad
553206e0-9ef6-459c-a103-b9a3cf1654ae,pii_full_name_5df13b2f1da2,Female,18,Karnataka,Hubli,Hubli Branch,Business,c9967e2f-ee27-427f-ad3b-6bbc1511d4b6,15-05-2025,08:39:02,60481.51,1963755b-df96-42aa-9a6f-653afe349d18,Debit,Restaurant,45356.6,POS Mobile Device,"Hubli, Karnataka",Mobile,0,Clean,INR,+91984740XXXXXX,Flight ticket,pii_email_636247efbcad
553206e0-9ef6-459c-a103-b9a3cf1654ae,pii_full_name_5df13b2f1da2,Female,18,Karnataka,Hubli,Hubli Branch,Business,2f4791a0-5983-4c8d-83e1-99e5c1a69e60,12-06-2025,12:12:09,45111.46,93393e25-86b9-4ba9-a31d-aa816d5034c1,Transfer,Groceries,61724.22,Virtual Card,"Hubli, Karnataka",POS,0,Clean,INR,+91984740XXXXXX,Restaurant dining,pii_email_636247efbcad
553206e0-9ef6-459c-a103-b9a3cf1654ae,pii_full_name_5df13b2f1da2,Female,18,Karnataka,Hubli,Hubli Branch,Business,10c8c317-aa6e-4a0c-9efc-7dab0a1e473b,14-06-2025,01:41:47,40400.37,8415d085-b78e-4c83-8adc-d741014bd4cb,Withdrawal,Groceries,53219.32,Magnetic Strip Card,"Hubli, Karnataka",Mobile,1,Clean,INR,+91984740XXXXXX,Online shopping,pii_email_636247efbcad
553206e0-9ef6-459c-a103-b9a3cf1654ae,pii_full_name_5df13b2f1da2,Female,18,Karnataka,Hubli,Hubli Branch,Business,b07cbe03-8e69-4a21-babd-2ae353f140ac,04-07-2025,05:27:31,18145.7,94d5faeb-d25a-46d6-8a5c-cf5803502069,Bill Payment,Groceries,51404.75,Video Banking,"Hubli, Karnataka",Mobile,0,Clean,INR,+91984740XXXXXX,Jewelry purchase,pii_email_636247efbcad
553206e0-9ef6-459c-a103-b9a3cf1654ae,pii_full_name_5df13b2f1da2,Female,18,Karnataka,Hubli,Hubli Branch,Business,ebde5df8-5477-4d09-8e98-8fdc3629f8c1,30-07-2025,13:21:12,2460.46,2acabe7e-1518-42ab-b76a-d37e856cb8cd,Bill Payment,Entertainment,61478.18,POS Mobile Device,"Hubli, Karnataka",POS,0,Clean,INR,+91984740XXXXXX,Online shopping,pii_email_636247efbcad
553206e0-9ef6-459c-a103-b9a3cf1654ae,pii_full_name_5df13b2f1da2,Female,18,Karnataka,Hubli,Hubli Branch,Business,8a305876-17e8-4a0d-a536-dbbb40cd56c6,22-08-2025,12:46:11,37763.55,3a35032d-d0b4-4e91-8bd0-d841f81b4d15,Debit,Health,66975.12,Self-service Banking Machine,"Hubli, Karnataka",Mobile,0,Clean,INR,+91984740XXXXXX,Restaurant dining,pii_email_636247efbcad
553206e0-9ef6-459c-a103-b9a3cf1654ae,pii_full_name_5df13b2f1da2,Female,18,Karnataka,Hubli,Hubli Branch,Business,a4b71dfb-1601-412f-9793-de3d4a2c32d2,26-09-2025,22:42:59,85791.62,12216bd3-a92f-442a-a039-698edb08a3c0,Debit,Electronics,54745.47,Phone Banking,"Hubli, Karnataka",Desktop,0,Clean,INR,+91984740XXXXXX,Insurance premium,pii_email_636247efbcad
553206e0-9ef6-459c-a103-b9a3cf1654ae,pii_full_name_5df13b2f1da2,Female,18,Karnataka,Hubli,Hubli Branch,Business,841be3c3-a14e-4188-9570-18ef0ce8351c,03-11-2025,21:15:17,11767.14,fe9e80d2-bb96-4438-a99b-dae0f80a35a0,Transfer,Health,57259.36,Chip Card,"Hubli, Karnataka",ATM,0,Clean,INR,+91984740XXXXXX,Jewelry purchase,pii_email_636247efbcad
553206e0-9ef6-459c-a103-b9a3cf1654ae,pii_full_name_5df13b2f1da2,Female,18,Karnataka,Hubli,Hubli Branch,Business,0d86b0c9-ee35-42c4-ae45-bf336612cdf5,04-11-2025,08:34:27,92732.95,43e1be33-ff16-426d-afd8-f80708617d83,Transfer,Health,70751.47,Magnetic Strip Card,"Hubli, Karnataka",Mobile,0,Clean,INR,+91984740XXXXXX,Electricity bill,pii_email_636247efbcad
553206e0-9ef6-459c-a103-b9a3cf1654ae,pii_full_name_5df13b2f1da2,Female,18,Karnataka,Hubli,Hubli Branch,Business,6757f0bb-b302-41c6-9195-eb1b7597c6fc,12-11-2025,17:32:24,22793.87,d10f466e-8e17-45f6-bc51-bccec696b7d1,Bill Payment,Health,64695.73,UPI,"Hubli, Karnataka",Desktop,0,Clean,INR,+91984740XXXXXX,Utility bill,pii_email_636247efbcad
553206e0-9ef6-459c-a103-b9a3cf1654ae,pii_full_name_5df13b2f1da2,Female,18,Karnataka,Hubli,Hubli Branch,Business,9b8620cd-edd1-4326-a7d2-3eae091b75a2,14-11-2025,21:28:21,24676.08,25ee1730-c2c5-4d33-9097-2e012ffc5be6,Credit,Health,57213.08,Phone Banking,"Hubli, Karnataka",POS,0,Clean,INR,+91984740XXXXXX,Debt repayment,pii_email_636247efbcad
553206e0-9ef6-459c-a103-b9a3cf1654ae,pii_full_name_5df13b2f1da2,Female,18,Karnataka,Hubli,Hubli Branch,Business,8a5f5fe5-e586-4ceb-8a8e-056ae53be153,02-12-2025,22:22:27,48743.73,40a72e91-80a1-42f6-80ca-74761bf18830,Debit,Electronics,27204.01,ATM,"Hubli, Karnataka",ATM,1,Clean,INR,+91984740XXXXXX,Restaurant dining,pii_email_636247efbcad
55ca39a1-bef6-492a-8b49-df00507450c2,pii_full_name_7d12f8d4f949,Female,42,Madhya Pradesh,Indore,Indore Branch,Savings,3e021a47-07d3-4a2a-b04c-0ee7782569fb,11-05-2025,13:23:00,57605.65,a80dd9ee-86e5-44aa-88b8-a93454837f31,Bill Payment,Health,16296.97,Virtual Card,"Indore, Madhya Pradesh",ATM,0,Clean,INR,+91917239XXXXXX,Gas bill,pii_email_b3e5fdef2954
55ca39a1-bef6-492a-8b49-df00507450c2,pii_full_name_7d12f8d4f949,Female,42,Madhya Pradesh,Indore,Indore Branch,Savings,d22184a0-96e7-4a86-bc06-8cf9bba17eab,20-06-2025,07:28:20,39989.84,090eefcb-2137-41bb-a215-e0d0fcbfc94d,Debit,Health,12398.76,POS Mobile Device,"Indore, Madhya Pradesh",ATM,0,Clean,INR,+91917239XXXXXX,Cash withdrawal,pii_email_b3e5fdef2954
55ca39a1-bef6-492a-8b49-df00507450c2,pii_full_name_7d12f8d4f949,Female,42,Madhya Pradesh,Indore,Indore Branch,Savings,54c30572-1f2f-491a-97d5-e1804c8ea969,23-06-2025,20:25:39,98865.94,53129dc6-706a-4ca9-a719-4e698b7cae06,Bill Payment,Restaurant,14752.64,Chip Card,"Indore, Madhya Pradesh",ATM,0,Clean,INR,+91917239XXXXXX,Restaurant dining,pii_email_b3e5fdef2954
55ca39a1-bef6-492a-8b49-df00507450c2,pii_full_name_7d12f8d4f949,Female,42,Madhya Pradesh,Indore,Indore Branch,Savings,723e0cc9-2d88-4bef-abfc-1265bd0d72d0,26-07-2025,16:31:41,82715.18,19a36681-ade5-429c-b161-2193574c3a7c,Transfer,Clothing,22057.54,Biometric ATM,"Indore, Madhya Pradesh",Desktop,1,Clean,INR,+91917239XXXXXX,Bitcoin transaction,pii_email_b3e5fdef2954
55ca39a1-bef6-492a-8b49-df00507450c2,pii_full_name_7d12f8d4f949,Female,42,Madhya Pradesh,Indore,Indore Branch,Savings,577471d1-712a-4f79-be9b-ce4ec1666a7f,08-09-2025,13:02:49,95899.39,1abf7cb0-8008-4128-93a2-56371754eff2,Withdrawal,Electronics,12157.65,Contactless Card,"Indore, Madhya Pradesh",POS,0,Clean,INR,+91917239XXXXXX,Flight ticket,pii_email_b3e5fdef2954
55ca39a1-bef6-492a-8b49-df00507450c2,pii_full_name_7d12f8d4f949,Female,42,Madhya Pradesh,Indore,Indore Branch,Savings,f9d537a0-27a6-4ffc-8a67-4a8a5f218ea5,13-09-2025,05:38:48,32026.96,59881a4c-4c77-4162-a97a-79696b9efcbb,Credit,Clothing,32950.61,Video Banking,"Indore, Madhya Pradesh",Mobile,0,Clean,INR,+91917239XXXXXX,Bitcoin transaction,pii_email_b3e5fdef2954
55ca39a1-bef6-492a-8b49-df00507450c2,pii_full_name_7d12f8d4f949,Female,42,Madhya Pradesh,Indore,Indore Branch,Savings,e1a2d82c-7931-4063-880c-9667a300fb86,04-10-2025,08:53:47,16451.07,a7c36f4e-f42a-405e-9f80-a848c0ca7a7f,Transfer,Clothing,16397.75,Video Banking,"Indore, Madhya Pradesh",Desktop,0,Clean,INR,+91917239XXXXXX,Cash withdrawal,pii_email_b3e5fdef2954
55ca39a1-bef6-492a-8b49-df00507450c2,pii_full_name_7d12f8d4f949,Female,42,Madhya Pradesh,Indore,Indore Branch,Savings,01dd129b-7d36-4e1d-ab14-f14964f013da,06-10-2025,11:22:20,66160.19,74334f9f-f072-40f5-bc43-46e3a7e473dc,Transfer,Entertainment,22251.17,ATM,"Indore, Madhya Pradesh",Mobile,0,Clean,INR,+91917239XXXXXX,Train ticket,pii_email_b3e5fdef2954
55ca39a1-bef6-492a-8b49-df00507450c2,pii_full_name_7d12f8d4f949,Female,42,Madhya Pradesh,Indore,Indore Branch,Savings,1222f286-7bc3-4d08-8792-66bf0ee76976,15-11-2025,06:41:34,6618.15,2e87a8ec-8752-422c-ac5a-676c486c8378,Bill Payment,Restaurant,15635.16,Video Banking,"Indore, Madhya Pradesh",POS,0,Clean,INR,+91917239XXXXXX,Cash withdrawal,pii_email_b3e5fdef2954
55ca39a1-bef6-492a-8b49-df00507450c2,pii_full_name_7d12f8d4f949,Female,42,Madhya Pradesh,Indore,Indore Branch,Savings,455619cb-9855-4dce-bf69-093975998552,27-11-2025,19:08:29,83113.82,4952765e-2132-4c34-beb6-610200da6594,Bill Payment,Entertainment,24639.23,Video Banking,"Indore, Madhya Pradesh",POS,0,Clean,INR,+91917239XXXXXX,Taxi fare,pii_email_b3e5fdef2954
55ca39a1-bef6-492a-8b49-df00507450c2,pii_full_name_7d12f8d4f949,Female,42,Madhya Pradesh,Indore,Indore Branch,Savings,5b77c7c3-751e-4b07-881e-87f5dff71734,21-12-2025,12:55:01,16283.7,ab498c0b-8d47-4a9f-8036-9ec679c8e92a,Transfer,Health,13786.02,POS Mobile Device,"Indore, Madhya Pradesh",Mobile,0,Clean,INR,+91917239XXXXXX,Gym membership,pii_email_b3e5fdef2954
55ca39a1-bef6-492a-8b49-df00507450c2,pii_full_name_7d12f8d4f949,Female,42,Madhya Pradesh,Indore,Indore Branch,Savings,62f9038e-f346-4488-9f3c-37c75c7ec68a,28-12-2025,02:29:07,93488.25,45a624c4-10de-4cb9-9999-825e319d54ff,Credit,Restaurant,21747.59,Chip Card,"Indore, Madhya Pradesh",Mobile,0,Clean,INR,+91917239XXXXXX,EMI payment,pii_email_b3e5fdef2954
575b43eb-02c7-441b-9a6c-289cd904e13c,pii_full_name_e60efd872682,Male,68,Chandigarh,Chandigarh,Chandigarh Branch,Savings,e3464802-f080-418e-85c2-5f769c36afb8,13-01-2025,12:01:36,82536.79,b895b917-99f4-4459-a098-5d0ea5585c86,Withdrawal,Restaurant,5321.62,Digital Wallet,"Chandigarh, Chandigarh",ATM,0,Clean,INR,+91960015XXXXXX,Jewelry purchase,pii_email_63ad7d5db0e8
575b43eb-02c7-441b-9a6c-289cd904e13c,pii_full_name_e60efd872682,Male,68,Chandigarh,Chandigarh,Chandigarh Branch,Savings,ffafee56-8b94-45d0-8907-cb97cfc255cd,14-02-2025,14:55:47,37190.84,56cbb46a-cc17-4056-a65a-1a182ca192f0,Withdrawal,Groceries,5029.66,Phone Banking,"Chandigarh, Chandigarh",POS,0,Clean,INR,+91960015XXXXXX,Flight ticket,pii_email_63ad7d5db0e8
575b43eb-02c7-441b-9a6c-289cd904e13c,pii_full_name_e60efd872682,Male,68,Chandigarh,Chandigarh,Chandigarh Branch,Savings,a022ab49-0d64-47af-a5be-99a1578a38fb,17-02-2025,18:22:23,37555.56,34b1919c-4277-4baf-aae6-e1050631abfc,Credit,Entertainment,32592.68,POS Mobile App,"Chandigarh, Chandigarh",ATM,0,Clean,INR,+91960015XXXXXX,Hotel booking,pii_email_63ad7d5db0e8
575b43eb-02c7-441b-9a6c-289cd904e13c,pii_full_name_e60efd872682,Male,68,Chandigarh,Chandigarh,Chandigarh Branch,Savings,de6cb2cd-1e68-435b-96e4-1501899ac764,19-02-2025,03:53:48,45671.94,93a95b49-a3b9-4762-968f-2344f02e04f8,Debit,Electronics,28025.49,Video Banking,"Chandigarh, Chandigarh",Desktop,0,Clean,INR,+91960015XXXXXX,Gas bill,pii_email_63ad7d5db0e8
575b43eb-02c7-441b-9a6c-289cd904e13c,pii_full_name_e60efd872682,Male,68,Chandigarh,Chandigarh,Chandigarh Branch,Savings,fb1a0b71-5009-467f-899c-e4f3d6c96cd2,21-02-2025,14:36:19,96316.63,2e39841a-5af2-4354-95ce-ef937b0ef3b8,Withdrawal,Groceries,5029.66,Virtual Card,"Chandigarh, Chandigarh",Mobile,0,Clean,INR,+91960015XXXXXX,Utility bill,pii_email_63ad7d5db0e8
575b43eb-02c7-441b-9a6c-289cd904e13c,pii_full_name_e60efd872682,Male,68,Chandigarh,Chandigarh,Chandigarh Branch,Savings,8a9888be-28f6-473d-b6ae-62ffa4c041f2,25-02-2025,13:58:55,32229.31,3e55ba8d-eb23-48d5-a02f-74b106dd4f0c,Debit,Groceries,32483.6,ATM Booth Kiosk,"Chandigarh, Chandigarh",Desktop,0,Clean,INR,+91960015XXXXXX,Jewelry purchase,pii_email_63ad7d5db0e8
575b43eb-02c7-441b-9a6c-289cd904e13c,pii_full_name_e60efd872682,Male,68,Chandigarh,Chandigarh,Chandigarh Branch,Savings,81bc4392-898b-4e35-8963-8160fbc51d50,16-03-2025,20:43:04,5428.42,c6692cb5-d4cc-45c2-a7b5-f6f74a48aa0d,Withdrawal,Groceries,27482.65,Phone Banking,"Chandigarh, Chandigarh",POS,0,Clean,INR,+91960015XXXXXX,Bitcoin transaction,pii_email_63ad7d5db0e8
575b43eb-02c7-441b-9a6c-289cd904e13c,pii_full_name_e60efd872682,Male,68,Chandigarh,Chandigarh,Chandigarh Branch,Savings,222ca275-26d9-4b47-b1bd-91c64ad1cc0c,27-03-2025,05:30:13,90729.55,e7b9ec57-ead6-4321-b2bd-8f0746d6a429,Withdrawal,Health,34589.37,UPI,"Chandigarh, Chandigarh",POS,0,Clean,INR,+91960015XXXXXX,Mutual fund investment,pii_email_63ad7d5db0e8
575b43eb-02c7-441b-9a6c-289cd904e13c,pii_full_name_e60efd872682,Male,68,Chandigarh,Chandigarh,Chandigarh Branch,Savings,126663ae-1677-4e85-8ac0-fc4128aed65a,03-04-2025,23:59:09,25420.01,7a0fa7d2-ed4c-4c36-81bd-afb184a7e2d2,Credit,Entertainment,7571.66,POS Mobile App,"Chandigarh, Chandigarh",POS,0,Clean,INR,+91960015XXXXXX,Train ticket,pii_email_63ad7d5db0e8
575b43eb-02c7-441b-9a6c-289cd904e13c,pii_full_name_e60efd872682,Male,68,Chandigarh,Chandigarh,Chandigarh Branch,Savings,3dee9d0d-6722-490d-af0c-6aa50785ebb5,22-04-2025,00:54:58,69264.71,575b987a-8186-42c2-8247-2184f792bfda,Debit,Clothing,13575.29,Self-service Banking Machine,"Chandigarh, Chandigarh",Desktop,0,Clean,INR,+91960015XXXXXX,Electricity bill,pii_email_63ad7d5db0e8
575b43eb-02c7-441b-9a6c-289cd904e13c,pii_full_name_e60efd872682,Male,68,Chandigarh,Chandigarh,Chandigarh Branch,Savings,aa1a9a48-c075-41ba-a6e6-eec8848b360c,28-05-2025,07:28:39,22880.56,7f337606-ddbf-4ccd-94a8-9eccb8ef7676,Debit,Entertainment,5029.66,Contactless Card,"Chandigarh, Chandigarh",POS,0,Clean,INR,+91960015XXXXXX,Utility bill,pii_email_63ad7d5db0e8
575b43eb-02c7-441b-9a6c-289cd904e13c,pii_full_name_e60efd872682,Male,68,Chandigarh,Chandigarh,Chandigarh Branch,Savings,d8833a91-cc25-4f73-92f3-d96ca594fec8,12-06-2025,14:15:12,12916.64,66e6904c-3c60-471e-831f-a053fe1f72c5,Transfer,Electronics,43662.33,UPI,"Chandigarh, Chandigarh",Desktop,0,Clean,INR,+91960015XXXXXX,Salary credit,pii_email_63ad7d5db0e8
575b43eb-02c7-441b-9a6c-289cd904e13c,pii_full_name_e60efd872682,Male,68,Chandigarh,Chandigarh,Chandigarh Branch,Savings,20c604e3-c31a-4c26-9e1e-6347515f6ba7,01-07-2025,05:47:26,98870.66,579e8aea-a0bd-45d9-b032-b7a925db9f31,Credit,Clothing,42370.66,Internet Banking,"Chandigarh, Chandigarh",Desktop,0,Clean,INR,+91960015XXXXXX,Mutual fund investment,pii_email_63ad7d5db0e8
575b43eb-02c7-441b-9a6c-289cd904e13c,pii_full_name_e60efd872682,Male,68,Chandigarh,Chandigarh,Chandigarh Branch,Savings,08179f9d-7803-4b07-895f-c7159054b26c,16-07-2025,20:09:18,57522.46,26f53c5d-d28d-48f8-9eaa-0211f899e555,Debit,Clothing,28837.13,Internet Banking,"Chandigarh, Chandigarh",Mobile,0,Clean,INR,+91960015XXXXXX,Utility bill,pii_email_63ad7d5db0e8
575b43eb-02c7-441b-9a6c-289cd904e13c,pii_full_name_e60efd872682,Male,68,Chandigarh,Chandigarh,Chandigarh Branch,Savings,1ea5e619-cb20-4665-bb79-fe9d3dcd116e,27-08-2025,22:56:07,93120.75,55b908ef-95f9-4e2e-992e-b206acca02ea,Withdrawal,Restaurant,5029.66,Digital Wallet,"Chandigarh, Chandigarh",Mobile,0,Clean,INR,+91960015XXXXXX,Movie tickets,pii_email_63ad7d5db0e8
575b43eb-02c7-441b-9a6c-289cd904e13c,pii_full_name_e60efd872682,Male,68,Chandigarh,Chandigarh,Chandigarh Branch,Savings,86a91dde-190d-47ef-b132-8bb4df316769,17-09-2025,00:14:39,69808.8,2332a630-3b02-4f66-94bc-e77ebab22bd5,Bill Payment,Entertainment,20501.77,Contactless Card,"Chandigarh, Chandigarh",Desktop,1,Clean,INR,+91960015XXXXXX,Gym membership,pii_email_63ad7d5db0e8
575b43eb-02c7-441b-9a6c-289cd904e13c,pii_full_name_e60efd872682,Male,68,Chandigarh,Chandigarh,Chandigarh Branch,Savings,c106e847-a26a-460e-8f43-908db2097a5f,25-10-2025,18:45:10,78145.9,ef02a4f2-e664-4779-b1fa-97a5ae4c5690,Bill Payment,Restaurant,5029.66,Video Banking,"Chandigarh, Chandigarh",Mobile,0,Clean,INR,+91960015XXXXXX,Taxi fare,pii_email_63ad7d5db0e8
575b43eb-02c7-441b-9a6c-289cd904e13c,pii_full_name_e60efd872682,Male,68,Chandigarh,Chandigarh,Chandigarh Branch,Savings,5d0201d8-b9e3-47bf-978d-46256060080b,04-12-2025,05:23:55,8232.78,39bc43b2-1594-4f67-952d-d18d490957c8,Bill Payment,Health,6748.38,POS Mobile App,"Chandigarh, Chandigarh",ATM,0,Clean,INR,+91960015XXXXXX,Taxi fare,pii_email_63ad7d5db0e8
58abf65d-fff9-40f0-9350-5b3a16047fc7,pii_full_name_b1289b7b6560,Female,50,Maharashtra,Mumbai,Mumbai Branch,Business,45d16608-edca-4526-bd62-64c8fb47f0b1,14-02-2025,16:15:34,50501.66,0ff7c683-cc6a-48ba-b7e2-38f77c8c2b1c,Bill Payment,Groceries,27288.85,Chip Card,"Mumbai, Maharashtra",Desktop,0,Clean,INR,+91964748XXXXXX,EMI payment,pii_email_ad67acb6dff2
58abf65d-fff9-40f0-9350-5b3a16047fc7,pii_full_name_b1289b7b6560,Female,50,Maharashtra,Mumbai,Mumbai Branch,Business,59116ecd-9068-4439-8d02-796247a2182c,18-03-2025,02:40:12,72549.16,f6be6f6c-d8a6-4eaa-827f-01e47b78567b,Credit,Health,30297.38,Magnetic Strip Card,"Mumbai, Maharashtra",Mobile,0,Clean,INR,+91964748XXXXXX,Grocery delivery,pii_email_ad67acb6dff2
58abf65d-fff9-40f0-9350-5b3a16047fc7,pii_full_name_b1289b7b6560,Female,50,Maharashtra,Mumbai,Mumbai Branch,Business,942346d3-bfa5-4d8d-9026-ac3b0b49b17a,12-04-2025,09:12:38,42302.83,f1ec45cc-56d0-4559-9b30-e9f6d0583978,Transfer,Groceries,38615.5,ATM Booth Kiosk,"Mumbai, Maharashtra",Mobile,0,Clean,INR,+91964748XXXXXX,Online shopping,pii_email_ad67acb6dff2
58abf65d-fff9-40f0-9350-5b3a16047fc7,pii_full_name_b1289b7b6560,Female,50,Maharashtra,Mumbai,Mumbai Branch,Business,f480c754-494d-4604-a24c-6f4cadac13cc,19-05-2025,09:31:34,53017.35,410fa4fd-f6aa-4714-b068-48d99ad0c0db,Withdrawal,Clothing,9099.74,Virtual Card,"Mumbai, Maharashtra",Desktop,0,Clean,INR,+91964748XXXXXX,Bus ticket,pii_email_ad67acb6dff2
58abf65d-fff9-40f0-9350-5b3a16047fc7,pii_full_name_b1289b7b6560,Female,50,Maharashtra,Mumbai,Mumbai Branch,Business,a2c43d96-10d0-4d8c-ba0b-38c682461aa6,25-05-2025,18:50:48,10657.62,86f110b9-7de4-428a-a7ef-30b98c66f331,Bill Payment,Clothing,20723.46,UPI,"Mumbai, Maharashtra",Desktop,0,Clean,INR,+91964748XXXXXX,Restaurant dining,pii_email_ad67acb6dff2
58abf65d-fff9-40f0-9350-5b3a16047fc7,pii_full_name_b1289b7b6560,Female,50,Maharashtra,Mumbai,Mumbai Branch,Business,d568f372-9ceb-4e70-ade0-f42ed6260247,03-06-2025,08:45:50,82898.78,ccfb5d61-08ee-4098-b622-9688a84b9e27,Credit,Electronics,21789.22,POS Mobile Device,"Mumbai, Maharashtra",Mobile,0,Clean,INR,+91964748XXXXXX,Cash withdrawal,pii_email_ad67acb6dff2
58abf65d-fff9-40f0-9350-5b3a16047fc7,pii_full_name_b1289b7b6560,Female,50,Maharashtra,Mumbai,Mumbai Branch,Business,e3e2495d-0d07-4812-9534-f4493bc652ec,17-06-2025,04:40:00,20416.4,fe48eee7-485d-4847-9740-0d80e5c61ef6,Credit,Electronics,32339.02,UPI,"Mumbai, Maharashtra",Desktop,0,Clean,INR,+91964748XXXXXX,EMI payment,pii_email_ad67acb6dff2
58abf65d-fff9-40f0-9350-5b3a16047fc7,pii_full_name_b1289b7b6560,Female,50,Maharashtra,Mumbai,Mumbai Branch,Business,ac6963a2-61b0-4c2f-9b13-0b6f06c8dfe3,24-06-2025,13:10:51,37579.1,42eb6dde-d957-4b77-8184-f3668bdac398,Debit,Entertainment,28290.64,Digital Wallet,"Mumbai, Maharashtra",Mobile,1,Clean,INR,+91964748XXXXXX,Salary credit,pii_email_ad67acb6dff2
58abf65d-fff9-40f0-9350-5b3a16047fc7,pii_full_name_b1289b7b6560,Female,50,Maharashtra,Mumbai,Mumbai Branch,Business,1a196b10-42e9-461b-94ec-70c95b6a7e71,13-07-2025,09:15:11,95240.15,d9ae0506-9cdd-42c4-8d3b-daba7a2d3843,Credit,Groceries,14553.68,Digital Wallet,"Mumbai, Maharashtra",Mobile,0,Clean,INR,+91964748XXXXXX,Jewelry purchase,pii_email_ad67acb6dff2
58abf65d-fff9-40f0-9350-5b3a16047fc7,pii_full_name_b1289b7b6560,Female,50,Maharashtra,Mumbai,Mumbai Branch,Business,2da12286-f820-43d0-b45c-ba7b63193c91,16-07-2025,05:29:30,1315.87,d584ea0d-203b-403f-bd27-812325f57b7c,Withdrawal,Electronics,8968.16,POS Mobile Device,"Mumbai, Maharashtra",POS,0,Clean,INR,+91964748XXXXXX,Food delivery,pii_email_ad67acb6dff2
58abf65d-fff9-40f0-9350-5b3a16047fc7,pii_full_name_b1289b7b6560,Female,50,Maharashtra,Mumbai,Mumbai Branch,Business,54b1e95b-1246-4f8e-bf2c-3582e5c23fbf,24-07-2025,08:32:13,66629.99,965c03bd-a554-43c1-bdfb-8f53a14fc8a0,Transfer,Entertainment,45278.5,QR Code Scanner,"Mumbai, Maharashtra",Desktop,1,Clean,INR,+91964748XXXXXX,Cash withdrawal,pii_email_ad67acb6dff2
58abf65d-fff9-40f0-9350-5b3a16047fc7,pii_full_name_b1289b7b6560,Female,50,Maharashtra,Mumbai,Mumbai Branch,Business,2d2a66ab-9bfa-4b03-8d8f-52d9642ceb37,28-07-2025,10:07:51,749.47,2629f8a2-8eea-47d3-befe-e4cecee0430e,Debit,Electronics,45203.55,Biometric ATM,"Mumbai, Maharashtra",ATM,0,Clean,INR,+91964748XXXXXX,Utility bill,pii_email_ad67acb6dff2
58abf65d-fff9-40f0-9350-5b3a16047fc7,pii_full_name_b1289b7b6560,Female,50,Maharashtra,Mumbai,Mumbai Branch,Business,96b8dff9-eeca-45c4-8d01-cd5f424df2a5,01-08-2025,19:19:59,60945.75,38abc17b-3854-43ea-8593-582d5d7cfcac,Transfer,Electronics,34385.22,QR Code Scanner,"Mumbai, Maharashtra",ATM,0,Clean,INR,+91964748XXXXXX,Salary credit,pii_email_ad67acb6dff2
58abf65d-fff9-40f0-9350-5b3a16047fc7,pii_full_name_b1289b7b6560,Female,50,Maharashtra,Mumbai,Mumbai Branch,Business,e504a38d-8f10-461d-a4f5-f000d12db1d2,03-09-2025,00:29:58,92359.4,f1ca32e4-6e4b-40af-a6ee-226861b75a51,Debit,Electronics,35967.61,ATM,"Mumbai, Maharashtra",ATM,0,Clean,INR,+91964748XXXXXX,Insurance premium,pii_email_ad67acb6dff2
58abf65d-fff9-40f0-9350-5b3a16047fc7,pii_full_name_b1289b7b6560,Female,50,Maharashtra,Mumbai,Mumbai Branch,Business,d3b496e5-a43d-4045-a22c-0b80410eba36,05-10-2025,18:30:25,23190.04,20c08ce3-b56e-4e8a-a795-1ffe9bc9ab8c,Transfer,Clothing,23042.46,ATM Booth Kiosk,"Mumbai, Maharashtra",Mobile,0,Clean,INR,+91964748XXXXXX,Salary credit,pii_email_ad67acb6dff2
58abf65d-fff9-40f0-9350-5b3a16047fc7,pii_full_name_b1289b7b6560,Female,50,Maharashtra,Mumbai,Mumbai Branch,Business,5723ae79-d2e4-4913-86f1-fb1ecebd3185,08-10-2025,02:08:21,47755.3,41874487-1021-45a1-9b1a-dea7a2a7f1fa,Bill Payment,Groceries,5029.66,Voice Assistant,"Mumbai, Maharashtra",Desktop,0,Clean,INR,+91964748XXXXXX,Gym membership,pii_email_ad67acb6dff2
58abf65d-fff9-40f0-9350-5b3a16047fc7,pii_full_name_b1289b7b6560,Female,50,Maharashtra,Mumbai,Mumbai Branch,Business,44524551-7688-42db-a56c-2b4153f3d01e,06-11-2025,07:41:57,31711.79,738c4724-5da3-4cdd-b88c-4b921c3d1a47,Bill Payment,Health,24117.67,Virtual Card,"Mumbai, Maharashtra",POS,0,Clean,INR,+91964748XXXXXX,Mutual fund investment,pii_email_ad67acb6dff2
58abf65d-fff9-40f0-9350-5b3a16047fc7,pii_full_name_b1289b7b6560,Female,50,Maharashtra,Mumbai,Mumbai Branch,Business,a25ede30-9a10-4daa-8791-38bfb008812f,21-11-2025,17:18:46,10543.35,defc11e7-ac97-4d2d-ac3e-a193b008a9ae,Withdrawal,Health,13499.34,Video Banking,"Mumbai, Maharashtra",ATM,0,Clean,INR,+91964748XXXXXX,Gym membership,pii_email_ad67acb6dff2
58abf65d-fff9-40f0-9350-5b3a16047fc7,pii_full_name_b1289b7b6560,Female,50,Maharashtra,Mumbai,Mumbai Branch,Business,7504cf3c-4ee0-4ed0-b6ef-345508fc35cc,08-12-2025,16:35:16,79308.82,8b108799-9c8e-409a-8ad0-ff47e884270d,Credit,Groceries,32048.55,UPI,"Mumbai, Maharashtra",POS,0,Clean,INR,+91964748XXXXXX,Flight ticket,pii_email_ad67acb6dff2
58e301f1-f418-44a1-93c4-9b6284e19404,pii_full_name_e2022bfb778a,Female,40,Andaman and Nicobar Islands,Port Blair,Port Blair Branch,Business,c61d44ea-644c-4506-98e4-7f66906b6423,14-01-2025,18:47:58,87515.09,fb361620-40fc-42e8-b95f-e8ae22705daa,Transfer,Entertainment,23035.29,Internet Banking,"Port Blair, Andaman and Nicobar Islands",Desktop,0,Clean,INR,+91910117XXXXXX,Movie tickets,pii_email_8bc18ab5b18f
58e301f1-f418-44a1-93c4-9b6284e19404,pii_full_name_e2022bfb778a,Female,40,Andaman and Nicobar Islands,Port Blair,Port Blair Branch,Business,93b7029d-a5f4-4f34-9259-ede07e890db5,13-02-2025,19:11:15,13955.28,a5aaedf2-fe45-479c-8504-d4c78840d949,Credit,Restaurant,13604.93,QR Code Scanner,"Port Blair, Andaman and Nicobar Islands",POS,0,Clean,INR,+91910117XXXXXX,Jewelry purchase,pii_email_8bc18ab5b18f
58e301f1-f418-44a1-93c4-9b6284e19404,pii_full_name_e2022bfb778a,Female,40,Andaman and Nicobar Islands,Port Blair,Port Blair Branch,Business,6968a7da-8eb6-44f1-b48a-32c563500aeb,04-03-2025,06:09:20,80961.99,44c363f7-ef88-4b26-9158-3582e20e547e,Credit,Clothing,29211.22,Mobile Banking App,"Port Blair, Andaman and Nicobar Islands",POS,1,Clean,INR,+91910117XXXXXX,Gas bill,pii_email_8bc18ab5b18f
58e301f1-f418-44a1-93c4-9b6284e19404,pii_full_name_e2022bfb778a,Female,40,Andaman and Nicobar Islands,Port Blair,Port Blair Branch,Business,c97fc7ab-b5d0-4adc-94a0-ea9d664ab336,22-03-2025,05:35:35,26917.44,86e7e196-7490-41b0-90ed-6bdad48d0fdc,Transfer,Entertainment,15661.91,Self-service Banking Machine,"Port Blair, Andaman and Nicobar Islands",Mobile,0,Clean,INR,+91910117XXXXXX,Flight ticket,pii_email_8bc18ab5b18f
58e301f1-f418-44a1-93c4-9b6284e19404,pii_full_name_e2022bfb778a,Female,40,Andaman and Nicobar Islands,Port Blair,Port Blair Branch,Business,ab0b90f4-6713-4228-80d0-95e48f877c9a,05-04-2025,16:41:28,64401.55,e35ed82a-7654-4f8e-ba54-10e7280adea7,Withdrawal,Restaurant,28892.39,Magnetic Strip Card,"Port Blair, Andaman and Nicobar Islands",Mobile,0,Clean,INR,+91910117XXXXXX,Gym membership,pii_email_8bc18ab5b18f
58e301f1-f418-44a1-93c4-9b6284e19404,pii_full_name_e2022bfb778a,Female,40,Andaman and Nicobar Islands,Port Blair,Port Blair Branch,Business,8267e8e8-22bb-4692-b8b2-8c916012b1cd,07-04-2025,00:17:03,34525.02,d72320ec-80f1-4dc3-ae18-776747a4b924,Debit,Entertainment,12209.4,Internet Banking,"Port Blair, Andaman and Nicobar Islands",Mobile,0,Clean,INR,+91910117XXXXXX,Movie tickets,pii_email_8bc18ab5b18f
58e301f1-f418-44a1-93c4-9b6284e19404,pii_full_name_e2022bfb778a,Female,40,Andaman and Nicobar Islands,Port Blair,Port Blair Branch,Business,541a025b-2c8b-4e4a-ac77-5e539c38457f,12-04-2025,19:52:45,6265.39,66a4e101-7b41-418b-ba05-fff0e61c9902,Debit,Entertainment,28265.85,ATM,"Port Blair, Andaman and Nicobar Islands",Desktop,0,Clean,INR,+91910117XXXXXX,Mobile recharge,pii_email_8bc18ab5b18f
58e301f1-f418-44a1-93c4-9b6284e19404,pii_full_name_e2022bfb778a,Female,40,Andaman and Nicobar Islands,Port Blair,Port Blair Branch,Business,8e28df0f-732b-45dd-ad6d-4c2e3b8e66ac,16-04-2025,14:37:00,89922.54,27007a14-8713-448a-b504-7084f38f9e9b,Bill Payment,Entertainment,22164.92,ATM Booth Kiosk,"Port Blair, Andaman and Nicobar Islands",Desktop,0,Clean,INR,+91910117XXXXXX,Salary credit,pii_email_8bc18ab5b18f
58e301f1-f418-44a1-93c4-9b6284e19404,pii_full_name_e2022bfb778a,Female,40,Andaman and Nicobar Islands,Port Blair,Port Blair Branch,Business,d487dd68-95b1-422f-a7ab-bc5af38357df,02-05-2025,00:22:54,71531.71,392f74fa-991e-473d-80e3-6f94ed69bcf5,Withdrawal,Groceries,14086.54,Biometric ATM,"Port Blair, Andaman and Nicobar Islands",POS,0,Clean,INR,+91910117XXXXXX,Restaurant dining,pii_email_8bc18ab5b18f
58e301f1-f418-44a1-93c4-9b6284e19404,pii_full_name_e2022bfb778a,Female,40,Andaman and Nicobar Islands,Port Blair,Port Blair Branch,Business,c672b426-4b3b-44a0-a158-447509419400,03-06-2025,10:51:24,57542.0,c05dafed-287b-4fd5-8f41-1211dc74ff91,Debit,Electronics,12970.16,Virtual Card,"Port Blair, Andaman and Nicobar Islands",Desktop,0,Clean,INR,+91910117XXXXXX,EMI payment,pii_email_8bc18ab5b18f
58e301f1-f418-44a1-93c4-9b6284e19404,pii_full_name_e2022bfb778a,Female,40,Andaman and Nicobar Islands,Port Blair,Port Blair Branch,Business,fbb6ec3e-b195-4955-96c8-89ce4aeaa593,07-06-2025,11:54:06,46763.15,e0091633-fb61-4e94-9974-0c2127dc3fbf,Credit,Electronics,27711.6,Internet Banking,"Port Blair, Andaman and Nicobar Islands",Mobile,0,Clean,INR,+91910117XXXXXX,Electricity bill,pii_email_8bc18ab5b18f
58e301f1-f418-44a1-93c4-9b6284e19404,pii_full_name_e2022bfb778a,Female,40,Andaman and Nicobar Islands,Port Blair,Port Blair Branch,Business,fe624e4c-8e22-4bab-8bad-49f9f9091d56,05-07-2025,18:03:54,8179.83,e5f0b870-13b6-4c7c-b0e2-3631f3be3ebf,Credit,Electronics,41743.96,Digital Wallet,"Port Blair, Andaman and Nicobar Islands",ATM,0,Clean,INR,+91910117XXXXXX,Hotel booking,pii_email_8bc18ab5b18f
58e301f1-f418-44a1-93c4-9b6284e19404,pii_full_name_e2022bfb778a,Female,40,Andaman and Nicobar Islands,Port Blair,Port Blair Branch,Business,e1fda2e9-e274-4ea1-9838-4b045083be70,12-07-2025,12:54:23,77919.68,b9af7de6-5818-46da-ae2d-f367eb60dcf3,Debit,Entertainment,14283.78,QR Code Scanner,"Port Blair, Andaman and Nicobar Islands",ATM,0,Clean,INR,+91910117XXXXXX,Train ticket,pii_email_8bc18ab5b18f
58e301f1-f418-44a1-93c4-9b6284e19404,pii_full_name_e2022bfb778a,Female,40,Andaman and Nicobar Islands,Port Blair,Port Blair Branch,Business,1d920f05-ea35-40ef-ba08-c2c7990feb10,21-07-2025,06:23:37,46378.18,95b71446-1388-4048-b904-3751b11b395f,Credit,Entertainment,18724.36,Magnetic Strip Card,"Port Blair, Andaman and Nicobar Islands",POS,0,Clean,INR,+91910117XXXXXX,Insurance premium,pii_email_8bc18ab5b18f
58e301f1-f418-44a1-93c4-9b6284e19404,pii_full_name_e2022bfb778a,Female,40,Andaman and Nicobar Islands,Port Blair,Port Blair Branch,Business,fd5dd03a-c181-4045-8965-7ccc820d019a,26-07-2025,18:41:07,39906.99,16526cf0-5eb6-4104-ba22-c0d58b5bdb6a,Transfer,Electronics,31157.17,QR Code Scanner,"Port Blair, Andaman and Nicobar Islands",POS,0,Clean,INR,+91910117XXXXXX,Utility bill,pii_email_8bc18ab5b18f
58e301f1-f418-44a1-93c4-9b6284e19404,pii_full_name_e2022bfb778a,Female,40,Andaman and Nicobar Islands,Port Blair,Port Blair Branch,Business,d75ba29c-7951-47db-85fb-d00020890dea,13-10-2025,19:31:41,5451.25,e66c84b9-c367-4829-aa64-449ed8109823,Bill Payment,Restaurant,27166.48,Internet Banking,"Port Blair, Andaman and Nicobar Islands",POS,0,Clean,INR,+91910117XXXXXX,Debt repayment,pii_email_8bc18ab5b18f
58e301f1-f418-44a1-93c4-9b6284e19404,pii_full_name_e2022bfb778a,Female,40,Andaman and Nicobar Islands,Port Blair,Port Blair Branch,Business,41b72288-8601-46e2-9eb5-9524d49560a8,27-10-2025,00:53:35,61901.02,e7355e1f-9aa1-432e-a84f-3e0178c73b53,Bill Payment,Groceries,22075.75,Chip Card,"Port Blair, Andaman and Nicobar Islands",ATM,0,Clean,INR,+91910117XXXXXX,Taxi fare,pii_email_8bc18ab5b18f
58e301f1-f418-44a1-93c4-9b6284e19404,pii_full_name_e2022bfb778a,Female,40,Andaman and Nicobar Islands,Port Blair,Port Blair Branch,Business,c598729c-b614-4795-b626-fb2b04744f34,29-10-2025,09:05:40,10498.94,497913f7-eb86-4ef2-8504-65dc0477144a,Debit,Clothing,21115.03,Contactless Card,"Port Blair, Andaman and Nicobar Islands",Desktop,0,Clean,INR,+91910117XXXXXX,Salary credit,pii_email_8bc18ab5b18f
58e301f1-f418-44a1-93c4-9b6284e19404,pii_full_name_e2022bfb778a,Female,40,Andaman and Nicobar Islands,Port Blair,Port Blair Branch,Business,3426fa9c-1d78-4d1f-b153-13658677b72b,03-12-2025,20:42:59,79715.09,8c835834-9638-456c-8928-0038a2758d07,Withdrawal,Electronics,21239.72,POS Mobile Device,"Port Blair, Andaman and Nicobar Islands",ATM,0,Clean,INR,+91910117XXXXXX,Electricity bill,pii_email_8bc18ab5b18f
58e301f1-f418-44a1-93c4-9b6284e19404,pii_full_name_e2022bfb778a,Female,40,Andaman and Nicobar Islands,Port Blair,Port Blair Branch,Business,0c3b3545-f392-4fe7-8348-ab0ee4468204,15-12-2025,19:09:25,64114.16,5b794001-7fd2-4afd-afec-91ff9a77305f,Debit,Electronics,35332.54,Virtual Card,"Port Blair, Andaman and Nicobar Islands",Desktop,0,Clean,INR,+91910117XXXXXX,Restaurant dining,pii_email_8bc18ab5b18f
594ce740-b58f-458a-9636-474fcb572303,pii_full_name_597ee76057aa,Female,57,Chandigarh,Chandigarh,Chandigarh Branch,Savings,180b4d9a-a822-42b9-a81d-55b98461d310,04-01-2025,04:41:36,91595.37,bdbb2926-74b9-4d16-a66e-bdf1eb5d1f85,Transfer,Clothing,99996.44,Phone Banking,"Chandigarh, Chandigarh",Mobile,0,Clean,INR,+91927368XXXXXX,Flight ticket,pii_email_3b2cebce3659
594ce740-b58f-458a-9636-474fcb572303,pii_full_name_597ee76057aa,Female,57,Chandigarh,Chandigarh,Chandigarh Branch,Savings,9132486d-9c2d-4416-94f1-50fc7466f403,18-01-2025,18:51:50,44319.9,710e0ad0-097c-4f99-b63a-600f8187dfdc,Withdrawal,Restaurant,69064.47,Voice Assistant,"Chandigarh, Chandigarh",Mobile,0,Clean,INR,+91927368XXXXXX,Hotel booking,pii_email_3b2cebce3659
594ce740-b58f-458a-9636-474fcb572303,pii_full_name_597ee76057aa,Female,57,Chandigarh,Chandigarh,Chandigarh Branch,Savings,799f85e0-7823-4670-90c2-e3fb85da59cc,27-01-2025,23:28:10,24333.83,e890227c-6382-4805-a8fd-50f839291e49,Transfer,Clothing,87281.23,Contactless Card,"Chandigarh, Chandigarh",Desktop,0,Clean,INR,+91927368XXXXXX,Mobile recharge,pii_email_3b2cebce3659
594ce740-b58f-458a-9636-474fcb572303,pii_full_name_597ee76057aa,Female,57,Chandigarh,Chandigarh,Chandigarh Branch,Savings,041a54a1-033e-47f7-95cc-114a20bed9be,24-02-2025,15:04:48,20021.54,1b9673fd-dcde-4802-9822-582484c9f1d3,Credit,Electronics,99996.44,POS Mobile App,"Chandigarh, Chandigarh",Mobile,0,Clean,INR,+91927368XXXXXX,Gym membership,pii_email_3b2cebce3659
594ce740-b58f-458a-9636-474fcb572303,pii_full_name_597ee76057aa,Female,57,Chandigarh,Chandigarh,Chandigarh Branch,Savings,277093b2-2da2-49e9-8589-5e6a7fb546ef,13-03-2025,05:27:03,64951.86,1438e065-6390-4614-9233-1c27847eb761,Bill Payment,Health,93501.25,Debit/Credit Card,"Chandigarh, Chandigarh",ATM,0,Clean,INR,+91927368XXXXXX,Restaurant dining,pii_email_3b2cebce3659
594ce740-b58f-458a-9636-474fcb572303,pii_full_name_597ee76057aa,Female,57,Chandigarh,Chandigarh,Chandigarh Branch,Savings,5fc93329-2c20-4cc2-b9ea-18fb9085a011,31-03-2025,17:09:14,34006.05,b9f47a0b-18b3-4e68-bdc0-12c9c8d6fc42,Debit,Clothing,67255.04,Voice Assistant,"Chandigarh, Chandigarh",Desktop,0,Clean,INR,+91927368XXXXXX,Cash withdrawal,pii_email_3b2cebce3659
594ce740-b58f-458a-9636-474fcb572303,pii_full_name_597ee76057aa,Female,57,Chandigarh,Chandigarh,Chandigarh Branch,Savings,1aac984a-d574-46b7-aee7-08220f255ca1,06-04-2025,21:07:55,70590.38,9fd7c944-4c84-41ca-b969-326a928bf3d6,Credit,Restaurant,69002.85,Digital Wallet,"Chandigarh, Chandigarh",Desktop,0,Clean,INR,+91927368XXXXXX,Gas bill,pii_email_3b2cebce3659
594ce740-b58f-458a-9636-474fcb572303,pii_full_name_597ee76057aa,Female,57,Chandigarh,Chandigarh,Chandigarh Branch,Savings,07114db4-baa0-4181-9d1e-7c9849c28953,13-04-2025,03:42:53,15911.66,e2fae8fe-0721-4fdd-a54f-4d2e7954bdaa,Credit,Electronics,70655.64,ATM Booth Kiosk,"Chandigarh, Chandigarh",POS,0,Clean,INR,+91927368XXXXXX,Flight ticket,pii_email_3b2cebce3659
594ce740-b58f-458a-9636-474fcb572303,pii_full_name_597ee76057aa,Female,57,Chandigarh,Chandigarh,Chandigarh Branch,Savings,8f74a10c-bccc-48cc-b077-da730d6f1edd,04-05-2025,03:40:44,85164.28,80938495-0173-4451-aae3-99d34ee592ee,Transfer,Electronics,77519.28,Biometric ATM,"Chandigarh, Chandigarh",POS,1,Clean,INR,+91927368XXXXXX,Jewelry purchase,pii_email_3b2cebce3659
594ce740-b58f-458a-9636-474fcb572303,pii_full_name_597ee76057aa,Female,57,Chandigarh,Chandigarh,Chandigarh Branch,Savings,7de32472-fdbd-432b-86ee-88b2ff080933,16-05-2025,14:26:15,42506.59,29a6164b-70e7-49c6-8b1b-90876af6d794,Withdrawal,Groceries,89250.59,QR Code Scanner,"Chandigarh, Chandigarh",POS,0,Clean,INR,+91927368XXXXXX,Mobile recharge,pii_email_3b2cebce3659
594ce740-b58f-458a-9636-474fcb572303,pii_full_name_597ee76057aa,Female,57,Chandigarh,Chandigarh,Chandigarh Branch,Savings,426ed724-8507-4d4e-bd16-46cd04e48ca1,09-06-2025,18:03:19,51107.89,f8166b2b-074d-435c-88d9-90234910b7eb,Credit,Entertainment,92392.01,Magnetic Strip Card,"Chandigarh, Chandigarh",Desktop,0,Clean,INR,+91927368XXXXXX,Food delivery,pii_email_3b2cebce3659
594ce740-b58f-458a-9636-474fcb572303,pii_full_name_597ee76057aa,Female,57,Chandigarh,Chandigarh,Chandigarh Branch,Savings,5f3f3d7e-9d53-4b7d-a4ec-182d5bcc3fbe,31-08-2025,18:25:13,82049.11,2f73da10-2d19-445e-8bdf-9dc8f66a8a0b,Debit,Entertainment,81045.68,Video Banking,"Chandigarh, Chandigarh",POS,0,Clean,INR,+91927368XXXXXX,EMI payment,pii_email_3b2cebce3659
594ce740-b58f-458a-9636-474fcb572303,pii_full_name_597ee76057aa,Female,57,Chandigarh,Chandigarh,Chandigarh Branch,Savings,61086479-dcea-413d-8963-1b89ff7a3e1a,05-09-2025,16:41:01,6477.06,c609063a-a7a5-48d5-a07f-055351f6b395,Transfer,Clothing,86579.06,POS Mobile Device,"Chandigarh, Chandigarh",Mobile,0,Clean,INR,+91927368XXXXXX,Insurance premium,pii_email_3b2cebce3659
594ce740-b58f-458a-9636-474fcb572303,pii_full_name_597ee76057aa,Female,57,Chandigarh,Chandigarh,Chandigarh Branch,Savings,2c941c3d-0661-4e1a-bc64-1dfff56e2aa5,10-09-2025,19:00:38,72758.39,3f21fd0c-6523-4de6-9738-158796b7445e,Credit,Health,99996.44,Chip Card,"Chandigarh, Chandigarh",POS,0,Clean,INR,+91927368XXXXXX,Gas bill,pii_email_3b2cebce3659
594ce740-b58f-458a-9636-474fcb572303,pii_full_name_597ee76057aa,Female,57,Chandigarh,Chandigarh,Chandigarh Branch,Savings,bfe9f12f-b87e-4a31-856f-f1a5924f85d4,22-10-2025,15:26:36,17312.2,545a00be-641d-4e0a-a9b3-0fe1b0ddc3af,Withdrawal,Entertainment,84847.84,ATM Booth Kiosk,"Chandigarh, Chandigarh",Mobile,0,Clean,INR,+91927368XXXXXX,EMI payment,pii_email_3b2cebce3659
594ce740-b58f-458a-9636-474fcb572303,pii_full_name_597ee76057aa,Female,57,Chandigarh,Chandigarh,Chandigarh Branch,Savings,aa8f4e3e-93b3-41ee-91b0-be89e85e0c5c,28-10-2025,13:42:51,53112.19,4ed81ac6-7a0b-4a79-b68f-0f44892ce244,Bill Payment,Electronics,61943.82,Chip Card,"Chandigarh, Chandigarh",POS,0,Clean,INR,+91927368XXXXXX,Gas bill,pii_email_3b2cebce3659
594ce740-b58f-458a-9636-474fcb572303,pii_full_name_597ee76057aa,Female,57,Chandigarh,Chandigarh,Chandigarh Branch,Savings,28e9c3f0-afae-4c89-885c-018f20a86eb9,30-10-2025,04:33:47,84120.73,35b858e6-6723-44c3-be99-14930d2e6f02,Transfer,Health,85931.36,Branch Counter,"Chandigarh, Chandigarh",POS,0,Clean,INR,+91927368XXXXXX,Jewelry purchase,pii_email_3b2cebce3659
59783d47-a934-4f07-ba24-09416315f407,pii_full_name_503256e086f0,Female,57,Madhya Pradesh,Indore,Indore Branch,Savings,f1fdc926-763e-4dde-b751-abf50d04ba6e,17-03-2025,23:18:08,3126.19,912cc99f-cf34-4c0b-acc3-b60e51e553e2,Debit,Entertainment,79153.63,Virtual Card,"Indore, Madhya Pradesh",Mobile,0,Clean,INR,+91994458XXXXXX,Hotel booking,pii_email_7e1e00052c08
59783d47-a934-4f07-ba24-09416315f407,pii_full_name_503256e086f0,Female,57,Madhya Pradesh,Indore,Indore Branch,Savings,0f0a6068-82a2-4709-9c51-96e9bfa96871,26-04-2025,11:25:32,65324.27,6d4f829a-1912-4495-8d57-d7f92e1322f1,Credit,Entertainment,88829.32,ATM,"Indore, Madhya Pradesh",POS,0,Clean,INR,+91994458XXXXXX,Train ticket,pii_email_7e1e00052c08
59783d47-a934-4f07-ba24-09416315f407,pii_full_name_503256e086f0,Female,57,Madhya Pradesh,Indore,Indore Branch,Savings,2ff22a54-b58b-4200-a70b-81cefa07ee45,19-10-2025,20:19:35,93630.71,83bb8ca4-e6f9-462e-adb3-dba0db8e31dd,Bill Payment,Groceries,79466.25,Internet Banking,"Indore, Madhya Pradesh",Mobile,0,Clean,INR,+91994458XXXXXX,Restaurant dining,pii_email_7e1e00052c08
59e51e41-c457-4f19-897f-228cffc87557,pii_full_name_bb15d9192be3,Male,35,Rajasthan,Udaipur,Udaipur Branch,Business,c35931a4-eaba-460f-858a-f34221eb56bb,09-01-2025,21:03:12,53110.29,e006ded9-7b2c-4dad-a2bb-8d099b37cdd6,Bill Payment,Health,83738.1,Contactless Card,"Udaipur, Rajasthan",POS,1,Clean,INR,+91910338XXXXXX,Grocery delivery,pii_email_73c9ba6914a9
59e51e41-c457-4f19-897f-228cffc87557,pii_full_name_bb15d9192be3,Male,35,Rajasthan,Udaipur,Udaipur Branch,Business,55fa5c12-71a9-45f0-b004-f7a1667389ba,31-01-2025,04:10:27,93943.23,a5b554e5-d75f-4a88-8fa8-0de683ad7cae,Credit,Entertainment,79326.52,ATM Booth Kiosk,"Udaipur, Rajasthan",POS,0,Clean,INR,+91910338XXXXXX,Grocery delivery,pii_email_73c9ba6914a9
59e51e41-c457-4f19-897f-228cffc87557,pii_full_name_bb15d9192be3,Male,35,Rajasthan,Udaipur,Udaipur Branch,Business,ab31b28b-8083-4ec8-be09-8cf73bf47d42,14-05-2025,20:23:08,69416.98,3042660f-af36-45bc-b490-f6d30b4e0ac5,Debit,Entertainment,69932.2,Voice Assistant,"Udaipur, Rajasthan",Desktop,1,Clean,INR,+91910338XXXXXX,Mobile recharge,pii_email_73c9ba6914a9
59e51e41-c457-4f19-897f-228cffc87557,pii_full_name_bb15d9192be3,Male,35,Rajasthan,Udaipur,Udaipur Branch,Business,cbcde855-f603-41a9-b64b-a86d57dd8164,17-06-2025,14:18:09,79092.43,987ea0c2-da26-42a8-9b46-968115031e0d,Debit,Groceries,82149.38,Branch Counter,"Udaipur, Rajasthan",Mobile,0,Clean,INR,+91910338XXXXXX,Mutual fund investment,pii_email_73c9ba6914a9
59e51e41-c457-4f19-897f-228cffc87557,pii_full_name_bb15d9192be3,Male,35,Rajasthan,Udaipur,Udaipur Branch,Business,972c54a9-a663-4edf-bbe8-79be5e76ba62,14-08-2025,06:27:54,71881.18,6c5a414c-85e1-4900-b467-7678dc90e01f,Withdrawal,Groceries,85696.0,Debit/Credit Card,"Udaipur, Rajasthan",POS,0,Clean,INR,+91910338XXXXXX,Online shopping,pii_email_73c9ba6914a9
59e51e41-c457-4f19-897f-228cffc87557,pii_full_name_bb15d9192be3,Male,35,Rajasthan,Udaipur,Udaipur Branch,Business,ac2818a5-51b5-4654-b3fc-a1987dd5ac49,15-08-2025,23:51:51,91460.28,d44631cd-c734-4973-a521-f3c19eda8d25,Credit,Electronics,92884.12,QR Code Scanner,"Udaipur, Rajasthan",POS,0,Clean,INR,+91910338XXXXXX,Debt repayment,pii_email_73c9ba6914a9
59e51e41-c457-4f19-897f-228cffc87557,pii_full_name_bb15d9192be3,Male,35,Rajasthan,Udaipur,Udaipur Branch,Business,23998640-c7a4-4f70-9597-a488551b98ee,23-10-2025,01:40:15,4660.9,c3adffc5-8349-4f4a-b00d-809c08fcc7ba,Withdrawal,Health,78860.43,UPI,"Udaipur, Rajasthan",Mobile,0,Clean,INR,+91910338XXXXXX,Bus ticket,pii_email_73c9ba6914a9
59e51e41-c457-4f19-897f-228cffc87557,pii_full_name_bb15d9192be3,Male,35,Rajasthan,Udaipur,Udaipur Branch,Business,9a7e88de-c72d-4fb3-a4cd-3d6f9a421dce,27-10-2025,05:44:04,50727.59,a782ad0c-6afb-4055-9285-222e6b16fdf9,Credit,Groceries,90058.62,Video Banking,"Udaipur, Rajasthan",ATM,0,Clean,INR,+91910338XXXXXX,Jewelry purchase,pii_email_73c9ba6914a9
59e51e41-c457-4f19-897f-228cffc87557,pii_full_name_bb15d9192be3,Male,35,Rajasthan,Udaipur,Udaipur Branch,Business,1e187167-051e-47e5-a28b-e922ce935a88,12-11-2025,12:47:22,35573.81,52804c14-b4cb-4ad5-8e87-8c4830d9a109,Transfer,Health,89049.12,QR Code Scanner,"Udaipur, Rajasthan",Desktop,0,Clean,INR,+91910338XXXXXX,Bus ticket,pii_email_73c9ba6914a9
59e51e41-c457-4f19-897f-228cffc87557,pii_full_name_bb15d9192be3,Male,35,Rajasthan,Udaipur,Udaipur Branch,Business,8cbec165-e8ee-441a-9c28-e04d0db5cb11,13-12-2025,04:01:14,66313.1,52acc9f1-1b15-47f7-84ad-854c3c4c7e3a,Credit,Clothing,85491.74,Branch Counter,"Udaipur, Rajasthan",POS,0,Clean,INR,+91910338XXXXXX,Cash withdrawal,pii_email_73c9ba6914a9
59e51e41-c457-4f19-897f-228cffc87557,pii_full_name_bb15d9192be3,Male,35,Rajasthan,Udaipur,Udaipur Branch,Business,b9e74012-7d31-40d0-83c6-29d3344bda49,26-12-2025,09:44:17,52754.77,db362d47-d582-4903-9e55-d7e9551aa350,Debit,Restaurant,76873.9,Phone Banking,"Udaipur, Rajasthan",Desktop,0,Clean,INR,+91910338XXXXXX,Online shopping,pii_email_73c9ba6914a9
5a830e4e-bef2-4bd5-9e74-81acac16c872,pii_full_name_e7fd7502312c,Male,70,Punjab,Jalandhar,Jalandhar Branch,Checking,a528ed52-fb29-43d7-adbc-2eeab47f84e7,10-01-2025,01:21:03,56277.13,12796a82-f49f-4021-bd88-a5c2582f405a,Transfer,Electronics,34126.49,POS Mobile Device,"Jalandhar, Punjab",Mobile,0,Clean,INR,+91967545XXXXXX,Grocery delivery,pii_email_0f1f729b04a1
5a830e4e-bef2-4bd5-9e74-81acac16c872,pii_full_name_e7fd7502312c,Male,70,Punjab,Jalandhar,Jalandhar Branch,Checking,abd91dfc-af8e-4e79-9402-145e52de559a,10-01-2025,06:32:06,16928.54,1e4043db-59f2-48ce-baee-616441fea97f,Credit,Health,22662.78,Virtual Card,"Jalandhar, Punjab",Desktop,0,Clean,INR,+91967545XXXXXX,Train ticket,pii_email_0f1f729b04a1
5a830e4e-bef2-4bd5-9e74-81acac16c872,pii_full_name_e7fd7502312c,Male,70,Punjab,Jalandhar,Jalandhar Branch,Checking,68925c29-52a0-4196-9e1c-6bcddcf1bdc6,09-02-2025,18:38:54,49815.58,f302aab8-e0b2-4f1b-b3d9-7090f03049fd,Debit,Clothing,21064.01,Phone Banking,"Jalandhar, Punjab",Desktop,0,Clean,INR,+91967545XXXXXX,Insurance premium,pii_email_0f1f729b04a1
5a830e4e-bef2-4bd5-9e74-81acac16c872,pii_full_name_e7fd7502312c,Male,70,Punjab,Jalandhar,Jalandhar Branch,Checking,24b40096-7498-46c5-8cee-9383e28b93af,15-02-2025,06:57:57,56495.56,a0c6feaf-b017-4404-8edb-444dc73ab32b,Withdrawal,Clothing,28498.78,Biometric ATM,"Jalandhar, Punjab",Mobile,0,Clean,INR,+91967545XXXXXX,Jewelry purchase,pii_email_0f1f729b04a1
5a830e4e-bef2-4bd5-9e74-81acac16c872,pii_full_name_e7fd7502312c,Male,70,Punjab,Jalandhar,Jalandhar Branch,Checking,c9ceca41-4cfe-4f22-a2c5-604fef80e00e,18-03-2025,14:10:48,93327.75,41d4f72e-4105-4045-9c79-f6c2fdb91e96,Debit,Restaurant,5029.66,Video Banking,"Jalandhar, Punjab",POS,1,Money Laundering,INR,+91967545XXXXXX,Salary credit,pii_email_0f1f729b04a1
5a830e4e-bef2-4bd5-9e74-81acac16c872,pii_full_name_e7fd7502312c,Male,70,Punjab,Jalandhar,Jalandhar Branch,Checking,35214b1e-08bc-4f96-84d7-d98005eddd34,28-03-2025,00:01:42,3242.29,d7bfafbe-4cce-489d-88ea-4b106de2afb7,Bill Payment,Entertainment,20739.78,ATM Booth Kiosk,"Jalandhar, Punjab",Desktop,0,Clean,INR,+91967545XXXXXX,Restaurant dining,pii_email_0f1f729b04a1
5a830e4e-bef2-4bd5-9e74-81acac16c872,pii_full_name_e7fd7502312c,Male,70,Punjab,Jalandhar,Jalandhar Branch,Checking,8ed8132c-4989-4f9c-afaf-caa7063daac6,19-04-2025,07:26:15,92287.6,87e39c89-282a-4277-b6da-07469791cb52,Debit,Clothing,10282.57,ATM Booth Kiosk,"Jalandhar, Punjab",Mobile,0,Clean,INR,+91967545XXXXXX,Electricity bill,pii_email_0f1f729b04a1
5a830e4e-bef2-4bd5-9e74-81acac16c872,pii_full_name_e7fd7502312c,Male,70,Punjab,Jalandhar,Jalandhar Branch,Checking,04b4cfe4-7ab3-4489-a171-9e1703d699ed,19-04-2025,22:54:09,22979.66,332358bf-c394-4283-b2c2-2caba54cd04e,Bill Payment,Clothing,6962.8,Debit/Credit Card,"Jalandhar, Punjab",POS,0,Clean,INR,+91967545XXXXXX,Food delivery,pii_email_0f1f729b04a1
5a830e4e-bef2-4bd5-9e74-81acac16c872,pii_full_name_e7fd7502312c,Male,70,Punjab,Jalandhar,Jalandhar Branch,Checking,c36c2a91-a120-4926-955a-fc3ae1fff674,22-04-2025,04:47:24,25892.73,b49691a2-6dc7-4d8e-9554-b4e51e00ffe2,Transfer,Electronics,7618.93,POS Mobile App,"Jalandhar, Punjab",ATM,0,Clean,INR,+91967545XXXXXX,Gym membership,pii_email_0f1f729b04a1
5a830e4e-bef2-4bd5-9e74-81acac16c872,pii_full_name_e7fd7502312c,Male,70,Punjab,Jalandhar,Jalandhar Branch,Checking,074c4c19-884f-44a3-aad4-ab07926c7809,02-05-2025,00:02:09,55917.59,102d8d32-025b-4ea2-95af-df71b88f2776,Credit,Restaurant,26045.57,Phone Banking,"Jalandhar, Punjab",POS,0,Clean,INR,+91967545XXXXXX,Restaurant dining,pii_email_0f1f729b04a1
5a830e4e-bef2-4bd5-9e74-81acac16c872,pii_full_name_e7fd7502312c,Male,70,Punjab,Jalandhar,Jalandhar Branch,Checking,db91d151-7feb-41c9-9268-fac47e79046d,03-05-2025,10:46:24,12284.57,547455f6-25fe-40c9-a308-a703862bab84,Withdrawal,Groceries,19511.33,ATM Booth Kiosk,"Jalandhar, Punjab",POS,0,Clean,INR,+91967545XXXXXX,Debt repayment,pii_email_0f1f729b04a1
5a830e4e-bef2-4bd5-9e74-81acac16c872,pii_full_name_e7fd7502312c,Male,70,Punjab,Jalandhar,Jalandhar Branch,Checking,0d19e6db-d531-48ae-916d-fefab0ff6b78,30-06-2025,16:03:57,88606.69,5aad75d2-ae37-4514-904d-6fb49d6e2090,Withdrawal,Electronics,5029.66,Branch Counter,"Jalandhar, Punjab",Mobile,0,Clean,INR,+91967545XXXXXX,Jewelry purchase,pii_email_0f1f729b04a1
5a830e4e-bef2-4bd5-9e74-81acac16c872,pii_full_name_e7fd7502312c,Male,70,Punjab,Jalandhar,Jalandhar Branch,Checking,13df2836-6439-428f-8e8b-fc2cff0d6577,21-08-2025,16:53:38,36556.55,6e42de66-dee4-455c-b622-575bd0c0cda6,Withdrawal,Groceries,20969.93,Chip Card,"Jalandhar, Punjab",POS,0,Clean,INR,+91967545XXXXXX,Cash withdrawal,pii_email_0f1f729b04a1
5a830e4e-bef2-4bd5-9e74-81acac16c872,pii_full_name_e7fd7502312c,Male,70,Punjab,Jalandhar,Jalandhar Branch,Checking,d1afb3f0-0758-4332-aa9c-642873539773,08-09-2025,08:38:50,42311.06,babf5e89-4146-458e-8774-61e6a0ee7e12,Transfer,Electronics,9260.77,Phone Banking,"Jalandhar, Punjab",ATM,0,Clean,INR,+91967545XXXXXX,Utility bill,pii_email_0f1f729b04a1
5a830e4e-bef2-4bd5-9e74-81acac16c872,pii_full_name_e7fd7502312c,Male,70,Punjab,Jalandhar,Jalandhar Branch,Checking,d575d26e-efd4-4a15-8223-8918a3c42be5,16-09-2025,06:35:10,43076.83,b81f8e1d-0fed-4624-8ba3-594c45bf95f3,Withdrawal,Electronics,5974.88,ATM,"Jalandhar, Punjab",Mobile,0,Clean,INR,+91967545XXXXXX,Gym membership,pii_email_0f1f729b04a1
5a830e4e-bef2-4bd5-9e74-81acac16c872,pii_full_name_e7fd7502312c,Male,70,Punjab,Jalandhar,Jalandhar Branch,Checking,e1b346ae-dbb8-4acc-b327-e88c989cc960,11-10-2025,13:35:55,22089.68,836af2e4-4d71-4c86-808c-62bd86cff1f4,Withdrawal,Groceries,20453.81,ATM Booth Kiosk,"Jalandhar, Punjab",Mobile,0,Clean,INR,+91967545XXXXXX,Pharmacy bill,pii_email_0f1f729b04a1
5a830e4e-bef2-4bd5-9e74-81acac16c872,pii_full_name_e7fd7502312c,Male,70,Punjab,Jalandhar,Jalandhar Branch,Checking,ff3b2612-6f43-4f3f-bfcb-1a663403d30f,31-10-2025,06:08:07,12564.93,9f94ce73-bf32-4e96-86f6-9dd25cf5ca49,Bill Payment,Groceries,34148.34,Digital Wallet,"Jalandhar, Punjab",ATM,0,Clean,INR,+91967545XXXXXX,Grocery delivery,pii_email_0f1f729b04a1
5a830e4e-bef2-4bd5-9e74-81acac16c872,pii_full_name_e7fd7502312c,Male,70,Punjab,Jalandhar,Jalandhar Branch,Checking,aa0859ff-0094-457f-976f-b5af51c7a828,08-11-2025,06:41:40,11860.29,e0456cc4-0d12-47c9-ab15-ae7ccf4cd3a6,Credit,Electronics,7160.91,ATM Booth Kiosk,"Jalandhar, Punjab",POS,1,Clean,INR,+91967545XXXXXX,Restaurant dining,pii_email_0f1f729b04a1
5a830e4e-bef2-4bd5-9e74-81acac16c872,pii_full_name_e7fd7502312c,Male,70,Punjab,Jalandhar,Jalandhar Branch,Checking,0e619223-ed5c-4576-94bb-cfea2584e026,08-12-2025,04:08:19,95009.14,0fab7bb4-31bc-4b43-84ea-08d4faa8c75b,Bill Payment,Entertainment,24625.58,Branch Counter,"Jalandhar, Punjab",POS,0,Clean,INR,+91967545XXXXXX,EMI payment,pii_email_0f1f729b04a1
5a830e4e-bef2-4bd5-9e74-81acac16c872,pii_full_name_e7fd7502312c,Male,70,Punjab,Jalandhar,Jalandhar Branch,Checking,2149c5dd-8504-4cc1-9c1a-7d62afc68922,24-12-2025,12:11:34,65349.59,e5bea67f-38d1-44af-ba56-58241c88870e,Debit,Groceries,5029.66,Biometric ATM,"Jalandhar, Punjab",Mobile,0,Clean,INR,+91967545XXXXXX,Grocery delivery,pii_email_0f1f729b04a1
5c342108-0aba-4278-b042-5f8bd2234a63,pii_full_name_e247cad18238,Female,35,Andaman and Nicobar Islands,Diglipur,Diglipur Branch,Business,3d3b6ca1-dbd4-462a-8692-2963015e4dc4,02-02-2025,23:54:19,53551.46,df35f9b0-9315-45c2-9756-3ffd5ee97f0e,Transfer,Health,55046.09,Contactless Card,"Diglipur, Andaman and Nicobar Islands",ATM,0,Clean,INR,+91951832XXXXXX,EMI payment,pii_email_2d593b5c5daa
5c342108-0aba-4278-b042-5f8bd2234a63,pii_full_name_e247cad18238,Female,35,Andaman and Nicobar Islands,Diglipur,Diglipur Branch,Business,baace53d-f44b-49b7-bcc2-fd5355527a23,20-02-2025,15:08:19,13386.91,89b20102-6c71-4f3d-b4e0-3a7a47e99c01,Withdrawal,Electronics,53707.4,Chip Card,"Diglipur, Andaman and Nicobar Islands",Desktop,0,Clean,INR,+91951832XXXXXX,Hotel booking,pii_email_2d593b5c5daa
5c342108-0aba-4278-b042-5f8bd2234a63,pii_full_name_e247cad18238,Female,35,Andaman and Nicobar Islands,Diglipur,Diglipur Branch,Business,c58a2150-af0d-4ef0-838c-a2a6f07f510f,11-03-2025,23:09:45,87660.8,33b329d7-1026-40ce-bb29-f240a793a021,Bill Payment,Restaurant,44941.32,ATM Booth Kiosk,"Diglipur, Andaman and Nicobar Islands",POS,0,Clean,INR,+91951832XXXXXX,Bus ticket,pii_email_2d593b5c5daa
5c342108-0aba-4278-b042-5f8bd2234a63,pii_full_name_e247cad18238,Female,35,Andaman and Nicobar Islands,Diglipur,Diglipur Branch,Business,1adee002-fe7c-45a8-9fa6-75fd2f9e55fd,31-03-2025,13:26:42,25210.87,a028d8a3-b728-4c83-ae52-2f95a1c2ae9f,Withdrawal,Clothing,54439.88,Phone Banking,"Diglipur, Andaman and Nicobar Islands",ATM,0,Clean,INR,+91951832XXXXXX,Electricity bill,pii_email_2d593b5c5daa
5c342108-0aba-4278-b042-5f8bd2234a63,pii_full_name_e247cad18238,Female,35,Andaman and Nicobar Islands,Diglipur,Diglipur Branch,Business,59760fe6-bae9-4576-b16e-2229db9855b0,03-07-2025,14:43:11,17138.5,c5ad7970-2f86-4055-a4b3-11b27daa41fa,Debit,Restaurant,33259.17,Magnetic Strip Card,"Diglipur, Andaman and Nicobar Islands",Mobile,0,Clean,INR,+91951832XXXXXX,Debt repayment,pii_email_2d593b5c5daa
5c342108-0aba-4278-b042-5f8bd2234a63,pii_full_name_e247cad18238,Female,35,Andaman and Nicobar Islands,Diglipur,Diglipur Branch,Business,a48e3e55-6ad0-4129-aed3-30099e13e6f7,28-07-2025,23:55:17,47489.29,ec67c2d6-3b0c-446f-aa30-91fae99a6032,Bill Payment,Health,49690.95,Magnetic Strip Card,"Diglipur, Andaman and Nicobar Islands",Desktop,0,Clean,INR,+91951832XXXXXX,Food delivery,pii_email_2d593b5c5daa
5c342108-0aba-4278-b042-5f8bd2234a63,pii_full_name_e247cad18238,Female,35,Andaman and Nicobar Islands,Diglipur,Diglipur Branch,Business,a57ca2d0-94c6-4d0c-b57d-6cef37e0a6f7,12-09-2025,00:17:22,47480.36,b2c287c6-8ec4-4338-ad28-9f061a2bb528,Debit,Health,34973.02,Contactless Card,"Diglipur, Andaman and Nicobar Islands",Mobile,0,Clean,INR,+91951832XXXXXX,Restaurant dining,pii_email_2d593b5c5daa
5c342108-0aba-4278-b042-5f8bd2234a63,pii_full_name_e247cad18238,Female,35,Andaman and Nicobar Islands,Diglipur,Diglipur Branch,Business,7c901932-b95e-4031-ba4f-dc26ddaa635b,29-09-2025,21:32:08,8816.42,3ef8ecf5-206f-4423-af6d-9f89394517d3,Credit,Restaurant,39721.06,POS Mobile Device,"Diglipur, Andaman and Nicobar Islands",POS,0,Clean,INR,+91951832XXXXXX,Mutual fund investment,pii_email_2d593b5c5daa
5c342108-0aba-4278-b042-5f8bd2234a63,pii_full_name_e247cad18238,Female,35,Andaman and Nicobar Islands,Diglipur,Diglipur Branch,Business,8320e871-0f10-4f63-a58a-1efbe17a59a6,15-12-2025,20:53:46,61019.06,f7ad07ce-fae5-4d90-a131-cad93a346edd,Debit,Electronics,38839.42,Mobile Banking App,"Diglipur, Andaman and Nicobar Islands",Mobile,0,Clean,INR,+91951832XXXXXX,Mutual fund investment,pii_email_2d593b5c5daa
5c6794bc-89c3-44cf-933d-a10752870176,pii_full_name_2c989061810c,Male,23,Tamil Nadu,Coimbatore,Coimbatore Branch,Checking,1ef2805b-4ce2-464c-aa15-513fed539e65,18-01-2025,21:08:02,46186.11,cdcaeedc-828e-41e9-9167-24fc320e42e1,Bill Payment,Clothing,43402.51,POS Mobile Device,"Coimbatore, Tamil Nadu",Desktop,0,Clean,INR,+91950600XXXXXX,Gym membership,pii_email_a47654b65643
5c6794bc-89c3-44cf-933d-a10752870176,pii_full_name_2c989061810c,Male,23,Tamil Nadu,Coimbatore,Coimbatore Branch,Checking,576c69be-f468-4dee-93ee-74682655ab90,26-08-2025,09:08:43,3223.84,366d8015-33f5-477b-975c-69f18d90dc54,Bill Payment,Health,39827.09,Phone Banking,"Coimbatore, Tamil Nadu",POS,0,Clean,INR,+91950600XXXXXX,Restaurant dining,pii_email_a47654b65643
5c6794bc-89c3-44cf-933d-a10752870176,pii_full_name_2c989061810c,Male,23,Tamil Nadu,Coimbatore,Coimbatore Branch,Checking,ec2e4102-7b82-4c35-9313-2808d0f2561c,03-09-2025,20:05:38,71452.66,bfa465b8-ad36-423a-8dad-c2e3f4b0d360,Debit,Entertainment,36257.24,Phone Banking,"Coimbatore, Tamil Nadu",POS,0,Clean,INR,+91950600XXXXXX,Jewelry purchase,pii_email_a47654b65643
5c6794bc-89c3-44cf-933d-a10752870176,pii_full_name_2c989061810c,Male,23,Tamil Nadu,Coimbatore,Coimbatore Branch,Checking,e734fb8a-a2c1-48d5-9d27-05fb7be61288,14-09-2025,17:16:08,81940.24,1ca8a318-131b-4587-8208-07280ed37491,Credit,Clothing,48021.12,POS Mobile Device,"Coimbatore, Tamil Nadu",ATM,0,Clean,INR,+91950600XXXXXX,Gas bill,pii_email_a47654b65643
5c6794bc-89c3-44cf-933d-a10752870176,pii_full_name_2c989061810c,Male,23,Tamil Nadu,Coimbatore,Coimbatore Branch,Checking,522685c0-86df-47cc-b968-d13240839571,02-10-2025,07:41:27,53594.98,ec4508df-0e95-4321-84c3-8944c7e6df97,Debit,Clothing,40149.48,QR Code Scanner,"Coimbatore, Tamil Nadu",Desktop,0,Clean,INR,+91950600XXXXXX,Restaurant dining,pii_email_a47654b65643
5c6794bc-89c3-44cf-933d-a10752870176,pii_full_name_2c989061810c,Male,23,Tamil Nadu,Coimbatore,Coimbatore Branch,Checking,d5e3eddc-9715-4e5a-9b92-c8f10aa5fab8,07-11-2025,19:13:50,37247.02,5ba2f7c4-72f5-456b-83b9-740e8669cea4,Debit,Digital Services,0.0,,"Coimbatore, Tamil Nadu",Desktop,0,Clean,,,Payment,pii_email_a47654b65643
5c6794bc-89c3-44cf-933d-a10752870176,pii_full_name_2c989061810c,Male,23,Tamil Nadu,Coimbatore,Coimbatore Branch,Checking,4dd07e8e-d7e7-4e79-a379-04793ace2368,15-11-2025,22:56:52,35864.99,ededf017-404c-46cf-ad48-72dc2a09bc17,Debit,Digital Services,7537.52,,"Coimbatore, Tamil Nadu",Desktop,0,Clean,,,Digital service,pii_email_a47654b65643
5c6794bc-89c3-44cf-933d-a10752870176,pii_full_name_2c989061810c,Male,23,Tamil Nadu,Coimbatore,Coimbatore Branch,Checking,8aa73b6e-839f-4e0d-aca3-86c165a5b928,19-11-2025,18:45:22,36280.3,d9517974-c2ab-49a8-87f0-05a37bf66f82,Transfer,Electronics,0.0,,"Coimbatore, Tamil Nadu",Desktop,0,Clean,,,Payment,pii_email_a47654b65643
5c6794bc-89c3-44cf-933d-a10752870176,pii_full_name_2c989061810c,Male,23,Tamil Nadu,Coimbatore,Coimbatore Branch,Checking,c5576337-f8a8-4442-91b5-a6229b31f6cd,20-11-2025,18:56:26,36852.28,ba78112b-48af-4733-bf6f-03a1a6c7dfd8,Transfer,Entertainment,0.0,,"Coimbatore, Tamil Nadu",Desktop,0,Clean,,,Transfer,pii_email_a47654b65643
5c6794bc-89c3-44cf-933d-a10752870176,pii_full_name_2c989061810c,Male,23,Tamil Nadu,Coimbatore,Coimbatore Branch,Checking,738959d9-17de-4c8c-a1c8-a52d3736f619,21-11-2025,22:52:16,42066.53,cd75fb67-f69f-4524-a25e-08361c2fc4bf,Transfer,Entertainment,0.0,,"Coimbatore, Tamil Nadu",Desktop,0,Clean,,,Loan repayment,pii_email_a47654b65643
5c6794bc-89c3-44cf-933d-a10752870176,pii_full_name_2c989061810c,Male,23,Tamil Nadu,Coimbatore,Coimbatore Branch,Checking,4e4398d7-a1f5-4614-9f1c-f5594d3d4e59,25-11-2025,20:05:31,45936.2,365e0855-ca8f-4198-859e-43d2a3b4c385,Transfer,Clothing,0.0,,"Coimbatore, Tamil Nadu",Desktop,0,Clean,,,Payment service,pii_email_a47654b65643
5c6794bc-89c3-44cf-933d-a10752870176,pii_full_name_2c989061810c,Male,23,Tamil Nadu,Coimbatore,Coimbatore Branch,Checking,4814719c-dac9-4e78-8bba-fecd20bde230,27-11-2025,19:33:22,46226.79,a6fea771-d036-4bbc-94ee-b6f6befbe9f1,Transfer,Electronics,0.0,,"Coimbatore, Tamil Nadu",Desktop,0,Clean,,,Purchase,pii_email_a47654b65643
5c6794bc-89c3-44cf-933d-a10752870176,pii_full_name_2c989061810c,Male,23,Tamil Nadu,Coimbatore,Coimbatore Branch,Checking,fe4bbe08-3780-4cf5-bc48-67d40c23e5c1,02-12-2025,20:25:37,48692.69,bd940fd4-ab55-4aa4-ad88-b5915c7ea7bf,Credit,Entertainment,0.0,,"Coimbatore, Tamil Nadu",Desktop,0,Clean,,,Online order,pii_email_a47654b65643
5c6794bc-89c3-44cf-933d-a10752870176,pii_full_name_2c989061810c,Male,23,Tamil Nadu,Coimbatore,Coimbatore Branch,Checking,716316e6-6279-4365-84b5-f0528b3a2cdf,06-12-2025,20:14:29,48010.18,e70d883d-85d6-45ba-b8bd-a13261006618,Credit,Entertainment,0.0,,"Coimbatore, Tamil Nadu",Desktop,0,Clean,,,Online order,pii_email_a47654b65643
5c6794bc-89c3-44cf-933d-a10752870176,pii_full_name_2c989061810c,Male,23,Tamil Nadu,Coimbatore,Coimbatore Branch,Checking,c448628a-5d9d-407b-97d3-2c5b6c7a80c5,13-12-2025,12:43:45,68370.17,7de95c41-c862-45ab-94a2-028ed6de5a40,Transfer,Electronics,-672163.09,,"Coimbatore, Tamil Nadu",Desktop,1,First-Party Fraud,,,Payment transfer,pii_email_a47654b65643
5c6794bc-89c3-44cf-933d-a10752870176,pii_full_name_2c989061810c,Male,23,Tamil Nadu,Coimbatore,Coimbatore Branch,Checking,cb58162d-a90c-4fa6-8e73-c2264e6a9684,13-12-2025,21:18:20,83220.98,e5335bdf-e15b-4e4d-bc49-ccb6120f6a08,Transfer,Electronics,-603792.92,,"Coimbatore, Tamil Nadu",Desktop,1,First-Party Fraud,,,Final payment,pii_email_a47654b65643
5c6794bc-89c3-44cf-933d-a10752870176,pii_full_name_2c989061810c,Male,23,Tamil Nadu,Coimbatore,Coimbatore Branch,Checking,6bd2f474-dc6a-4c38-a4c1-096a3aca4a59,14-12-2025,15:14:53,102409.12,17cd569a-cd40-4c4d-a547-a701da27768f,Withdrawal,Digital Services,-436183.6,,"Coimbatore, Tamil Nadu",Desktop,1,First-Party Fraud,,,Payment transfer,pii_email_a47654b65643
5c6794bc-89c3-44cf-933d-a10752870176,pii_full_name_2c989061810c,Male,23,Tamil Nadu,Coimbatore,Coimbatore Branch,Checking,482fcb1d-3469-479c-97f6-17f2c5d06bc2,14-12-2025,20:39:28,84388.34,1c6bf181-3c92-46d5-93bd-39ac76a45677,Transfer,Unknown Merchant,-520571.94,,"Coimbatore, Tamil Nadu",Desktop,1,First-Party Fraud,,,Settlement,pii_email_a47654b65643
5c6794bc-89c3-44cf-933d-a10752870176,pii_full_name_2c989061810c,Male,23,Tamil Nadu,Coimbatore,Coimbatore Branch,Checking,c20914c1-41d7-4638-b92b-9971666eeb32,24-12-2025,22:58:07,92909.34,a0ac49a0-f42f-4216-9237-fe7c9ac09001,Transfer,Restaurant,45548.18,Virtual Card,"Coimbatore, Tamil Nadu",Mobile,0,Clean,INR,+91950600XXXXXX,Utility bill,pii_email_a47654b65643
5c6794bc-89c3-44cf-933d-a10752870176,pii_full_name_2c989061810c,Male,23,Tamil Nadu,Coimbatore,Coimbatore Branch,Checking,c7a83abc-2424-49bf-b215-c6017a62ea5f,30-07-2025,21:15:29,444.97,b3ca523a-1571-4abc-93d4-ae544a4af4b3,Debit,Electronics,45356.71,Digital Wallet,"Coimbatore, Tamil Nadu",ATM,1,Money Laundering,INR,+91950600XXXXXX,Electricity bill,pii_email_a47654b65643
5c6794bc-89c3-44cf-933d-a10752870176,pii_full_name_2c989061810c,Male,23,Tamil Nadu,Coimbatore,Coimbatore Branch,Checking,d08bd5f9-a45f-4f3b-8376-50918936364e,30-07-2025,21:15:29,200.0,466c3fcd-641f-4b51-89d9-afb5f6361528,Transfer,Restaurant,38163.2,Video Banking,"Coimbatore, Tamil Nadu",POS,1,Money Laundering,INR,+91950600XXXXXX,Food delivery,pii_email_a47654b65643
5c6794bc-89c3-44cf-933d-a10752870176,pii_full_name_2c989061810c,Male,23,Tamil Nadu,Coimbatore,Coimbatore Branch,Checking,7dc1bfe1-d425-4c19-8fb1-0eb0b64ec5c5,30-07-2025,21:15:29,237.84,feedceac-8f28-4d52-965c-6d50af5ad072,Credit,Groceries,48117.71,Contactless Card,"Coimbatore, Tamil Nadu",POS,1,Money Laundering,INR,+91950600XXXXXX,Online shopping,pii_email_a47654b65643
5c6794bc-89c3-44cf-933d-a10752870176,pii_full_name_2c989061810c,Male,23,Tamil Nadu,Coimbatore,Coimbatore Branch,Checking,43f94a58-91d2-4810-b130-a5bb64af6ad8,30-07-2025,21:15:29,704.57,c1925fef-a38d-4390-be7c-ac821ea77917,Withdrawal,Entertainment,44807.87,Voice Assistant,"Coimbatore, Tamil Nadu",Mobile,1,Money Laundering,INR,+91950600XXXXXX,Jewelry purchase,pii_email_a47654b65643
5c6794bc-89c3-44cf-933d-a10752870176,pii_full_name_2c989061810c,Male,23,Tamil Nadu,Coimbatore,Coimbatore Branch,Checking,66066a67-9b97-433a-be11-0ce2f85806d8,30-07-2025,21:15:29,287.0,5fad4b1d-08a2-4a5b-a044-02b097587667,Bill Payment,Groceries,36086.11,Voice Assistant,"Coimbatore, Tamil Nadu",POS,1,Money Laundering,INR,+91950600XXXXXX,Cash withdrawal,pii_email_a47654b65643
5e78162e-9d2c-4efe-a573-e457de8271a3,pii_full_name_dd131b415970,Female,52,Punjab,Ludhiana,Ludhiana Branch,Checking,25a5eda5-d19a-47b9-ad1d-8c57d4a21343,15-02-2025,07:54:13,72799.39,e1b94800-e520-4d12-905e-f49cd4496282,Debit,Groceries,27904.71,Contactless Card,"Ludhiana, Punjab",ATM,0,Clean,INR,+91935150XXXXXX,Bus ticket,pii_email_783b74650c54
5e78162e-9d2c-4efe-a573-e457de8271a3,pii_full_name_dd131b415970,Female,52,Punjab,Ludhiana,Ludhiana Branch,Checking,f6ab1278-b227-4e90-98f3-c2121b5487f7,22-11-2025,19:19:45,26999.72,ccbe828a-5b23-4d3f-ab5e-08b333f9ae30,Credit,Restaurant,35184.65,Internet Banking,"Ludhiana, Punjab",POS,1,Clean,INR,+91935150XXXXXX,Electricity bill,pii_email_783b74650c54
5e78162e-9d2c-4efe-a573-e457de8271a3,pii_full_name_dd131b415970,Female,52,Punjab,Ludhiana,Ludhiana Branch,Checking,1111c92e-a776-4824-ad6c-1ce2efcf93d7,24-11-2025,18:45:04,7060.29,28ddb530-d1af-46f1-b8f6-53464369a06d,Credit,Electronics,28610.74,Contactless Card,"Ludhiana, Punjab",Desktop,0,Clean,INR,+91935150XXXXXX,Debt repayment,pii_email_783b74650c54
6172344a-28ab-4ab5-9f93-b12471e654d9,pii_full_name_163f9bfbfdd8,Female,56,Madhya Pradesh,Indore,Indore Branch,Checking,a5c51625-f8dd-4eca-a0dd-a0437da74645,02-01-2025,05:02:15,98115.87,1f7a284b-a2bf-4d66-8d46-38ad1825a488,Debit,Entertainment,52078.17,UPI,"Indore, Madhya Pradesh",ATM,0,Clean,INR,+91911016XXXXXX,Bitcoin transaction,pii_email_f67d8692bbe1
6172344a-28ab-4ab5-9f93-b12471e654d9,pii_full_name_163f9bfbfdd8,Female,56,Madhya Pradesh,Indore,Indore Branch,Checking,736e0212-5d40-4dbc-a87b-b54c598dcac8,07-01-2025,03:36:55,75424.99,c8521195-0285-4aa6-a79c-41a9b9e69de9,Debit,Health,45885.78,Video Banking,"Indore, Madhya Pradesh",ATM,0,Clean,INR,+91911016XXXXXX,Mutual fund investment,pii_email_f67d8692bbe1
6172344a-28ab-4ab5-9f93-b12471e654d9,pii_full_name_163f9bfbfdd8,Female,56,Madhya Pradesh,Indore,Indore Branch,Checking,49701bb8-7b0e-462f-86e3-97d2154f35d2,23-01-2025,07:10:47,1265.22,af9110dd-d6f5-4b04-b190-24bde904fe26,Credit,Restaurant,53428.27,Debit/Credit Card,"Indore, Madhya Pradesh",Mobile,0,Clean,INR,+91911016XXXXXX,Grocery delivery,pii_email_f67d8692bbe1
6172344a-28ab-4ab5-9f93-b12471e654d9,pii_full_name_163f9bfbfdd8,Female,56,Madhya Pradesh,Indore,Indore Branch,Checking,c7de4008-c1a6-44e8-8ef5-ebdd6d3bfc16,14-03-2025,20:37:57,58446.01,1ca146d8-00d8-4bdb-8097-572ef27d1a59,Credit,Electronics,53301.75,Digital Wallet,"Indore, Madhya Pradesh",Mobile,0,Clean,INR,+91911016XXXXXX,Cash withdrawal,pii_email_f67d8692bbe1
6172344a-28ab-4ab5-9f93-b12471e654d9,pii_full_name_163f9bfbfdd8,Female,56,Madhya Pradesh,Indore,Indore Branch,Checking,822caf59-7633-44b5-94bf-c4e4f8b833df,25-03-2025,16:32:11,7979.83,45b8030b-5da4-4f3b-954d-96f4b5b39ad5,Credit,Groceries,68187.58,Mobile Banking App,"Indore, Madhya Pradesh",ATM,0,Clean,INR,+91911016XXXXXX,Online shopping,pii_email_f67d8692bbe1
6172344a-28ab-4ab5-9f93-b12471e654d9,pii_full_name_163f9bfbfdd8,Female,56,Madhya Pradesh,Indore,Indore Branch,Checking,3e954572-9a86-464f-b82e-96d1ff0498dc,19-04-2025,11:47:32,81547.3,b95eb9c4-380b-434e-a540-13d7b0a36a24,Debit,Clothing,60592.23,Contactless Card,"Indore, Madhya Pradesh",POS,0,Clean,INR,+91911016XXXXXX,Gas bill,pii_email_f67d8692bbe1
6172344a-28ab-4ab5-9f93-b12471e654d9,pii_full_name_163f9bfbfdd8,Female,56,Madhya Pradesh,Indore,Indore Branch,Checking,cec8fe6a-08ff-46b4-9a25-b28d2e80329e,06-05-2025,10:48:48,67036.85,270ed75c-7967-48cc-8068-6d2d6e7bb79f,Bill Payment,Electronics,39182.09,Digital Wallet,"Indore, Madhya Pradesh",POS,0,Clean,INR,+91911016XXXXXX,Taxi fare,pii_email_f67d8692bbe1
6172344a-28ab-4ab5-9f93-b12471e654d9,pii_full_name_163f9bfbfdd8,Female,56,Madhya Pradesh,Indore,Indore Branch,Checking,37f0523b-820d-419a-8cd9-d08cbdf66010,03-08-2025,16:46:19,67973.67,3904107a-f0fb-4b02-b818-303b4c23a870,Transfer,Electronics,67389.59,Video Banking,"Indore, Madhya Pradesh",Mobile,0,Clean,INR,+91911016XXXXXX,Debt repayment,pii_email_f67d8692bbe1
6172344a-28ab-4ab5-9f93-b12471e654d9,pii_full_name_163f9bfbfdd8,Female,56,Madhya Pradesh,Indore,Indore Branch,Checking,a85025a0-dc7a-4ce4-896f-4afe3c834e4a,27-11-2025,12:09:13,62978.17,6c45a63f-7662-4e0a-9377-d38f8bd78991,Debit,Entertainment,61889.76,Branch Counter,"Indore, Madhya Pradesh",Desktop,0,Clean,INR,+91911016XXXXXX,Taxi fare,pii_email_f67d8692bbe1
6172344a-28ab-4ab5-9f93-b12471e654d9,pii_full_name_163f9bfbfdd8,Female,56,Madhya Pradesh,Indore,Indore Branch,Checking,538550e2-fd46-4f38-b821-41fe82b3c722,23-12-2025,20:48:30,46210.22,3c5c8ebf-c04d-4e5e-bfa3-bf399c11ee12,Debit,Restaurant,47457.15,UPI,"Indore, Madhya Pradesh",Mobile,0,Clean,INR,+91911016XXXXXX,Gym membership,pii_email_f67d8692bbe1
6287b922-0e93-4af1-98e7-524e01c9c715,pii_full_name_1a40ed361d2b,Female,64,Tamil Nadu,Chennai,Chennai Branch,Savings,2b9eeb9a-dd10-4791-b378-3568eb618dfa,31-01-2025,18:40:35,6119.19,683480f1-dc87-4728-a74c-94baefe11346,Credit,Restaurant,88235.54,Biometric ATM,"Chennai, Tamil Nadu",ATM,1,Clean,INR,+91917564XXXXXX,Jewelry purchase,pii_email_3a34fceaa829
6287b922-0e93-4af1-98e7-524e01c9c715,pii_full_name_1a40ed361d2b,Female,64,Tamil Nadu,Chennai,Chennai Branch,Savings,a65ccc7b-deac-4354-8f9d-43789d031781,04-02-2025,15:40:58,89100.58,1235c3db-837b-440a-b6db-b6e2f2fc5bf5,Transfer,Clothing,75683.7,Branch Counter,"Chennai, Tamil Nadu",Desktop,0,Clean,INR,+91917564XXXXXX,Restaurant dining,pii_email_3a34fceaa829
6287b922-0e93-4af1-98e7-524e01c9c715,pii_full_name_1a40ed361d2b,Female,64,Tamil Nadu,Chennai,Chennai Branch,Savings,6d9246df-6a0a-48b8-9cfb-8b33f7deca39,07-02-2025,16:44:40,82370.04,430d4937-fdf7-4aac-8ea5-d42f832223b4,Bill Payment,Electronics,82534.21,ATM Booth Kiosk,"Chennai, Tamil Nadu",ATM,0,Clean,INR,+91917564XXXXXX,Utility bill,pii_email_3a34fceaa829
6287b922-0e93-4af1-98e7-524e01c9c715,pii_full_name_1a40ed361d2b,Female,64,Tamil Nadu,Chennai,Chennai Branch,Savings,bbe38211-80db-4017-b4b6-49f5c22f254f,23-03-2025,14:57:22,17813.62,0dff88cc-3625-4e65-84e5-90a20d8c93c7,Credit,Restaurant,85697.58,Biometric ATM,"Chennai, Tamil Nadu",ATM,0,Clean,INR,+91917564XXXXXX,Utility bill,pii_email_3a34fceaa829
6287b922-0e93-4af1-98e7-524e01c9c715,pii_full_name_1a40ed361d2b,Female,64,Tamil Nadu,Chennai,Chennai Branch,Savings,565229cc-85f3-4103-bf18-8b6afc398308,09-04-2025,20:00:43,82325.22,0861bc77-fa58-494c-8cd2-7128b8b4e16c,Credit,Entertainment,83916.22,Chip Card,"Chennai, Tamil Nadu",POS,0,Clean,INR,+91917564XXXXXX,Online shopping,pii_email_3a34fceaa829
6287b922-0e93-4af1-98e7-524e01c9c715,pii_full_name_1a40ed361d2b,Female,64,Tamil Nadu,Chennai,Chennai Branch,Savings,0358ba43-525c-4660-906d-4c111883ba3c,17-05-2025,20:07:38,75909.45,c5cd7387-6fe6-43bf-98e4-da5852c7ff99,Transfer,Clothing,67443.44,POS Mobile Device,"Chennai, Tamil Nadu",Desktop,0,Clean,INR,+91917564XXXXXX,Mutual fund investment,pii_email_3a34fceaa829
6287b922-0e93-4af1-98e7-524e01c9c715,pii_full_name_1a40ed361d2b,Female,64,Tamil Nadu,Chennai,Chennai Branch,Savings,d443e371-4816-4bfb-b206-021e408f936b,30-05-2025,11:16:15,96405.8,2134295b-ec02-4362-8317-4bedfda6218a,Credit,Restaurant,99996.44,Self-service Banking Machine,"Chennai, Tamil Nadu",POS,0,Clean,INR,+91917564XXXXXX,Jewelry purchase,pii_email_3a34fceaa829
6287b922-0e93-4af1-98e7-524e01c9c715,pii_full_name_1a40ed361d2b,Female,64,Tamil Nadu,Chennai,Chennai Branch,Savings,9e85c41c-b4de-4e35-9959-0cf7e2ace154,19-06-2025,02:24:01,97910.31,8e452245-89da-4da1-9d60-b67e35ca50bb,Debit,Health,87623.62,Chip Card,"Chennai, Tamil Nadu",Desktop,0,Clean,INR,+91917564XXXXXX,Insurance premium,pii_email_3a34fceaa829
6287b922-0e93-4af1-98e7-524e01c9c715,pii_full_name_1a40ed361d2b,Female,64,Tamil Nadu,Chennai,Chennai Branch,Savings,e968a360-63a9-40bb-973e-84c834757665,24-06-2025,09:22:44,64909.72,6522d85e-da3c-4820-9fd5-88a37b43113f,Bill Payment,Entertainment,90097.68,POS Mobile App,"Chennai, Tamil Nadu",POS,0,Clean,INR,+91917564XXXXXX,Utility bill,pii_email_3a34fceaa829
6287b922-0e93-4af1-98e7-524e01c9c715,pii_full_name_1a40ed361d2b,Female,64,Tamil Nadu,Chennai,Chennai Branch,Savings,cd8e6e78-15ba-4dd2-907f-4d66f2c4fe98,24-06-2025,11:25:55,25356.69,444920ba-116a-4cb9-923b-1865e9dc9c42,Transfer,Entertainment,90771.21,ATM,"Chennai, Tamil Nadu",ATM,0,Clean,INR,+91917564XXXXXX,Train ticket,pii_email_3a34fceaa829
6287b922-0e93-4af1-98e7-524e01c9c715,pii_full_name_1a40ed361d2b,Female,64,Tamil Nadu,Chennai,Chennai Branch,Savings,7cc74cbb-4318-4d7d-886d-608ade0898bf,08-07-2025,15:11:30,68131.66,cfc88b6a-e2b4-4d97-bb4e-c684efc1cd10,Credit,Electronics,97414.65,Magnetic Strip Card,"Chennai, Tamil Nadu",ATM,0,Clean,INR,+91917564XXXXXX,Online shopping,pii_email_3a34fceaa829
6287b922-0e93-4af1-98e7-524e01c9c715,pii_full_name_1a40ed361d2b,Female,64,Tamil Nadu,Chennai,Chennai Branch,Savings,b28bf01a-8d44-41d8-b88b-bd1c0e760e06,11-08-2025,09:45:11,18762.7,56e264b9-75bb-4378-8040-8978677ee123,Debit,Health,59852.49,ATM Booth Kiosk,"Chennai, Tamil Nadu",Mobile,0,Clean,INR,+91917564XXXXXX,Flight ticket,pii_email_3a34fceaa829
6287b922-0e93-4af1-98e7-524e01c9c715,pii_full_name_1a40ed361d2b,Female,64,Tamil Nadu,Chennai,Chennai Branch,Savings,166b49d0-9ef6-4bac-a0dd-491b3b778d4b,19-08-2025,00:11:03,82806.88,28e5f420-1389-47d7-b5e6-19f2a260bedd,Credit,Electronics,93978.27,Digital Wallet,"Chennai, Tamil Nadu",ATM,0,Clean,INR,+91917564XXXXXX,Mutual fund investment,pii_email_3a34fceaa829
6287b922-0e93-4af1-98e7-524e01c9c715,pii_full_name_1a40ed361d2b,Female,64,Tamil Nadu,Chennai,Chennai Branch,Savings,fb9743ef-dde5-4afd-98ba-cf3e743a796e,04-09-2025,20:20:35,4124.28,e9361a30-13e8-4231-9553-7f244418d51e,Withdrawal,Health,89685.25,Virtual Card,"Chennai, Tamil Nadu",Desktop,0,Clean,INR,+91917564XXXXXX,Grocery delivery,pii_email_3a34fceaa829
6287b922-0e93-4af1-98e7-524e01c9c715,pii_full_name_1a40ed361d2b,Female,64,Tamil Nadu,Chennai,Chennai Branch,Savings,5c18ad1e-8155-4589-81cb-14d1216cee1d,07-11-2025,08:04:27,50342.08,21796f00-5eb2-4305-b8e0-7ddd6cedd95c,Withdrawal,Groceries,96588.65,Voice Assistant,"Chennai, Tamil Nadu",Mobile,1,Money Laundering,INR,+91917564XXXXXX,Movie tickets,pii_email_3a34fceaa829
6287b922-0e93-4af1-98e7-524e01c9c715,pii_full_name_1a40ed361d2b,Female,64,Tamil Nadu,Chennai,Chennai Branch,Savings,1740ff61-8343-4d3d-86c0-246c2e478ea1,07-12-2025,06:20:48,84644.65,b8d4f3b6-5d9a-444d-b651-a192858b3ed0,Transfer,Entertainment,90998.67,Digital Wallet,"Chennai, Tamil Nadu",ATM,0,Clean,INR,+91917564XXXXXX,Restaurant dining,pii_email_3a34fceaa829
6287b922-0e93-4af1-98e7-524e01c9c715,pii_full_name_1a40ed361d2b,Female,64,Tamil Nadu,Chennai,Chennai Branch,Savings,9c996b39-2d93-4052-8bf1-afc747c23598,22-12-2025,11:07:58,33767.84,16db45da-b17d-447e-9709-37c0919a0f56,Withdrawal,Entertainment,90601.49,QR Code Scanner,"Chennai, Tamil Nadu",ATM,0,Clean,INR,+91917564XXXXXX,Restaurant dining,pii_email_3a34fceaa829
6287b922-0e93-4af1-98e7-524e01c9c715,pii_full_name_1a40ed361d2b,Female,64,Tamil Nadu,Chennai,Chennai Branch,Savings,d069b44c-ea9c-47dc-b57a-03ecf1386e61,31-12-2025,14:11:31,6697.97,775fd960-9f7a-42b3-b9fb-b4766b6d37fe,Bill Payment,Restaurant,66773.64,Branch Counter,"Chennai, Tamil Nadu",Mobile,0,Clean,INR,+91917564XXXXXX,Hotel booking,pii_email_3a34fceaa829
663ce78b-f292-418c-ad4a-34e72eaa40d6,pii_full_name_10508f97b872,Male,24,Chandigarh,Chandigarh,Chandigarh Branch,Checking,ce8dfb38-d655-4716-bd08-b05708eed6af,17-02-2025,22:10:16,92418.89,271b9cf7-7410-48bc-a91b-2b75e47875d9,Bill Payment,Electronics,49154.63,Virtual Card,"Chandigarh, Chandigarh",POS,0,Clean,INR,+91942217XXXXXX,Pharmacy bill,pii_email_c981e1c79a5c
663ce78b-f292-418c-ad4a-34e72eaa40d6,pii_full_name_10508f97b872,Male,24,Chandigarh,Chandigarh,Chandigarh Branch,Checking,eb3439e7-d49e-4280-99ca-6122de993c28,17-03-2025,08:35:40,88030.21,8dbe1e55-80d5-442f-b5ef-163fbf9317e9,Bill Payment,Entertainment,31499.2,Video Banking,"Chandigarh, Chandigarh",ATM,0,Clean,INR,+91942217XXXXXX,Taxi fare,pii_email_c981e1c79a5c
663ce78b-f292-418c-ad4a-34e72eaa40d6,pii_full_name_10508f97b872,Male,24,Chandigarh,Chandigarh,Chandigarh Branch,Checking,2fbe714b-431a-4d9a-b11d-6a2affa36e8b,27-05-2025,02:35:42,92647.94,aca0607e-c3b0-4f2d-8e05-10d1a8cd9c40,Withdrawal,Electronics,47834.51,POS Mobile Device,"Chandigarh, Chandigarh",ATM,0,Clean,INR,+91942217XXXXXX,Bitcoin transaction,pii_email_c981e1c79a5c
663ce78b-f292-418c-ad4a-34e72eaa40d6,pii_full_name_10508f97b872,Male,24,Chandigarh,Chandigarh,Chandigarh Branch,Checking,1c7da925-b843-4d34-af1b-e667c02135c4,03-06-2025,09:30:32,95486.95,1d4d0dac-4c95-4c38-892b-6631827f70df,Transfer,Restaurant,64702.97,Debit/Credit Card,"Chandigarh, Chandigarh",Desktop,0,Clean,INR,+91942217XXXXXX,Food delivery,pii_email_c981e1c79a5c
663ce78b-f292-418c-ad4a-34e72eaa40d6,pii_full_name_10508f97b872,Male,24,Chandigarh,Chandigarh,Chandigarh Branch,Checking,a457ee65-663f-4aa5-9d32-b552c59e888f,10-06-2025,04:36:13,63831.36,25d70c17-62f9-4428-99ca-0a3e591be053,Credit,Restaurant,54217.65,Chip Card,"Chandigarh, Chandigarh",POS,0,Clean,INR,+91942217XXXXXX,Train ticket,pii_email_c981e1c79a5c
663ce78b-f292-418c-ad4a-34e72eaa40d6,pii_full_name_10508f97b872,Male,24,Chandigarh,Chandigarh,Chandigarh Branch,Checking,33beaf28-488b-4112-abdd-fcf7832622ef,30-07-2025,08:52:12,36331.21,f517ca25-78fd-46e7-9d73-e2fc134ca04f,Credit,Electronics,57850.77,POS Mobile App,"Chandigarh, Chandigarh",POS,0,Clean,INR,+91942217XXXXXX,Gas bill,pii_email_c981e1c79a5c
663ce78b-f292-418c-ad4a-34e72eaa40d6,pii_full_name_10508f97b872,Male,24,Chandigarh,Chandigarh,Chandigarh Branch,Checking,ae4ab6b2-f596-4401-a055-769dd6c14cec,06-08-2025,01:44:12,5457.49,6f9ed79a-3660-4c73-b4d5-419570ee22af,Credit,Restaurant,58396.52,Magnetic Strip Card,"Chandigarh, Chandigarh",POS,0,Clean,INR,+91942217XXXXXX,Grocery delivery,pii_email_c981e1c79a5c
663ce78b-f292-418c-ad4a-34e72eaa40d6,pii_full_name_10508f97b872,Male,24,Chandigarh,Chandigarh,Chandigarh Branch,Checking,13b0dc85-c232-47db-a0a8-2af6f8fc676c,11-08-2025,23:50:31,37383.42,d59683c1-490e-419a-87dd-c0f48b41b816,Bill Payment,Restaurant,40302.22,Internet Banking,"Chandigarh, Chandigarh",POS,0,Clean,INR,+91942217XXXXXX,Bitcoin transaction,pii_email_c981e1c79a5c
663ce78b-f292-418c-ad4a-34e72eaa40d6,pii_full_name_10508f97b872,Male,24,Chandigarh,Chandigarh,Chandigarh Branch,Checking,68a95950-660d-438e-9a6e-4de06adc3384,20-08-2025,02:28:29,76036.65,3cd804ee-02c1-4368-bfd6-bc777822305b,Withdrawal,Health,57099.31,ATM,"Chandigarh, Chandigarh",Mobile,0,Clean,INR,+91942217XXXXXX,Online shopping,pii_email_c981e1c79a5c
663ce78b-f292-418c-ad4a-34e72eaa40d6,pii_full_name_10508f97b872,Male,24,Chandigarh,Chandigarh,Chandigarh Branch,Checking,4e03e418-46a9-4724-a762-410750685d73,02-12-2025,05:52:20,51140.69,9ca6d6a7-e8de-4054-925e-1718b9a3dd97,Withdrawal,Entertainment,44040.56,Digital Wallet,"Chandigarh, Chandigarh",POS,0,Clean,INR,+91942217XXXXXX,Debt repayment,pii_email_c981e1c79a5c
6ab58eef-40a2-4a5e-897f-0670c9ca67c1,pii_full_name_f35d0f8ba536,Female,49,Punjab,Amritsar,Amritsar Branch,Business,f8a30638-ecec-4cc9-966e-555814aac14e,15-01-2025,22:13:14,14553.99,57934814-5e09-429e-8a75-21e420c914d0,Debit,Health,70079.29,Internet Banking,"Amritsar, Punjab",Desktop,0,Clean,INR,+91963330XXXXXX,Jewelry purchase,pii_email_eeaafbc5bad8
6ab58eef-40a2-4a5e-897f-0670c9ca67c1,pii_full_name_f35d0f8ba536,Female,49,Punjab,Amritsar,Amritsar Branch,Business,e2b84ef4-9426-4875-ae43-5919e1f139e4,16-02-2025,19:23:16,44775.14,f7e46f4b-b930-4e43-98f8-de305924cb3c,Debit,Entertainment,68416.8,POS Mobile App,"Amritsar, Punjab",Mobile,0,Clean,INR,+91963330XXXXXX,Train ticket,pii_email_eeaafbc5bad8
6ab58eef-40a2-4a5e-897f-0670c9ca67c1,pii_full_name_f35d0f8ba536,Female,49,Punjab,Amritsar,Amritsar Branch,Business,feecce2d-6ba4-4ffd-99dc-bab1eae3edd2,03-05-2025,12:35:05,84083.14,05d95fe0-2e2b-4dc5-bdcb-743a7d745540,Bill Payment,Health,66757.23,Chip Card,"Amritsar, Punjab",Mobile,0,Clean,INR,+91963330XXXXXX,Electricity bill,pii_email_eeaafbc5bad8
6ab58eef-40a2-4a5e-897f-0670c9ca67c1,pii_full_name_f35d0f8ba536,Female,49,Punjab,Amritsar,Amritsar Branch,Business,b98ee2ac-2c0a-4d72-8c2e-c4c2750811ad,16-05-2025,20:28:42,52607.24,be9bd45d-9d59-4359-8f00-6b724df8053c,Debit,Electronics,80786.22,ATM,"Amritsar, Punjab",POS,0,Clean,INR,+91963330XXXXXX,Bitcoin transaction,pii_email_eeaafbc5bad8
6ab58eef-40a2-4a5e-897f-0670c9ca67c1,pii_full_name_f35d0f8ba536,Female,49,Punjab,Amritsar,Amritsar Branch,Business,79bba66c-4f8b-4d7b-87d9-7b1865f5da32,05-08-2025,14:27:08,11319.62,bfa2cd30-ea16-4bcb-a699-365d7c8abe72,Transfer,Health,75747.38,Phone Banking,"Amritsar, Punjab",Mobile,0,Clean,INR,+91963330XXXXXX,Movie tickets,pii_email_eeaafbc5bad8
6ab58eef-40a2-4a5e-897f-0670c9ca67c1,pii_full_name_f35d0f8ba536,Female,49,Punjab,Amritsar,Amritsar Branch,Business,ffae27f8-e030-417f-b740-e59a22700ea3,08-08-2025,14:11:56,67487.49,731ea1ad-4674-4f6e-ba1e-04e7580e4d1a,Transfer,Restaurant,75165.55,ATM Booth Kiosk,"Amritsar, Punjab",Desktop,0,Clean,INR,+91963330XXXXXX,Insurance premium,pii_email_eeaafbc5bad8
6ab58eef-40a2-4a5e-897f-0670c9ca67c1,pii_full_name_f35d0f8ba536,Female,49,Punjab,Amritsar,Amritsar Branch,Business,cdfa1753-01d6-4fcc-9777-0a8fc75dbe20,09-08-2025,14:44:53,70448.76,43098fd9-884a-4988-869d-fc7fbf0a3d34,Debit,Health,72894.31,Contactless Card,"Amritsar, Punjab",ATM,1,Clean,INR,+91963330XXXXXX,Hotel booking,pii_email_eeaafbc5bad8
6ab58eef-40a2-4a5e-897f-0670c9ca67c1,pii_full_name_f35d0f8ba536,Female,49,Punjab,Amritsar,Amritsar Branch,Business,b5e14e81-9cc7-4cd5-9e32-05a134d58f32,27-10-2025,10:30:52,61708.02,6eafefe9-02a7-41ca-9765-5a7790b3ef44,Withdrawal,Entertainment,74615.42,POS Mobile Device,"Amritsar, Punjab",POS,0,Clean,INR,+91963330XXXXXX,Jewelry purchase,pii_email_eeaafbc5bad8
6ab58eef-40a2-4a5e-897f-0670c9ca67c1,pii_full_name_f35d0f8ba536,Female,49,Punjab,Amritsar,Amritsar Branch,Business,7472bdab-d493-4364-9b7a-c43708f91d7e,07-11-2025,05:47:27,42126.95,a8426b05-5ee8-4a47-a395-9dbb07dde5b3,Bill Payment,Groceries,71534.68,Branch Counter,"Amritsar, Punjab",Mobile,0,Clean,INR,+91963330XXXXXX,Online shopping,pii_email_eeaafbc5bad8
6ab58eef-40a2-4a5e-897f-0670c9ca67c1,pii_full_name_f35d0f8ba536,Female,49,Punjab,Amritsar,Amritsar Branch,Business,817aa285-ec07-442e-a2e1-f736f08df3d9,11-12-2025,15:11:08,98599.02,a10b1520-839e-44d2-84b2-1c3a81e88078,Transfer,Clothing,79939.19,Phone Banking,"Amritsar, Punjab",Mobile,1,Clean,INR,+91963330XXXXXX,Utility bill,pii_email_eeaafbc5bad8
6d49cf2c-3a3f-449f-a8ab-edfed842404e,pii_full_name_c01588eaf304,Male,27,Bihar,Bhagalpur,Bhagalpur Branch,Checking,d6e6fefb-40ce-465e-8212-0f112b90fd4c,04-01-2025,16:34:12,84556.78,75859dac-dbe3-4ccb-8320-13a465431893,Bill Payment,Clothing,5029.66,ATM Booth Kiosk,"Bhagalpur, Bihar",Mobile,0,Clean,INR,+91954131XXXXXX,Cash withdrawal,pii_email_3f981624e83f
6d49cf2c-3a3f-449f-a8ab-edfed842404e,pii_full_name_c01588eaf304,Male,27,Bihar,Bhagalpur,Bhagalpur Branch,Checking,1f74fdcc-4aa5-4f3b-8c2f-f8d4e4675d17,07-01-2025,10:32:05,36833.93,01efa3fc-41d7-4253-964d-7fb55a6d432d,Debit,Health,5029.66,ATM Booth Kiosk,"Bhagalpur, Bihar",POS,0,Clean,INR,+91954131XXXXXX,EMI payment,pii_email_3f981624e83f
6d49cf2c-3a3f-449f-a8ab-edfed842404e,pii_full_name_c01588eaf304,Male,27,Bihar,Bhagalpur,Bhagalpur Branch,Checking,68147189-6118-4431-a5ad-de994ce97c6f,12-01-2025,17:14:43,46863.39,6576a1fe-f844-4d72-b411-e5ddc780d18d,Debit,Health,19494.73,Virtual Card,"Bhagalpur, Bihar",Desktop,0,Clean,INR,+91954131XXXXXX,Cash withdrawal,pii_email_3f981624e83f
6d49cf2c-3a3f-449f-a8ab-edfed842404e,pii_full_name_c01588eaf304,Male,27,Bihar,Bhagalpur,Bhagalpur Branch,Checking,d78bfdc6-c83a-4966-8868-a502dc6892a8,22-01-2025,10:26:02,94119.01,ffcc61ed-7b66-4ada-9842-cf5f89bccceb,Transfer,Electronics,14441.56,Magnetic Strip Card,"Bhagalpur, Bihar",Desktop,0,Clean,INR,+91954131XXXXXX,Debt repayment,pii_email_3f981624e83f
6d49cf2c-3a3f-449f-a8ab-edfed842404e,pii_full_name_c01588eaf304,Male,27,Bihar,Bhagalpur,Bhagalpur Branch,Checking,61f76af2-e731-4237-8333-cff65db4274a,22-01-2025,23:58:17,86270.99,e92667b0-6a94-4f59-904c-f5f81bc61413,Debit,Groceries,5029.66,Self-service Banking Machine,"Bhagalpur, Bihar",ATM,0,Clean,INR,+91954131XXXXXX,Flight ticket,pii_email_3f981624e83f
6d49cf2c-3a3f-449f-a8ab-edfed842404e,pii_full_name_c01588eaf304,Male,27,Bihar,Bhagalpur,Bhagalpur Branch,Checking,8174192b-c4a8-4da6-a636-af40f12895fc,21-02-2025,03:58:07,93314.51,a170e3c6-29e5-44a9-83da-a7e00389e2f5,Withdrawal,Entertainment,27062.59,Internet Banking,"Bhagalpur, Bihar",ATM,0,Clean,INR,+91954131XXXXXX,Utility bill,pii_email_3f981624e83f
6d49cf2c-3a3f-449f-a8ab-edfed842404e,pii_full_name_c01588eaf304,Male,27,Bihar,Bhagalpur,Bhagalpur Branch,Checking,7ef3bbaa-c7fb-4fa7-a262-0575dfa5106f,30-03-2025,08:03:13,85142.17,b05f697e-a230-4c53-925d-873aa2a167c5,Bill Payment,Electronics,21401.58,Mobile Banking App,"Bhagalpur, Bihar",Mobile,0,Clean,INR,+91954131XXXXXX,Mutual fund investment,pii_email_3f981624e83f
6d49cf2c-3a3f-449f-a8ab-edfed842404e,pii_full_name_c01588eaf304,Male,27,Bihar,Bhagalpur,Bhagalpur Branch,Checking,901bcb53-3e9b-4a7d-9bc9-e5c344a4ecfc,13-05-2025,10:44:57,46097.66,6a2fc62a-8dcc-417a-b9e8-965bce2569bb,Debit,Restaurant,6267.41,Debit/Credit Card,"Bhagalpur, Bihar",Desktop,0,Clean,INR,+91954131XXXXXX,Gym membership,pii_email_3f981624e83f
6d49cf2c-3a3f-449f-a8ab-edfed842404e,pii_full_name_c01588eaf304,Male,27,Bihar,Bhagalpur,Bhagalpur Branch,Checking,5dcdfa62-1bb7-4d4f-b5aa-1c006f918b0e,20-05-2025,04:36:42,58274.73,720cd2db-c253-4853-929d-e35ae1f4e97c,Debit,Groceries,36394.04,QR Code Scanner,"Bhagalpur, Bihar",ATM,0,Clean,INR,+91954131XXXXXX,Grocery delivery,pii_email_3f981624e83f
6d49cf2c-3a3f-449f-a8ab-edfed842404e,pii_full_name_c01588eaf304,Male,27,Bihar,Bhagalpur,Bhagalpur Branch,Checking,0a3a834e-1348-4b54-b4b7-62f2c7cb95f2,17-06-2025,00:58:58,15916.23,1cc5fac4-6710-4cad-aaea-9cf46eec44cb,Credit,Health,10877.18,POS Mobile Device,"Bhagalpur, Bihar",Desktop,0,Clean,INR,+91954131XXXXXX,Taxi fare,pii_email_3f981624e83f
6d49cf2c-3a3f-449f-a8ab-edfed842404e,pii_full_name_c01588eaf304,Male,27,Bihar,Bhagalpur,Bhagalpur Branch,Checking,340c1f60-06f8-4cb9-8b13-b703865b2739,25-06-2025,17:05:36,21830.74,528ae47f-742b-4c5e-97b9-9ee29ffe2f69,Withdrawal,Restaurant,12731.27,Virtual Card,"Bhagalpur, Bihar",Desktop,0,Clean,INR,+91954131XXXXXX,Insurance premium,pii_email_3f981624e83f
6d49cf2c-3a3f-449f-a8ab-edfed842404e,pii_full_name_c01588eaf304,Male,27,Bihar,Bhagalpur,Bhagalpur Branch,Checking,44f1d272-711d-4e0b-9c8e-e81a43e905a9,07-07-2025,23:44:34,12755.19,212b35db-dac6-4093-b87f-809d51dadc37,Credit,Restaurant,7610.85,ATM Booth Kiosk,"Bhagalpur, Bihar",Mobile,0,Clean,INR,+91954131XXXXXX,Cash withdrawal,pii_email_3f981624e83f
6d49cf2c-3a3f-449f-a8ab-edfed842404e,pii_full_name_c01588eaf304,Male,27,Bihar,Bhagalpur,Bhagalpur Branch,Checking,e7acfb52-3123-4caa-a573-667f22f46e90,25-07-2025,12:28:11,679.16,0612c8bc-3530-499b-bc43-1ccaf76a7276,Credit,Entertainment,6335.33,Biometric ATM,"Bhagalpur, Bihar",Desktop,0,Clean,INR,+91954131XXXXXX,Jewelry purchase,pii_email_3f981624e83f
6d49cf2c-3a3f-449f-a8ab-edfed842404e,pii_full_name_c01588eaf304,Male,27,Bihar,Bhagalpur,Bhagalpur Branch,Checking,126a16b8-6697-4d2c-9105-21f39fd61a8d,06-08-2025,08:48:57,77173.89,6f2dbada-20f1-4289-a59a-d99bc000068f,Credit,Restaurant,34779.98,Biometric ATM,"Bhagalpur, Bihar",Desktop,0,Clean,INR,+91954131XXXXXX,Pharmacy bill,pii_email_3f981624e83f
6d49cf2c-3a3f-449f-a8ab-edfed842404e,pii_full_name_c01588eaf304,Male,27,Bihar,Bhagalpur,Bhagalpur Branch,Checking,3b03b5c5-a800-454f-bcde-e565e6c732c4,29-08-2025,09:34:49,48641.84,b8e91ef7-09d9-452c-8580-b9d762083781,Debit,Groceries,29915.79,QR Code Scanner,"Bhagalpur, Bihar",Mobile,0,Clean,INR,+91954131XXXXXX,Electricity bill,pii_email_3f981624e83f
6d49cf2c-3a3f-449f-a8ab-edfed842404e,pii_full_name_c01588eaf304,Male,27,Bihar,Bhagalpur,Bhagalpur Branch,Checking,644d6d1d-2f00-4641-b09f-5b2f81399453,19-09-2025,18:56:04,97395.08,33f412d7-1804-4f5e-8ce8-343fde45212e,Credit,Groceries,24181.07,Self-service Banking Machine,"Bhagalpur, Bihar",POS,0,Clean,INR,+91954131XXXXXX,Movie tickets,pii_email_3f981624e83f
6d49cf2c-3a3f-449f-a8ab-edfed842404e,pii_full_name_c01588eaf304,Male,27,Bihar,Bhagalpur,Bhagalpur Branch,Checking,51502ceb-352a-468f-8413-8e2aa3464e60,05-10-2025,03:19:31,76310.17,48cb57b9-13a3-4f1e-8037-8881f31801da,Debit,Restaurant,5029.66,Biometric ATM,"Bhagalpur, Bihar",Desktop,0,Clean,INR,+91954131XXXXXX,Online shopping,pii_email_3f981624e83f
6d49cf2c-3a3f-449f-a8ab-edfed842404e,pii_full_name_c01588eaf304,Male,27,Bihar,Bhagalpur,Bhagalpur Branch,Checking,a647c106-19fa-42a8-9b8b-a33522c09217,28-11-2025,09:08:14,64872.33,1d96f50f-e184-4299-b3d0-0a9c362f2fe0,Bill Payment,Restaurant,14914.34,Chip Card,"Bhagalpur, Bihar",Mobile,0,Clean,INR,+91954131XXXXXX,Taxi fare,pii_email_3f981624e83f
6d49cf2c-3a3f-449f-a8ab-edfed842404e,pii_full_name_c01588eaf304,Male,27,Bihar,Bhagalpur,Bhagalpur Branch,Checking,e6aa1598-f064-40c3-bcf0-987c81e1ef0e,15-12-2025,18:57:02,34457.14,35ae116e-7fb3-467f-9806-4ef660f1ab77,Withdrawal,Entertainment,9285.56,Voice Assistant,"Bhagalpur, Bihar",Mobile,0,Clean,INR,+91954131XXXXXX,Electricity bill,pii_email_3f981624e83f
70395355-a0e2-4de0-83c5-0ad0686ed987,pii_full_name_40d328d081d9,Female,46,West Bengal,Kolkata,Kolkata Branch,Checking,58fec03b-df3f-4b94-95c4-4588214bdc36,16-05-2025,04:59:08,75841.41,4c5bee07-592c-4ee9-b436-ce14f2c7b7fe,Debit,Entertainment,5436.45,Mobile Banking App,"Kolkata, West Bengal",POS,0,Clean,INR,+91971228XXXXXX,Grocery delivery,pii_email_e6d8a5aed76d
70395355-a0e2-4de0-83c5-0ad0686ed987,pii_full_name_40d328d081d9,Female,46,West Bengal,Kolkata,Kolkata Branch,Checking,d01c1966-7348-4469-aba4-9239461dc921,25-05-2025,04:35:53,22579.32,bfe6aaa0-db26-49a5-ba97-671e37f4465d,Debit,Groceries,6519.07,QR Code Scanner,"Kolkata, West Bengal",ATM,0,Clean,INR,+91971228XXXXXX,Cash withdrawal,pii_email_e6d8a5aed76d
70395355-a0e2-4de0-83c5-0ad0686ed987,pii_full_name_40d328d081d9,Female,46,West Bengal,Kolkata,Kolkata Branch,Checking,9f63a280-7003-42a7-8c75-7204115a5da0,27-05-2025,15:43:43,74704.2,394da8f5-b355-4bf9-b6de-e649da013fea,Bill Payment,Health,5029.66,UPI,"Kolkata, West Bengal",Mobile,0,Clean,INR,+91971228XXXXXX,Bitcoin transaction,pii_email_e6d8a5aed76d
70395355-a0e2-4de0-83c5-0ad0686ed987,pii_full_name_40d328d081d9,Female,46,West Bengal,Kolkata,Kolkata Branch,Checking,bfecfe90-092e-42a3-bf33-f847ff376bc1,29-05-2025,21:10:38,12396.27,cad656e5-7298-47e9-ad01-0ecf41052e9b,Withdrawal,Health,5279.45,Digital Wallet,"Kolkata, West Bengal",Desktop,0,Clean,INR,+91971228XXXXXX,Taxi fare,pii_email_e6d8a5aed76d
70395355-a0e2-4de0-83c5-0ad0686ed987,pii_full_name_40d328d081d9,Female,46,West Bengal,Kolkata,Kolkata Branch,Checking,5b1df98c-fa6f-45f0-97bd-27c94e3ddb41,12-06-2025,15:08:07,84532.26,0127599b-20d6-4ac7-b963-4b23fd1d57fa,Bill Payment,Clothing,5029.66,Phone Banking,"Kolkata, West Bengal",Desktop,0,Clean,INR,+91971228XXXXXX,Taxi fare,pii_email_e6d8a5aed76d
70395355-a0e2-4de0-83c5-0ad0686ed987,pii_full_name_40d328d081d9,Female,46,West Bengal,Kolkata,Kolkata Branch,Checking,3a9aa7f9-2f9f-44ef-9988-13955efb1ced,22-07-2025,18:49:16,85681.39,ce64a99d-d2cb-4bc3-afce-4172be1a475a,Debit,Electronics,5029.66,Chip Card,"Kolkata, West Bengal",Desktop,0,Clean,INR,+91971228XXXXXX,Food delivery,pii_email_e6d8a5aed76d
70395355-a0e2-4de0-83c5-0ad0686ed987,pii_full_name_40d328d081d9,Female,46,West Bengal,Kolkata,Kolkata Branch,Checking,623e5c96-62ba-4bea-803a-5111c99a87aa,17-09-2025,05:10:34,54374.41,7248a9e4-aacc-4f27-b908-9f2a3aaded89,Withdrawal,Entertainment,5029.66,QR Code Scanner,"Kolkata, West Bengal",ATM,0,Clean,INR,+91971228XXXXXX,Hotel booking,pii_email_e6d8a5aed76d
70395355-a0e2-4de0-83c5-0ad0686ed987,pii_full_name_40d328d081d9,Female,46,West Bengal,Kolkata,Kolkata Branch,Checking,54164866-47db-4f4b-88c0-3b9f55e3232c,21-09-2025,16:39:06,276.67,bb22ce4b-4ce3-4f7c-93a4-01ca9320d429,Transfer,Health,13020.59,Chip Card,"Kolkata, West Bengal",ATM,1,Clean,INR,+91971228XXXXXX,Debt repayment,pii_email_e6d8a5aed76d
70395355-a0e2-4de0-83c5-0ad0686ed987,pii_full_name_40d328d081d9,Female,46,West Bengal,Kolkata,Kolkata Branch,Checking,2b0028a4-45ce-4aad-9af4-58a29b0ca182,25-10-2025,20:15:11,79632.64,a0f00bca-140d-44e7-b170-587c597a3585,Credit,Health,12992.92,Chip Card,"Kolkata, West Bengal",Desktop,0,Clean,INR,+91971228XXXXXX,Mutual fund investment,pii_email_e6d8a5aed76d
70395355-a0e2-4de0-83c5-0ad0686ed987,pii_full_name_40d328d081d9,Female,46,West Bengal,Kolkata,Kolkata Branch,Checking,a7fe8421-86e1-4d08-82e3-628affb38000,21-11-2025,12:46:45,21886.37,9a1f88fa-d1bc-44dd-846b-75f37cd44f67,Withdrawal,Clothing,5029.66,UPI,"Kolkata, West Bengal",Desktop,0,Clean,INR,+91971228XXXXXX,Mutual fund investment,pii_email_e6d8a5aed76d
714ee192-3eff-4094-affa-89900fccbd1a,pii_full_name_e94c43e6dc52,Male,30,Madhya Pradesh,Indore,Indore Branch,Savings,fffae712-fac4-460c-803a-5d3f23a5107e,22-03-2025,14:11:58,80486.31,c8b209a0-7735-45fd-af4a-92fffab1bb8c,Bill Payment,Groceries,44815.8,Virtual Card,"Indore, Madhya Pradesh",ATM,0,Clean,INR,+91963441XXXXXX,Restaurant dining,pii_email_aa2b1617d3fb
714ee192-3eff-4094-affa-89900fccbd1a,pii_full_name_e94c43e6dc52,Male,30,Madhya Pradesh,Indore,Indore Branch,Savings,20a7fbc6-141e-4a34-b8cc-bdbec08e3d76,20-06-2025,19:06:17,8396.41,6942f8f7-af39-49a5-b369-1bdc82b16ba3,Credit,Electronics,45655.44,UPI,"Indore, Madhya Pradesh",Desktop,0,Clean,INR,+91963441XXXXXX,Cash withdrawal,pii_email_aa2b1617d3fb
714ee192-3eff-4094-affa-89900fccbd1a,pii_full_name_e94c43e6dc52,Male,30,Madhya Pradesh,Indore,Indore Branch,Savings,2b39eae9-04a1-49f6-997f-6d49665244da,20-06-2025,23:31:33,62140.08,47585c02-0cf3-4246-af82-e638de113310,Debit,Clothing,52864.43,UPI,"Indore, Madhya Pradesh",Mobile,0,Clean,INR,+91963441XXXXXX,Movie tickets,pii_email_aa2b1617d3fb
714ee192-3eff-4094-affa-89900fccbd1a,pii_full_name_e94c43e6dc52,Male,30,Madhya Pradesh,Indore,Indore Branch,Savings,6617bc9b-2c72-4613-adb9-9ea1dbf58fc3,18-07-2025,09:56:03,44799.76,5b60e966-4454-40c5-b897-4689a11c6c5b,Bill Payment,Restaurant,59078.44,Video Banking,"Indore, Madhya Pradesh",Desktop,0,Clean,INR,+91963441XXXXXX,Hotel booking,pii_email_aa2b1617d3fb
71ff6d54-1feb-4540-b7e2-9935f727d104,pii_full_name_e20e0ac0ebb1,Male,45,Madhya Pradesh,Indore,Indore Branch,Savings,a8e36c4b-67b9-4c9e-9529-c28d9d7a1eb2,16-02-2025,17:59:02,51672.06,de0c7439-17cb-4b5c-855b-95161321df7a,Transfer,Clothing,26011.59,Digital Wallet,"Indore, Madhya Pradesh",ATM,0,Clean,INR,+91970774XXXXXX,Debt repayment,pii_email_4ac162ced861
71ff6d54-1feb-4540-b7e2-9935f727d104,pii_full_name_e20e0ac0ebb1,Male,45,Madhya Pradesh,Indore,Indore Branch,Savings,38a99087-4596-47d2-98e3-6688b9abd36d,28-04-2025,08:39:22,21156.88,90ce0567-3e08-419f-9732-21ee13d275f3,Bill Payment,Groceries,5029.66,Contactless Card,"Indore, Madhya Pradesh",POS,1,Clean,INR,+91970774XXXXXX,Gym membership,pii_email_4ac162ced861
71ff6d54-1feb-4540-b7e2-9935f727d104,pii_full_name_e20e0ac0ebb1,Male,45,Madhya Pradesh,Indore,Indore Branch,Savings,b3dad6b1-5f0b-49ef-bb0b-f5968de458f2,10-05-2025,22:09:10,72029.18,092f482b-2954-4ed1-b619-1ab66e57f5c3,Transfer,Restaurant,12232.58,ATM Booth Kiosk,"Indore, Madhya Pradesh",Desktop,0,Clean,INR,+91970774XXXXXX,Grocery delivery,pii_email_4ac162ced861
71ff6d54-1feb-4540-b7e2-9935f727d104,pii_full_name_e20e0ac0ebb1,Male,45,Madhya Pradesh,Indore,Indore Branch,Savings,f0a7dec5-3891-45e9-bd86-ccc00a9cc89a,02-06-2025,02:14:41,90329.31,7e866610-03a4-4223-815e-d327d7f0dd07,Debit,Clothing,16978.66,Phone Banking,"Indore, Madhya Pradesh",ATM,0,Clean,INR,+91970774XXXXXX,EMI payment,pii_email_4ac162ced861
71ff6d54-1feb-4540-b7e2-9935f727d104,pii_full_name_e20e0ac0ebb1,Male,45,Madhya Pradesh,Indore,Indore Branch,Savings,380983d1-1326-49ef-a5fa-90e22c1d0a63,02-10-2025,06:52:35,73080.03,f7c6c170-cdd5-456e-91f5-d5125603813f,Withdrawal,Clothing,5029.66,Magnetic Strip Card,"Indore, Madhya Pradesh",Desktop,0,Clean,INR,+91970774XXXXXX,Grocery delivery,pii_email_4ac162ced861
71ff6d54-1feb-4540-b7e2-9935f727d104,pii_full_name_e20e0ac0ebb1,Male,45,Madhya Pradesh,Indore,Indore Branch,Savings,9d5a8846-50e0-43d5-ab87-45d6d7149596,27-10-2025,10:37:50,62426.22,3a6a01da-b3cb-416e-b360-ff4dd88aad84,Withdrawal,Entertainment,5029.66,Digital Wallet,"Indore, Madhya Pradesh",POS,0,Clean,INR,+91970774XXXXXX,Mobile recharge,pii_email_4ac162ced861
71ff6d54-1feb-4540-b7e2-9935f727d104,pii_full_name_e20e0ac0ebb1,Male,45,Madhya Pradesh,Indore,Indore Branch,Savings,7367d68f-622c-43cf-9143-f72aa6ea4e36,09-11-2025,22:22:12,86118.1,8f2f9c21-a478-497e-bada-5c12d53d290a,Transfer,Clothing,20844.39,Chip Card,"Indore, Madhya Pradesh",Mobile,0,Clean,INR,+91970774XXXXXX,Mutual fund investment,pii_email_4ac162ced861
71ff6d54-1feb-4540-b7e2-9935f727d104,pii_full_name_e20e0ac0ebb1,Male,45,Madhya Pradesh,Indore,Indore Branch,Savings,49bebb18-e4f9-4f20-b82d-dc42df6d3d34,19-11-2025,15:21:39,53848.6,17c9fa89-89d7-4f36-9598-fa72b24a1221,Withdrawal,Entertainment,5029.66,Video Banking,"Indore, Madhya Pradesh",Mobile,0,Clean,INR,+91970774XXXXXX,Salary credit,pii_email_4ac162ced861
71ff6d54-1feb-4540-b7e2-9935f727d104,pii_full_name_e20e0ac0ebb1,Male,45,Madhya Pradesh,Indore,Indore Branch,Savings,9078f691-9dfc-4c32-afdf-d3ba87f3521a,03-12-2025,22:41:36,86700.09,cdc46fc0-2811-4cb8-92a1-364830eb47a5,Bill Payment,Electronics,16113.1,POS Mobile App,"Indore, Madhya Pradesh",ATM,0,Clean,INR,+91970774XXXXXX,Bus ticket,pii_email_4ac162ced861
71ff6d54-1feb-4540-b7e2-9935f727d104,pii_full_name_e20e0ac0ebb1,Male,45,Madhya Pradesh,Indore,Indore Branch,Savings,bd680043-0e3b-4a04-84f1-577725dea3a2,05-12-2025,09:41:11,460698.94,b255b5ff-e93f-4af8-992e-39df321854ed,Credit,Digital Services,486710.53,,"Indore, Madhya Pradesh",ATM,0,Clean,,,Payment received,pii_email_4ac162ced861
71ff6d54-1feb-4540-b7e2-9935f727d104,pii_full_name_e20e0ac0ebb1,Male,45,Madhya Pradesh,Indore,Indore Branch,Savings,0ac2633f-7814-4b9a-a8b8-aaf18d2159e0,05-12-2025,14:00:42,71892.69,a13ea375-5962-48ca-a0df-3dacac619864,Bill Payment,Groceries,8923.83,POS Mobile Device,"Indore, Madhya Pradesh",POS,0,Clean,INR,+91970774XXXXXX,Electricity bill,pii_email_4ac162ced861
71ff6d54-1feb-4540-b7e2-9935f727d104,pii_full_name_e20e0ac0ebb1,Male,45,Madhya Pradesh,Indore,Indore Branch,Savings,50a4f16f-0a07-4f97-9ca0-c7eb3233adf2,06-12-2025,03:36:38,9398.08,618e6148-224a-4bda-9f0a-636a37d17e25,Withdrawal,Health,5029.66,Mobile Banking App,"Indore, Madhya Pradesh",Mobile,0,Clean,INR,+91970774XXXXXX,Salary credit,pii_email_4ac162ced861
71ff6d54-1feb-4540-b7e2-9935f727d104,pii_full_name_e20e0ac0ebb1,Male,45,Madhya Pradesh,Indore,Indore Branch,Savings,10b1ca79-b706-4ffa-a91c-a3d5b7cc242e,06-12-2025,19:28:19,437663.99,31ca04d5-f5dd-4873-b85c-c87d45d4353f,Transfer,Digital Services,49046.54,,"Indore, Madhya Pradesh",ATM,1,Money Mule,,,Payment,pii_email_4ac162ced861
71ff6d54-1feb-4540-b7e2-9935f727d104,pii_full_name_e20e0ac0ebb1,Male,45,Madhya Pradesh,Indore,Indore Branch,Savings,e52a0a33-bfb5-420e-8a06-f26052ed83e4,11-12-2025,13:53:18,385970.37,e3f2975f-8b68-4fbe-809a-a5ead34bed97,Transfer,Digital Services,435016.91,,"Indore, Madhya Pradesh",ATM,0,Clean,,,Incoming transfer,pii_email_4ac162ced861
71ff6d54-1feb-4540-b7e2-9935f727d104,pii_full_name_e20e0ac0ebb1,Male,45,Madhya Pradesh,Indore,Indore Branch,Savings,8f642ad7-ce04-4d3a-b995-ae1ccc13a30b,11-12-2025,19:02:23,366671.85,bf7fa666-632b-44eb-9970-7c0eb42bab21,Debit,Entertainment,68345.06,,"Indore, Madhya Pradesh",ATM,1,Money Mule,,,Payment,pii_email_4ac162ced861
71ff6d54-1feb-4540-b7e2-9935f727d104,pii_full_name_e20e0ac0ebb1,Male,45,Madhya Pradesh,Indore,Indore Branch,Savings,af58f781-e4ea-46cb-9052-a6cff85f7d42,28-12-2025,21:48:49,64873.6,89ccc478-b919-429e-895a-e2f8c16998b1,Debit,Groceries,5029.66,Mobile Banking App,"Indore, Madhya Pradesh",Desktop,0,Clean,INR,+91970774XXXXXX,Taxi fare,pii_email_4ac162ced861
7218ed16-b762-4b05-9437-383fd1ebe608,pii_full_name_6aaa21e35591,Male,37,Madhya Pradesh,Bhopal,Bhopal Branch,Business,e2756ae8-76cc-495c-93e2-7c89ec5ae383,29-01-2025,15:28:12,59227.27,04336611-0fdf-4b18-b6b0-6cfc9ff3bd73,Credit,Electronics,94452.16,POS Mobile App,"Bhopal, Madhya Pradesh",ATM,0,Clean,INR,+91985353XXXXXX,Electricity bill,pii_email_c4fdd56a2a58
7218ed16-b762-4b05-9437-383fd1ebe608,pii_full_name_6aaa21e35591,Male,37,Madhya Pradesh,Bhopal,Bhopal Branch,Business,94dcbd04-4e05-4f45-b0de-d9ad155cc26b,01-02-2025,16:12:29,3048.94,14df1c11-f691-4aff-92ce-731db7891fcd,Debit,Entertainment,94147.27,Branch Counter,"Bhopal, Madhya Pradesh",ATM,0,Clean,INR,+91985353XXXXXX,Grocery delivery,pii_email_c4fdd56a2a58
7218ed16-b762-4b05-9437-383fd1ebe608,pii_full_name_6aaa21e35591,Male,37,Madhya Pradesh,Bhopal,Bhopal Branch,Business,b86b5fb3-a6ef-45c6-96e5-fa43559302ed,26-02-2025,10:53:16,26073.62,9d5c1121-0823-4f7a-bd39-88bdbfc88b6b,Bill Payment,Entertainment,91539.91,Magnetic Strip Card,"Bhopal, Madhya Pradesh",POS,0,Clean,INR,+91985353XXXXXX,Salary credit,pii_email_c4fdd56a2a58
7218ed16-b762-4b05-9437-383fd1ebe608,pii_full_name_6aaa21e35591,Male,37,Madhya Pradesh,Bhopal,Bhopal Branch,Business,c4895f27-74a1-4ec2-9044-08e48e463f98,29-03-2025,22:47:18,68007.06,51777338-2e0b-4212-a963-ba8a35c707e7,Credit,Entertainment,90501.24,Internet Banking,"Bhopal, Madhya Pradesh",Mobile,0,Clean,INR,+91985353XXXXXX,Movie tickets,pii_email_c4fdd56a2a58
7218ed16-b762-4b05-9437-383fd1ebe608,pii_full_name_6aaa21e35591,Male,37,Madhya Pradesh,Bhopal,Bhopal Branch,Business,b1b0985f-b9e9-4991-8f43-cd35142ebd5f,06-05-2025,16:20:35,19718.06,2791b879-82c7-4f1e-850b-e581a9e72eae,Bill Payment,Restaurant,88529.44,Biometric ATM,"Bhopal, Madhya Pradesh",ATM,0,Clean,INR,+91985353XXXXXX,Movie tickets,pii_email_c4fdd56a2a58
7218ed16-b762-4b05-9437-383fd1ebe608,pii_full_name_6aaa21e35591,Male,37,Madhya Pradesh,Bhopal,Bhopal Branch,Business,d1c7ca37-843e-448a-aa18-8183a60a76be,10-07-2025,13:47:22,96226.59,c1efa933-596b-44f6-af83-36adfc52c0b4,Transfer,Entertainment,99996.44,Video Banking,"Bhopal, Madhya Pradesh",ATM,0,Clean,INR,+91985353XXXXXX,Bus ticket,pii_email_c4fdd56a2a58
7218ed16-b762-4b05-9437-383fd1ebe608,pii_full_name_6aaa21e35591,Male,37,Madhya Pradesh,Bhopal,Bhopal Branch,Business,55d47915-b108-4b4c-955d-346e320684a6,19-07-2025,15:02:44,45768.25,7b7298ad-b99f-4f8f-ac30-9934c8c0434b,Bill Payment,Groceries,83700.54,Debit/Credit Card,"Bhopal, Madhya Pradesh",Desktop,0,Clean,INR,+91985353XXXXXX,Train ticket,pii_email_c4fdd56a2a58
7218ed16-b762-4b05-9437-383fd1ebe608,pii_full_name_6aaa21e35591,Male,37,Madhya Pradesh,Bhopal,Bhopal Branch,Business,95e2302f-5175-44a8-9b53-6bbb075be49d,22-08-2025,20:35:00,44230.98,d7621cb1-0a2f-4a75-b5c7-9b0d3658ee46,Bill Payment,Health,95573.34,QR Code Scanner,"Bhopal, Madhya Pradesh",ATM,0,Clean,INR,+91985353XXXXXX,Food delivery,pii_email_c4fdd56a2a58
7218ed16-b762-4b05-9437-383fd1ebe608,pii_full_name_6aaa21e35591,Male,37,Madhya Pradesh,Bhopal,Bhopal Branch,Business,74a233cf-ac5a-42e9-9a4c-ea31a29f5976,19-10-2025,07:39:21,14528.49,5d8ed7dc-75a6-4647-bc9a-8ab61129b2c1,Transfer,Groceries,99996.44,Biometric ATM,"Bhopal, Madhya Pradesh",POS,0,Clean,INR,+91985353XXXXXX,Bitcoin transaction,pii_email_c4fdd56a2a58
73102488-938b-43ca-aa07-b1c327f6bea6,pii_full_name_0c95c5209e61,Male,28,Karnataka,Hubli,Hubli Branch,Checking,90660653-4b53-4517-887c-8bfd60d1f6b6,19-01-2025,19:28:24,64388.99,7d986f2a-e8c0-4f6d-8029-cf5bedc5cf5a,Withdrawal,Clothing,51363.0,Self-service Banking Machine,"Hubli, Karnataka",ATM,0,Clean,INR,+91966846XXXXXX,Food delivery,pii_email_3126cdc3fcea
73102488-938b-43ca-aa07-b1c327f6bea6,pii_full_name_0c95c5209e61,Male,28,Karnataka,Hubli,Hubli Branch,Checking,e5b8bca8-748f-492d-b37b-4f2da7629608,08-03-2025,08:39:49,48458.3,b6643237-6ba3-402f-bc60-17a2c426d33b,Debit,Groceries,46517.17,UPI,"Hubli, Karnataka",Desktop,0,Clean,INR,+91966846XXXXXX,Movie tickets,pii_email_3126cdc3fcea
73102488-938b-43ca-aa07-b1c327f6bea6,pii_full_name_0c95c5209e61,Male,28,Karnataka,Hubli,Hubli Branch,Checking,7395403a-6318-4131-ae65-b6459f6db6a8,08-05-2025,21:58:27,34420.45,73e77737-f8c2-4365-9918-9f268f12b366,Bill Payment,Entertainment,57801.9,Digital Wallet,"Hubli, Karnataka",ATM,0,Clean,INR,+91966846XXXXXX,Movie tickets,pii_email_3126cdc3fcea
73102488-938b-43ca-aa07-b1c327f6bea6,pii_full_name_0c95c5209e61,Male,28,Karnataka,Hubli,Hubli Branch,Checking,96612cc7-09a8-4230-a1f1-0b551b06eacb,28-06-2025,01:47:11,90497.92,84bd03a3-85e4-46f5-8c27-dfc27b657681,Transfer,Clothing,58941.02,Voice Assistant,"Hubli, Karnataka",Mobile,0,Clean,INR,+91966846XXXXXX,Gas bill,pii_email_3126cdc3fcea
73102488-938b-43ca-aa07-b1c327f6bea6,pii_full_name_0c95c5209e61,Male,28,Karnataka,Hubli,Hubli Branch,Checking,de482abe-41f1-4169-ba68-8760e4448a6e,19-07-2025,19:59:01,52889.39,983a1de2-e5e5-4bc7-bdf2-8f052a7eb979,Transfer,Clothing,51806.11,Self-service Banking Machine,"Hubli, Karnataka",POS,0,Clean,INR,+91966846XXXXXX,EMI payment,pii_email_3126cdc3fcea
73102488-938b-43ca-aa07-b1c327f6bea6,pii_full_name_0c95c5209e61,Male,28,Karnataka,Hubli,Hubli Branch,Checking,8e9f7efd-eb38-4363-b43e-36f42357e926,27-09-2025,17:37:56,23029.33,659137fa-437c-450b-a0c9-735d56b036bb,Credit,Clothing,61243.95,Virtual Card,"Hubli, Karnataka",POS,0,Clean,INR,+91966846XXXXXX,Debt repayment,pii_email_3126cdc3fcea
736911be-6fb4-4d0d-b9e9-e6e2a936fad8,pii_full_name_ef425835d41a,Male,44,Chandigarh,Chandigarh,Chandigarh Branch,Checking,f88d6f01-0c87-4063-9442-3e207907b2c6,02-03-2025,10:14:14,91123.34,80836a66-8fd7-4aaf-8f91-0faabd4c8ada,Credit,Health,30196.44,POS Mobile App,"Chandigarh, Chandigarh",Mobile,0,Clean,INR,+91961226XXXXXX,Train ticket,pii_email_679154a2e869
736911be-6fb4-4d0d-b9e9-e6e2a936fad8,pii_full_name_ef425835d41a,Male,44,Chandigarh,Chandigarh,Chandigarh Branch,Checking,63bc7766-83ba-4905-a643-3efefd3e81c4,04-03-2025,18:35:27,56081.14,c61ffb1e-ec0a-40be-9fcb-d21acb2d2dd5,Withdrawal,Groceries,5029.66,POS Mobile App,"Chandigarh, Chandigarh",ATM,1,Clean,INR,+91961226XXXXXX,Flight ticket,pii_email_679154a2e869
736911be-6fb4-4d0d-b9e9-e6e2a936fad8,pii_full_name_ef425835d41a,Male,44,Chandigarh,Chandigarh,Chandigarh Branch,Checking,a79e1f50-2b98-4ff8-b5f9-3ba718b190b7,19-04-2025,23:54:16,93702.75,12094bba-896e-4075-9144-20950cf2b424,Debit,Clothing,5029.66,Self-service Banking Machine,"Chandigarh, Chandigarh",Mobile,0,Clean,INR,+91961226XXXXXX,Train ticket,pii_email_679154a2e869
736911be-6fb4-4d0d-b9e9-e6e2a936fad8,pii_full_name_ef425835d41a,Male,44,Chandigarh,Chandigarh,Chandigarh Branch,Checking,e15910f3-f2ec-497a-8483-312fc2960156,27-04-2025,11:14:37,45016.66,1c91f4ec-d8da-4a53-af79-97051cb340da,Debit,Restaurant,5029.66,ATM Booth Kiosk,"Chandigarh, Chandigarh",Desktop,0,Clean,INR,+91961226XXXXXX,Bus ticket,pii_email_679154a2e869
736911be-6fb4-4d0d-b9e9-e6e2a936fad8,pii_full_name_ef425835d41a,Male,44,Chandigarh,Chandigarh,Chandigarh Branch,Checking,e23f0812-a789-4067-a88b-c2b047df76dd,05-05-2025,18:54:01,12558.97,5a69beb2-cd00-495c-a62a-f6a4c8472217,Withdrawal,Clothing,5029.66,UPI,"Chandigarh, Chandigarh",Mobile,0,Clean,INR,+91961226XXXXXX,Grocery delivery,pii_email_679154a2e869
736911be-6fb4-4d0d-b9e9-e6e2a936fad8,pii_full_name_ef425835d41a,Male,44,Chandigarh,Chandigarh,Chandigarh Branch,Checking,57fb548d-e42a-464c-b846-b7e42e26bc67,02-06-2025,20:57:49,78917.29,ea0187a5-5db3-4af8-9848-d88291eb320e,Bill Payment,Groceries,5029.66,Chip Card,"Chandigarh, Chandigarh",Mobile,0,Clean,INR,+91961226XXXXXX,Restaurant dining,pii_email_679154a2e869
736911be-6fb4-4d0d-b9e9-e6e2a936fad8,pii_full_name_ef425835d41a,Male,44,Chandigarh,Chandigarh,Chandigarh Branch,Checking,b900717a-074d-4a09-b343-a9a8a59d638a,06-06-2025,15:35:16,92232.77,eeeaba30-72f1-4b44-87fb-41e75d716baf,Bill Payment,Entertainment,20973.17,ATM,"Chandigarh, Chandigarh",ATM,0,Clean,INR,+91961226XXXXXX,Insurance premium,pii_email_679154a2e869
736911be-6fb4-4d0d-b9e9-e6e2a936fad8,pii_full_name_ef425835d41a,Male,44,Chandigarh,Chandigarh,Chandigarh Branch,Checking,d391198d-d0f2-416b-a9cd-a5878570be22,29-07-2025,23:32:58,60184.12,a4a63aa0-9ad3-4952-b48e-5eb6b0177751,Debit,Groceries,8012.72,Contactless Card,"Chandigarh, Chandigarh",ATM,0,Clean,INR,+91961226XXXXXX,Pharmacy bill,pii_email_679154a2e869
736911be-6fb4-4d0d-b9e9-e6e2a936fad8,pii_full_name_ef425835d41a,Male,44,Chandigarh,Chandigarh,Chandigarh Branch,Checking,6dc01a82-6774-4068-9870-4dc51b0d8b0c,21-10-2025,14:46:38,41383.25,70305c80-860c-46e5-9ceb-abe70fa1f4ef,Credit,Entertainment,9167.99,ATM,"Chandigarh, Chandigarh",Mobile,0,Clean,INR,+91961226XXXXXX,Pharmacy bill,pii_email_679154a2e869
736911be-6fb4-4d0d-b9e9-e6e2a936fad8,pii_full_name_ef425835d41a,Male,44,Chandigarh,Chandigarh,Chandigarh Branch,Checking,6f73be0e-21c1-4349-8306-1be5e661356f,01-11-2025,07:29:37,27630.16,22d37608-36f4-4942-a9ae-a93aaf2c968d,Withdrawal,Entertainment,18210.15,POS Mobile App,"Chandigarh, Chandigarh",POS,0,Clean,INR,+91961226XXXXXX,Movie tickets,pii_email_679154a2e869
736911be-6fb4-4d0d-b9e9-e6e2a936fad8,pii_full_name_ef425835d41a,Male,44,Chandigarh,Chandigarh,Chandigarh Branch,Checking,8903d23d-e27f-430d-bfa4-1d81ca05f89d,02-11-2025,03:51:22,41790.18,3c27d72b-44bb-4c30-87c0-3805a0c5e65d,Withdrawal,Restaurant,14031.13,Voice Assistant,"Chandigarh, Chandigarh",Desktop,0,Clean,INR,+91961226XXXXXX,Flight ticket,pii_email_679154a2e869
736911be-6fb4-4d0d-b9e9-e6e2a936fad8,pii_full_name_ef425835d41a,Male,44,Chandigarh,Chandigarh,Chandigarh Branch,Checking,3732e2b2-b2f1-426e-8082-cf7ea863e07c,19-11-2025,07:11:34,18954.09,7f135c1c-12c9-4e8a-b707-e800d715e03e,Bill Payment,Entertainment,6117.31,POS Mobile App,"Chandigarh, Chandigarh",ATM,0,Clean,INR,+91961226XXXXXX,Utility bill,pii_email_679154a2e869
736911be-6fb4-4d0d-b9e9-e6e2a936fad8,pii_full_name_ef425835d41a,Male,44,Chandigarh,Chandigarh,Chandigarh Branch,Checking,6bc811a6-232b-4933-ac17-5f95cf0dcb91,22-12-2025,15:04:58,97575.51,b3037d4d-6eda-4a52-8c0d-918439fe25ab,Debit,Clothing,5029.66,Chip Card,"Chandigarh, Chandigarh",ATM,0,Clean,INR,+91961226XXXXXX,Bitcoin transaction,pii_email_679154a2e869
7395c2c0-1b76-492c-a137-f772d2437037,pii_full_name_0fa3ba079b35,Female,26,Madhya Pradesh,Indore,Indore Branch,Business,11902a54-5919-4fef-8207-12408da6eead,23-02-2025,19:14:30,48133.12,c5116766-e200-4a12-9f17-dc6eef1e0045,Withdrawal,Entertainment,27131.18,POS Mobile App,"Indore, Madhya Pradesh",Desktop,0,Clean,INR,+91997922XXXXXX,Gas bill,pii_email_50659d6aed7f
7395c2c0-1b76-492c-a137-f772d2437037,pii_full_name_0fa3ba079b35,Female,26,Madhya Pradesh,Indore,Indore Branch,Business,3033ff9e-2935-4b4b-9b60-9c22d235afc2,04-03-2025,00:48:25,73089.05,75262204-ace1-478f-9932-93ccabfb2297,Credit,Clothing,22397.13,ATM Booth Kiosk,"Indore, Madhya Pradesh",Mobile,1,Clean,INR,+91997922XXXXXX,Hotel booking,pii_email_50659d6aed7f
7395c2c0-1b76-492c-a137-f772d2437037,pii_full_name_0fa3ba079b35,Female,26,Madhya Pradesh,Indore,Indore Branch,Business,7c2ad708-676d-4b1b-b7ea-9dd3b3db2748,29-03-2025,10:58:21,30701.44,797054ff-c0a1-483c-a142-1e66e523cf2d,Transfer,Restaurant,25467.27,ATM,"Indore, Madhya Pradesh",Desktop,1,Clean,INR,+91997922XXXXXX,Movie tickets,pii_email_50659d6aed7f
7395c2c0-1b76-492c-a137-f772d2437037,pii_full_name_0fa3ba079b35,Female,26,Madhya Pradesh,Indore,Indore Branch,Business,57b902f2-b845-43e7-83b1-25f832d2ca50,30-03-2025,16:05:25,90524.05,7890bf72-f4ce-4edf-91d0-bf1f85e2f2d8,Transfer,Clothing,29353.87,Magnetic Strip Card,"Indore, Madhya Pradesh",Desktop,0,Clean,INR,+91997922XXXXXX,Restaurant dining,pii_email_50659d6aed7f
7395c2c0-1b76-492c-a137-f772d2437037,pii_full_name_0fa3ba079b35,Female,26,Madhya Pradesh,Indore,Indore Branch,Business,86471e92-a0e3-45a0-a738-480dbdfa62f9,18-05-2025,04:28:17,64772.21,9d79ca7e-3d80-4af9-b383-e0b5706ec03b,Credit,Groceries,31944.49,Contactless Card,"Indore, Madhya Pradesh",Mobile,0,Clean,INR,+91997922XXXXXX,Mobile recharge,pii_email_50659d6aed7f
7395c2c0-1b76-492c-a137-f772d2437037,pii_full_name_0fa3ba079b35,Female,26,Madhya Pradesh,Indore,Indore Branch,Business,4f8eabf1-7cbf-445c-810f-e244ed116e34,06-08-2025,00:15:21,27564.93,6f93b74c-1804-4086-8b81-52f03685b8f8,Credit,Groceries,37685.12,Virtual Card,"Indore, Madhya Pradesh",Mobile,0,Clean,INR,+91997922XXXXXX,Taxi fare,pii_email_50659d6aed7f
7395c2c0-1b76-492c-a137-f772d2437037,pii_full_name_0fa3ba079b35,Female,26,Madhya Pradesh,Indore,Indore Branch,Business,0c26b036-3b1a-406d-957b-80ebc75ff985,11-08-2025,20:53:33,26793.74,a2a6e885-5624-4228-95d3-5a54d3a8d66c,Debit,Electronics,20247.22,Branch Counter,"Indore, Madhya Pradesh",Mobile,0,Clean,INR,+91997922XXXXXX,Pharmacy bill,pii_email_50659d6aed7f
7395c2c0-1b76-492c-a137-f772d2437037,pii_full_name_0fa3ba079b35,Female,26,Madhya Pradesh,Indore,Indore Branch,Business,daa6b2be-5509-43cb-88ed-85a6bdb83279,14-09-2025,15:14:25,28119.14,95dcf824-b5aa-46ad-8502-6296e80bc928,Bill Payment,Entertainment,18704.48,Chip Card,"Indore, Madhya Pradesh",Mobile,0,Clean,INR,+91997922XXXXXX,Hotel booking,pii_email_50659d6aed7f
7395c2c0-1b76-492c-a137-f772d2437037,pii_full_name_0fa3ba079b35,Female,26,Madhya Pradesh,Indore,Indore Branch,Business,fefc4fcb-8494-423b-b068-6ec902818749,08-10-2025,07:04:04,29992.3,992ed5b8-76bd-477f-acd2-8c646eeae154,Bill Payment,Health,21516.39,Magnetic Strip Card,"Indore, Madhya Pradesh",Mobile,0,Clean,INR,+91997922XXXXXX,Bitcoin transaction,pii_email_50659d6aed7f
7395c2c0-1b76-492c-a137-f772d2437037,pii_full_name_0fa3ba079b35,Female,26,Madhya Pradesh,Indore,Indore Branch,Business,927ede6d-f137-47f3-8216-5c4909002049,10-10-2025,09:34:22,36162.58,12ee2a71-1f16-49b8-a773-becfce288d5f,Bill Payment,Entertainment,15088.22,Internet Banking,"Indore, Madhya Pradesh",POS,0,Clean,INR,+91997922XXXXXX,Bitcoin transaction,pii_email_50659d6aed7f
7395c2c0-1b76-492c-a137-f772d2437037,pii_full_name_0fa3ba079b35,Female,26,Madhya Pradesh,Indore,Indore Branch,Business,2d08adfd-4f4e-4eda-8896-6a8c2aaae545,15-10-2025,21:41:42,85807.83,bb9b778c-3b88-40ab-8e5f-306f873c957a,Withdrawal,Entertainment,29104.34,Self-service Banking Machine,"Indore, Madhya Pradesh",POS,0,Clean,INR,+91997922XXXXXX,Mutual fund investment,pii_email_50659d6aed7f
7395c2c0-1b76-492c-a137-f772d2437037,pii_full_name_0fa3ba079b35,Female,26,Madhya Pradesh,Indore,Indore Branch,Business,0a035bd0-b546-49d3-b6c9-e22b5ee69410,26-10-2025,14:20:51,77974.49,914474f9-2bc5-4a1d-ab56-ff13a197c6f7,Credit,Health,34928.63,QR Code Scanner,"Indore, Madhya Pradesh",POS,0,Clean,INR,+91997922XXXXXX,Jewelry purchase,pii_email_50659d6aed7f
7395c2c0-1b76-492c-a137-f772d2437037,pii_full_name_0fa3ba079b35,Female,26,Madhya Pradesh,Indore,Indore Branch,Business,ca1221d5-0684-44fa-aa95-0aade425af8e,16-11-2025,19:33:31,61777.47,cc247500-e916-47de-980f-9c932fe765d7,Withdrawal,Groceries,22926.59,ATM,"Indore, Madhya Pradesh",Mobile,0,Clean,INR,+91997922XXXXXX,Flight ticket,pii_email_50659d6aed7f
7395c2c0-1b76-492c-a137-f772d2437037,pii_full_name_0fa3ba079b35,Female,26,Madhya Pradesh,Indore,Indore Branch,Business,0651fa15-afc8-4425-889a-9e606076d787,10-12-2025,12:42:11,34304.47,658dad01-24e3-4cf4-8ef8-bce68ad0ab3f,Withdrawal,Electronics,10586.99,QR Code Scanner,"Indore, Madhya Pradesh",POS,0,Clean,INR,+91997922XXXXXX,EMI payment,pii_email_50659d6aed7f
7395c2c0-1b76-492c-a137-f772d2437037,pii_full_name_0fa3ba079b35,Female,26,Madhya Pradesh,Indore,Indore Branch,Business,527766f8-99ea-4e8f-bd0f-831a625aa031,20-12-2025,05:25:17,62297.83,9f446c15-e1ca-48ea-995a-1a35110df1ac,Withdrawal,Clothing,14017.43,Voice Assistant,"Indore, Madhya Pradesh",POS,0,Clean,INR,+91997922XXXXXX,EMI payment,pii_email_50659d6aed7f
7395c2c0-1b76-492c-a137-f772d2437037,pii_full_name_0fa3ba079b35,Female,26,Madhya Pradesh,Indore,Indore Branch,Business,eb0492d4-ed5a-4ff4-992a-9da80f49ce3e,22-12-2025,09:28:16,97144.78,deff6f89-0157-4798-8013-01863bb4a130,Transfer,Health,20301.47,Self-service Banking Machine,"Indore, Madhya Pradesh",Mobile,0,Clean,INR,+91997922XXXXXX,Cash withdrawal,pii_email_50659d6aed7f
73a13f0a-1f40-43bd-b99c-87940158768c,pii_full_name_655fcdc1bc7a,Male,24,Uttar Pradesh,Lucknow,Lucknow Branch,Savings,dd9c5217-0b2d-42de-ab94-8373efd544f6,08-01-2025,11:35:15,24606.73,9a528214-c1ee-4276-ac1e-3c51d4be0762,Debit,Restaurant,5029.66,Mobile Banking App,"Lucknow, Uttar Pradesh",ATM,1,Clean,INR,+91917083XXXXXX,Gym membership,pii_email_da295f6e0215
73a13f0a-1f40-43bd-b99c-87940158768c,pii_full_name_655fcdc1bc7a,Male,24,Uttar Pradesh,Lucknow,Lucknow Branch,Savings,65a13211-5428-49b8-be2b-d6458ede976c,22-02-2025,15:36:19,65121.2,ddbc5ca8-946d-47af-8273-1fef44cda56c,Debit,Electronics,5029.66,Debit/Credit Card,"Lucknow, Uttar Pradesh",POS,0,Clean,INR,+91917083XXXXXX,Insurance premium,pii_email_da295f6e0215
73a13f0a-1f40-43bd-b99c-87940158768c,pii_full_name_655fcdc1bc7a,Male,24,Uttar Pradesh,Lucknow,Lucknow Branch,Savings,e591b72a-8325-4e9c-acb1-4399a64baafb,09-03-2025,13:43:58,69573.75,384cf108-283f-49a2-9381-b2a0c7a20161,Bill Payment,Restaurant,5166.99,ATM,"Lucknow, Uttar Pradesh",Mobile,0,Clean,INR,+91917083XXXXXX,Debt repayment,pii_email_da295f6e0215
73a13f0a-1f40-43bd-b99c-87940158768c,pii_full_name_655fcdc1bc7a,Male,24,Uttar Pradesh,Lucknow,Lucknow Branch,Savings,579b41bd-e0b7-4843-bad2-0b876ac06458,15-03-2025,01:09:34,69934.58,2823a47b-1ae6-433c-83dd-083fd2ea0d8c,Withdrawal,Clothing,5029.66,Mobile Banking App,"Lucknow, Uttar Pradesh",POS,0,Clean,INR,+91917083XXXXXX,Food delivery,pii_email_da295f6e0215
73a13f0a-1f40-43bd-b99c-87940158768c,pii_full_name_655fcdc1bc7a,Male,24,Uttar Pradesh,Lucknow,Lucknow Branch,Savings,31da9dbe-61d3-4f43-9e33-90fb1d894ccd,31-03-2025,06:25:02,1888.63,bf0cd0dd-02dd-4af3-9be3-974756a41e0e,Withdrawal,Electronics,8043.55,Branch Counter,"Lucknow, Uttar Pradesh",Mobile,0,Clean,INR,+91917083XXXXXX,Pharmacy bill,pii_email_da295f6e0215
73a13f0a-1f40-43bd-b99c-87940158768c,pii_full_name_655fcdc1bc7a,Male,24,Uttar Pradesh,Lucknow,Lucknow Branch,Savings,e5d2679e-7350-4ff8-af90-d2b75e2180b2,13-05-2025,21:08:32,73774.13,b38a2ea2-032c-401c-a5f0-9000b0c0c8d5,Withdrawal,Groceries,5029.66,Chip Card,"Lucknow, Uttar Pradesh",POS,0,Clean,INR,+91917083XXXXXX,Taxi fare,pii_email_da295f6e0215
73a13f0a-1f40-43bd-b99c-87940158768c,pii_full_name_655fcdc1bc7a,Male,24,Uttar Pradesh,Lucknow,Lucknow Branch,Savings,249432e1-6d71-4e4b-b447-a07eca419e7c,28-05-2025,05:57:56,8740.4,d5becff6-6098-4691-88ff-cf98fbe3868b,Transfer,Health,8917.59,Contactless Card,"Lucknow, Uttar Pradesh",Mobile,0,Clean,INR,+91917083XXXXXX,Hotel booking,pii_email_da295f6e0215
73a13f0a-1f40-43bd-b99c-87940158768c,pii_full_name_655fcdc1bc7a,Male,24,Uttar Pradesh,Lucknow,Lucknow Branch,Savings,fa33046a-c15b-4ee6-8c5f-0c286f21d72c,05-06-2025,06:41:09,32027.57,88161c9e-75ae-425d-bd31-7c9db837a5f8,Credit,Clothing,8232.42,Magnetic Strip Card,"Lucknow, Uttar Pradesh",ATM,0,Clean,INR,+91917083XXXXXX,Debt repayment,pii_email_da295f6e0215
73a13f0a-1f40-43bd-b99c-87940158768c,pii_full_name_655fcdc1bc7a,Male,24,Uttar Pradesh,Lucknow,Lucknow Branch,Savings,bec3e6e4-5230-4741-8b10-c330733d0da6,25-07-2025,07:53:18,41040.02,6e061c55-702e-4891-b6c1-54c4acc9dc34,Bill Payment,Electronics,5029.66,Contactless Card,"Lucknow, Uttar Pradesh",Mobile,0,Clean,INR,+91917083XXXXXX,Salary credit,pii_email_da295f6e0215
73a13f0a-1f40-43bd-b99c-87940158768c,pii_full_name_655fcdc1bc7a,Male,24,Uttar Pradesh,Lucknow,Lucknow Branch,Savings,a80c5abd-fe5c-4054-867f-c232827eaa81,02-08-2025,02:52:28,38471.42,c7b02fac-80b2-421e-9b1a-14f0d19cd0d1,Debit,Restaurant,5029.66,Phone Banking,"Lucknow, Uttar Pradesh",ATM,0,Clean,INR,+91917083XXXXXX,Gym membership,pii_email_da295f6e0215
73a13f0a-1f40-43bd-b99c-87940158768c,pii_full_name_655fcdc1bc7a,Male,24,Uttar Pradesh,Lucknow,Lucknow Branch,Savings,5a44ba2b-8074-4dbc-8083-13cd6f775755,06-08-2025,10:10:44,27374.44,601f5e1d-ffe1-46be-ab35-2d62f041fca0,Withdrawal,Entertainment,5029.66,POS Mobile App,"Lucknow, Uttar Pradesh",Desktop,0,Clean,INR,+91917083XXXXXX,Bus ticket,pii_email_da295f6e0215
73a13f0a-1f40-43bd-b99c-87940158768c,pii_full_name_655fcdc1bc7a,Male,24,Uttar Pradesh,Lucknow,Lucknow Branch,Savings,dddc72c2-8f7a-405e-84e3-6644ba851cc3,10-08-2025,07:09:32,93860.77,7b0ed8cd-7af1-4268-99f4-61f3b7127865,Withdrawal,Groceries,5029.66,ATM Booth Kiosk,"Lucknow, Uttar Pradesh",ATM,0,Clean,INR,+91917083XXXXXX,Mobile recharge,pii_email_da295f6e0215
73a13f0a-1f40-43bd-b99c-87940158768c,pii_full_name_655fcdc1bc7a,Male,24,Uttar Pradesh,Lucknow,Lucknow Branch,Savings,8b30b7e7-f8a7-40c8-a2d6-c6a977e0ee72,21-08-2025,23:11:47,9471.94,44eb3a39-d90d-4c0c-b267-79ecca868417,Credit,Groceries,5976.85,Mobile Banking App,"Lucknow, Uttar Pradesh",Mobile,0,Clean,INR,+91917083XXXXXX,Insurance premium,pii_email_da295f6e0215
73a13f0a-1f40-43bd-b99c-87940158768c,pii_full_name_655fcdc1bc7a,Male,24,Uttar Pradesh,Lucknow,Lucknow Branch,Savings,3a54cd0a-3a18-4583-8570-12ed722b9918,26-08-2025,20:16:02,51795.98,31d6e059-8f0e-45a4-bcca-25a8157ffd29,Debit,Restaurant,5029.66,Mobile Banking App,"Lucknow, Uttar Pradesh",ATM,0,Clean,INR,+91917083XXXXXX,Gas bill,pii_email_da295f6e0215
73a13f0a-1f40-43bd-b99c-87940158768c,pii_full_name_655fcdc1bc7a,Male,24,Uttar Pradesh,Lucknow,Lucknow Branch,Savings,5d8e91c6-1d01-4d69-b4e4-3ec58f55168f,09-09-2025,13:27:10,92251.31,e4d9a004-f129-44c0-820b-157db5bed16f,Debit,Electronics,12124.36,Digital Wallet,"Lucknow, Uttar Pradesh",ATM,0,Clean,INR,+91917083XXXXXX,Utility bill,pii_email_da295f6e0215
73a13f0a-1f40-43bd-b99c-87940158768c,pii_full_name_655fcdc1bc7a,Male,24,Uttar Pradesh,Lucknow,Lucknow Branch,Savings,fa97d757-8e9e-430e-88f4-cf698b25a32d,15-10-2025,10:44:10,10465.46,519f3909-45b8-4fb2-afb0-48306a6a84a0,Debit,Restaurant,5029.66,ATM,"Lucknow, Uttar Pradesh",ATM,0,Clean,INR,+91917083XXXXXX,EMI payment,pii_email_da295f6e0215
73a13f0a-1f40-43bd-b99c-87940158768c,pii_full_name_655fcdc1bc7a,Male,24,Uttar Pradesh,Lucknow,Lucknow Branch,Savings,7e5c20aa-b8f5-4939-9c68-e0bb2aacd4ab,20-11-2025,03:21:10,12629.39,a288c7b6-02f0-4272-9505-c91361e559de,Bill Payment,Health,21349.49,Self-service Banking Machine,"Lucknow, Uttar Pradesh",POS,0,Clean,INR,+91917083XXXXXX,Grocery delivery,pii_email_da295f6e0215
73a13f0a-1f40-43bd-b99c-87940158768c,pii_full_name_655fcdc1bc7a,Male,24,Uttar Pradesh,Lucknow,Lucknow Branch,Savings,bd675d02-7185-4c35-970f-ca17d7c94d31,17-12-2025,15:39:50,62625.75,00e6d71a-077a-49fd-ae56-cd463202a5dc,Bill Payment,Entertainment,5029.66,POS Mobile Device,"Lucknow, Uttar Pradesh",Mobile,0,Clean,INR,+91917083XXXXXX,EMI payment,pii_email_da295f6e0215
73a13f0a-1f40-43bd-b99c-87940158768c,pii_full_name_655fcdc1bc7a,Male,24,Uttar Pradesh,Lucknow,Lucknow Branch,Savings,91d5bbab-8b4c-4737-a35a-de70be54670e,31-12-2025,13:36:34,24094.32,1c05e5b3-1387-4ca8-928c-44e340923c4e,Bill Payment,Clothing,5029.66,Voice Assistant,"Lucknow, Uttar Pradesh",Desktop,0,Clean,INR,+91917083XXXXXX,Bitcoin transaction,pii_email_da295f6e0215
74748a46-bf64-48c1-b7ce-06ca665f38d9,pii_full_name_d98aab3ece0e,Male,28,Bihar,Patna,Patna Branch,Savings,ff9c30a1-84ef-4d30-b36e-a7dfd6c29c23,08-03-2025,03:29:12,3624.08,65d56f4d-cd00-4c4b-9c4c-1efb7b5fcbfd,Credit,Clothing,91339.47,Branch Counter,"Patna, Bihar",Desktop,0,Clean,INR,+91931949XXXXXX,Debt repayment,pii_email_11fe27dd8c19
74748a46-bf64-48c1-b7ce-06ca665f38d9,pii_full_name_d98aab3ece0e,Male,28,Bihar,Patna,Patna Branch,Savings,3418b114-939a-4409-ab73-8c3e95beec47,21-04-2025,16:00:40,91680.37,c58335c4-9b69-480d-b550-6190780e1579,Debit,Health,90828.4,Voice Assistant,"Patna, Bihar",Desktop,0,Clean,INR,+91931949XXXXXX,Train ticket,pii_email_11fe27dd8c19
74748a46-bf64-48c1-b7ce-06ca665f38d9,pii_full_name_d98aab3ece0e,Male,28,Bihar,Patna,Patna Branch,Savings,43c1d5a5-98f7-45e8-b390-d437d69c4f16,22-04-2025,20:39:15,81552.26,d56fb229-211b-4918-9f56-a36145dfc807,Transfer,Restaurant,99996.44,Self-service Banking Machine,"Patna, Bihar",POS,0,Clean,INR,+91931949XXXXXX,EMI payment,pii_email_11fe27dd8c19
74748a46-bf64-48c1-b7ce-06ca665f38d9,pii_full_name_d98aab3ece0e,Male,28,Bihar,Patna,Patna Branch,Savings,bdd3b04d-f143-4a28-b81b-bee96aca2dd6,29-06-2025,01:56:56,45965.6,dc95b1f1-edd3-4b03-b71e-fcd38d0aa47e,Transfer,Groceries,99996.44,Contactless Card,"Patna, Bihar",ATM,0,Clean,INR,+91931949XXXXXX,Mutual fund investment,pii_email_11fe27dd8c19
74748a46-bf64-48c1-b7ce-06ca665f38d9,pii_full_name_d98aab3ece0e,Male,28,Bihar,Patna,Patna Branch,Savings,a31a3bab-2ffa-4d4a-95d8-473212c281ac,21-07-2025,23:57:57,86794.96,4c22817c-6ac1-41b8-b61d-6f8b85482e26,Debit,Entertainment,90977.07,Mobile Banking App,"Patna, Bihar",Desktop,0,Clean,INR,+91931949XXXXXX,Cash withdrawal,pii_email_11fe27dd8c19
74748a46-bf64-48c1-b7ce-06ca665f38d9,pii_full_name_d98aab3ece0e,Male,28,Bihar,Patna,Patna Branch,Savings,702c89b6-b7df-4171-bd29-e2755064c1d7,06-09-2025,03:02:48,72056.23,a2d67832-fbc9-4ceb-9c36-b49a70776a88,Transfer,Electronics,98034.03,Virtual Card,"Patna, Bihar",POS,0,Clean,INR,+91931949XXXXXX,Cash withdrawal,pii_email_11fe27dd8c19
74748a46-bf64-48c1-b7ce-06ca665f38d9,pii_full_name_d98aab3ece0e,Male,28,Bihar,Patna,Patna Branch,Savings,ce4bade1-2bef-460b-8b02-0fcf4073bce6,14-09-2025,01:18:23,3398.79,0128b3b6-ec84-4948-981a-bec245e49635,Debit,Electronics,99656.56,Magnetic Strip Card,"Patna, Bihar",ATM,0,Clean,INR,+91931949XXXXXX,Gym membership,pii_email_11fe27dd8c19
74748a46-bf64-48c1-b7ce-06ca665f38d9,pii_full_name_d98aab3ece0e,Male,28,Bihar,Patna,Patna Branch,Savings,8022000e-b9db-4a54-ba57-c0df205cd370,26-11-2025,17:42:38,66862.13,97ab9470-9fa8-4a8a-befd-25d73a5c7222,Bill Payment,Restaurant,84653.26,ATM Booth Kiosk,"Patna, Bihar",POS,0,Clean,INR,+91931949XXXXXX,Gas bill,pii_email_11fe27dd8c19
74749ef3-c270-40f6-b651-ae2f9a65e3fd,pii_full_name_39fe0db685e1,Male,70,Andaman and Nicobar Islands,Port Blair,Port Blair Branch,Savings,f9072570-f854-44f6-9c42-19ec16682929,04-02-2025,11:26:00,55769.66,2d3d6f7b-87bb-4d62-9957-7b763a8ad816,Credit,Electronics,74163.95,QR Code Scanner,"Port Blair, Andaman and Nicobar Islands",ATM,0,Clean,INR,+91960072XXXXXX,Insurance premium,pii_email_9d8a8e596377
74749ef3-c270-40f6-b651-ae2f9a65e3fd,pii_full_name_39fe0db685e1,Male,70,Andaman and Nicobar Islands,Port Blair,Port Blair Branch,Savings,db928474-e62f-4807-a5f8-be1be7e483a2,11-02-2025,06:01:16,55226.16,e0bded7d-d4d6-4e94-8fd1-bc2aadbbda87,Credit,Electronics,77317.88,Video Banking,"Port Blair, Andaman and Nicobar Islands",Desktop,0,Clean,INR,+91960072XXXXXX,Flight ticket,pii_email_9d8a8e596377
74749ef3-c270-40f6-b651-ae2f9a65e3fd,pii_full_name_39fe0db685e1,Male,70,Andaman and Nicobar Islands,Port Blair,Port Blair Branch,Savings,5f63e97f-32c6-4a5a-9151-07f161377c6e,22-05-2025,23:04:15,62909.64,a4787d63-fb14-408d-9478-ba10622393a7,Credit,Entertainment,83608.85,Voice Assistant,"Port Blair, Andaman and Nicobar Islands",Mobile,1,Clean,INR,+91960072XXXXXX,Insurance premium,pii_email_9d8a8e596377
74749ef3-c270-40f6-b651-ae2f9a65e3fd,pii_full_name_39fe0db685e1,Male,70,Andaman and Nicobar Islands,Port Blair,Port Blair Branch,Savings,482dd067-30cf-4788-8d3a-1920babdcc19,09-07-2025,09:26:33,9366.12,3d2b4d57-87a3-4c50-bb91-ebe32675b96e,Bill Payment,Clothing,82672.24,Digital Wallet,"Port Blair, Andaman and Nicobar Islands",Mobile,0,Clean,INR,+91960072XXXXXX,Electricity bill,pii_email_9d8a8e596377
74749ef3-c270-40f6-b651-ae2f9a65e3fd,pii_full_name_39fe0db685e1,Male,70,Andaman and Nicobar Islands,Port Blair,Port Blair Branch,Savings,604abf90-ebbf-4d43-a713-4e2137ac9a84,02-08-2025,23:10:10,16218.07,16baa9e3-f802-49ea-b631-e524f8361d51,Credit,Electronics,71795.27,Virtual Card,"Port Blair, Andaman and Nicobar Islands",POS,0,Clean,INR,+91960072XXXXXX,Flight ticket,pii_email_9d8a8e596377
74749ef3-c270-40f6-b651-ae2f9a65e3fd,pii_full_name_39fe0db685e1,Male,70,Andaman and Nicobar Islands,Port Blair,Port Blair Branch,Savings,29b5e6b6-21e0-476b-8e1c-d1b0b9b905ef,08-08-2025,01:48:22,11525.43,66b142f5-e1cc-4845-b232-acfeb69a2afa,Transfer,Entertainment,83824.78,Mobile Banking App,"Port Blair, Andaman and Nicobar Islands",ATM,0,Clean,INR,+91960072XXXXXX,Utility bill,pii_email_9d8a8e596377
74749ef3-c270-40f6-b651-ae2f9a65e3fd,pii_full_name_39fe0db685e1,Male,70,Andaman and Nicobar Islands,Port Blair,Port Blair Branch,Savings,308ee29e-540e-4f1e-a4fb-db0556d6f960,23-09-2025,22:32:38,39904.95,83b3b841-d11b-4e05-8553-3e75d7cfd013,Debit,Health,70173.46,Biometric ATM,"Port Blair, Andaman and Nicobar Islands",Mobile,0,Clean,INR,+91960072XXXXXX,Train ticket,pii_email_9d8a8e596377
7552a9a0-40ea-497b-a898-296efeb8d6e9,pii_full_name_138a483e1751,Male,18,Kerala,Thiruvananthapuram,Thiruvananthapuram Branch,Business,cf4e0372-3476-45f1-9f39-e31fc0602d7d,22-01-2025,08:46:37,55239.67,b585da8d-97c2-49a1-a77e-e138be369bea,Bill Payment,Entertainment,86270.92,Digital Wallet,"Thiruvananthapuram, Kerala",ATM,0,Clean,INR,+91997955XXXXXX,Utility bill,pii_email_d5f175172349
7552a9a0-40ea-497b-a898-296efeb8d6e9,pii_full_name_138a483e1751,Male,18,Kerala,Thiruvananthapuram,Thiruvananthapuram Branch,Business,5b683574-aa5d-409d-8b79-cf53561b11b6,01-03-2025,21:06:46,79043.26,be82e1c9-14f1-4b8b-b855-0a7f6b845678,Withdrawal,Health,81819.79,Internet Banking,"Thiruvananthapuram, Kerala",POS,0,Clean,INR,+91997955XXXXXX,Insurance premium,pii_email_d5f175172349
7552a9a0-40ea-497b-a898-296efeb8d6e9,pii_full_name_138a483e1751,Male,18,Kerala,Thiruvananthapuram,Thiruvananthapuram Branch,Business,b450fec9-dc28-44a0-8fb2-0ea3f7cb615d,16-04-2025,10:34:28,98392.16,da0da928-1e24-4e9a-a668-0f90b3425c6e,Debit,Electronics,72802.6,QR Code Scanner,"Thiruvananthapuram, Kerala",ATM,0,Clean,INR,+91997955XXXXXX,Gym membership,pii_email_d5f175172349
7552a9a0-40ea-497b-a898-296efeb8d6e9,pii_full_name_138a483e1751,Male,18,Kerala,Thiruvananthapuram,Thiruvananthapuram Branch,Business,eaa75078-b28b-4aff-8ff4-59f4d5c08162,13-05-2025,14:45:08,21175.16,33eca0b8-693d-486c-b0fa-8cd0148f50f3,Transfer,Groceries,89724.11,POS Mobile Device,"Thiruvananthapuram, Kerala",ATM,0,Clean,INR,+91997955XXXXXX,Flight ticket,pii_email_d5f175172349
7552a9a0-40ea-497b-a898-296efeb8d6e9,pii_full_name_138a483e1751,Male,18,Kerala,Thiruvananthapuram,Thiruvananthapuram Branch,Business,f4f5820c-cd56-4e6e-a81b-22bf0783ec65,16-05-2025,08:44:16,6092.89,b1c26443-4028-427e-8d7b-c5752dec8f88,Bill Payment,Groceries,82641.82,UPI,"Thiruvananthapuram, Kerala",Desktop,0,Clean,INR,+91997955XXXXXX,Electricity bill,pii_email_d5f175172349
7552a9a0-40ea-497b-a898-296efeb8d6e9,pii_full_name_138a483e1751,Male,18,Kerala,Thiruvananthapuram,Thiruvananthapuram Branch,Business,bfe3e272-faef-4dc9-a858-72ce6933ba3b,04-06-2025,12:22:47,43389.93,ee3dc64b-9c23-4a3e-9864-89c813d7aecf,Bill Payment,Health,81931.93,Branch Counter,"Thiruvananthapuram, Kerala",Mobile,0,Clean,INR,+91997955XXXXXX,Salary credit,pii_email_d5f175172349
7552a9a0-40ea-497b-a898-296efeb8d6e9,pii_full_name_138a483e1751,Male,18,Kerala,Thiruvananthapuram,Thiruvananthapuram Branch,Business,2c94383d-ee59-4912-ab1c-9d0eb25fc4d9,20-10-2025,13:59:10,90231.9,ddd061bc-82cc-456f-967d-54c97f4b1fba,Transfer,Clothing,81825.79,ATM Booth Kiosk,"Thiruvananthapuram, Kerala",POS,0,Clean,INR,+91997955XXXXXX,Food delivery,pii_email_d5f175172349
7552a9a0-40ea-497b-a898-296efeb8d6e9,pii_full_name_138a483e1751,Male,18,Kerala,Thiruvananthapuram,Thiruvananthapuram Branch,Business,9c969b24-dc19-40b0-9c99-e07703a4661a,23-10-2025,10:24:04,13191.78,50d28772-51e4-4e0c-90bd-e50ef5666819,Credit,Restaurant,83251.11,POS Mobile Device,"Thiruvananthapuram, Kerala",POS,1,Clean,INR,+91997955XXXXXX,Taxi fare,pii_email_d5f175172349
7552a9a0-40ea-497b-a898-296efeb8d6e9,pii_full_name_138a483e1751,Male,18,Kerala,Thiruvananthapuram,Thiruvananthapuram Branch,Business,ae07b568-9ec8-4df3-865c-e0ab464fefba,15-11-2025,13:07:01,57808.06,1367b2fe-df08-41e2-8bc8-c461182465df,Transfer,Restaurant,87606.6,Mobile Banking App,"Thiruvananthapuram, Kerala",ATM,0,Clean,INR,+91997955XXXXXX,Salary credit,pii_email_d5f175172349
7552a9a0-40ea-497b-a898-296efeb8d6e9,pii_full_name_138a483e1751,Male,18,Kerala,Thiruvananthapuram,Thiruvananthapuram Branch,Business,feedc8a2-2919-452b-ae3d-cbe922a00715,27-11-2025,00:46:39,35580.04,6c7288db-fc6f-4f5a-9023-12f7f23cbc95,Credit,Restaurant,91794.89,Debit/Credit Card,"Thiruvananthapuram, Kerala",Desktop,1,Clean,INR,+91997955XXXXXX,Gas bill,pii_email_d5f175172349
75575ca0-cab2-4fb8-a81f-2a26951ac17f,pii_full_name_b73a738e3eb1,Female,42,Punjab,Jalandhar,Jalandhar Branch,Business,f62a87b5-d3e3-45c1-8960-902adfee1201,14-02-2025,11:26:58,25908.17,e47ede58-8888-4dd8-9e21-341c3c5b042f,Debit,Clothing,5029.66,UPI,"Jalandhar, Punjab",POS,0,Clean,INR,+91964240XXXXXX,Taxi fare,pii_email_d5e51d900fb1
75575ca0-cab2-4fb8-a81f-2a26951ac17f,pii_full_name_b73a738e3eb1,Female,42,Punjab,Jalandhar,Jalandhar Branch,Business,b5761931-7a08-4cc2-be2b-31a8ea913435,23-02-2025,11:33:49,98668.51,0b1dcb7d-be63-42e3-8317-ed1adc6929fd,Bill Payment,Health,5029.66,Debit/Credit Card,"Jalandhar, Punjab",Desktop,0,Clean,INR,+91964240XXXXXX,Train ticket,pii_email_d5e51d900fb1
75575ca0-cab2-4fb8-a81f-2a26951ac17f,pii_full_name_b73a738e3eb1,Female,42,Punjab,Jalandhar,Jalandhar Branch,Business,7f05be89-22c4-40fe-a416-346294be2881,27-03-2025,07:16:51,74262.92,4984df04-b996-4002-8b86-f8e513e0d406,Withdrawal,Groceries,5248.2,Magnetic Strip Card,"Jalandhar, Punjab",Mobile,0,Clean,INR,+91964240XXXXXX,Jewelry purchase,pii_email_d5e51d900fb1
75575ca0-cab2-4fb8-a81f-2a26951ac17f,pii_full_name_b73a738e3eb1,Female,42,Punjab,Jalandhar,Jalandhar Branch,Business,dd9d08bd-4c96-4376-8eb1-b672b1545bed,06-04-2025,06:17:14,50019.9,a9371011-42a0-40ab-87a7-df90d9fc4be4,Debit,Electronics,5029.66,Voice Assistant,"Jalandhar, Punjab",POS,0,Clean,INR,+91964240XXXXXX,Electricity bill,pii_email_d5e51d900fb1
75575ca0-cab2-4fb8-a81f-2a26951ac17f,pii_full_name_b73a738e3eb1,Female,42,Punjab,Jalandhar,Jalandhar Branch,Business,519a6f47-657c-4eee-97ef-e75fe8c0e566,11-05-2025,05:19:33,97189.25,e30e0cd5-c2ac-4c6c-ba1b-ee94a3b80411,Withdrawal,Groceries,5029.66,Self-service Banking Machine,"Jalandhar, Punjab",Desktop,0,Clean,INR,+91964240XXXXXX,Flight ticket,pii_email_d5e51d900fb1
75575ca0-cab2-4fb8-a81f-2a26951ac17f,pii_full_name_b73a738e3eb1,Female,42,Punjab,Jalandhar,Jalandhar Branch,Business,06c5c3cf-1c10-4fba-ae6e-405b85889551,21-05-2025,10:24:50,24449.81,f5f73c6f-fb2e-41ac-b748-74b8e9e54ef6,Bill Payment,Entertainment,12674.49,QR Code Scanner,"Jalandhar, Punjab",ATM,0,Clean,INR,+91964240XXXXXX,Restaurant dining,pii_email_d5e51d900fb1
75575ca0-cab2-4fb8-a81f-2a26951ac17f,pii_full_name_b73a738e3eb1,Female,42,Punjab,Jalandhar,Jalandhar Branch,Business,fc1c6962-cbbf-411e-8d37-0a9c2d84f16e,09-07-2025,14:33:35,51208.71,859a59d2-9f62-40a6-adeb-091b3c16613f,Transfer,Entertainment,10150.53,Phone Banking,"Jalandhar, Punjab",POS,0,Clean,INR,+91964240XXXXXX,Mutual fund investment,pii_email_d5e51d900fb1
75575ca0-cab2-4fb8-a81f-2a26951ac17f,pii_full_name_b73a738e3eb1,Female,42,Punjab,Jalandhar,Jalandhar Branch,Business,ff68793d-8d77-4035-8d0a-b682e8da6f8e,11-07-2025,07:58:19,3261.38,79bddab4-e169-4812-b4b4-96ec1b39feaa,Bill Payment,Entertainment,6728.72,Virtual Card,"Jalandhar, Punjab",Desktop,0,Clean,INR,+91964240XXXXXX,Bitcoin transaction,pii_email_d5e51d900fb1
75575ca0-cab2-4fb8-a81f-2a26951ac17f,pii_full_name_b73a738e3eb1,Female,42,Punjab,Jalandhar,Jalandhar Branch,Business,2a162d39-984f-4aaa-8af4-78a93021caad,14-11-2025,04:17:15,75913.92,8145f3f2-f38e-41ca-9232-97643b3a26cf,Credit,Entertainment,12621.05,UPI,"Jalandhar, Punjab",ATM,0,Clean,INR,+91964240XXXXXX,Online shopping,pii_email_d5e51d900fb1
75575ca0-cab2-4fb8-a81f-2a26951ac17f,pii_full_name_b73a738e3eb1,Female,42,Punjab,Jalandhar,Jalandhar Branch,Business,3afd8b3d-260e-42c1-9ae4-2a03bebad17f,16-11-2025,18:46:05,11166.05,01151300-0171-4173-b0cc-3f1e45f4a515,Credit,Electronics,11267.14,Biometric ATM,"Jalandhar, Punjab",Desktop,0,Clean,INR,+91964240XXXXXX,Movie tickets,pii_email_d5e51d900fb1
75575ca0-cab2-4fb8-a81f-2a26951ac17f,pii_full_name_b73a738e3eb1,Female,42,Punjab,Jalandhar,Jalandhar Branch,Business,8d9b6eb0-750b-486f-a37f-5a636a0fe899,28-11-2025,20:27:05,55661.96,3321a408-9a54-4d30-81bb-d17892b832f2,Bill Payment,Restaurant,7054.86,Magnetic Strip Card,"Jalandhar, Punjab",POS,0,Clean,INR,+91964240XXXXXX,Train ticket,pii_email_d5e51d900fb1
75575ca0-cab2-4fb8-a81f-2a26951ac17f,pii_full_name_b73a738e3eb1,Female,42,Punjab,Jalandhar,Jalandhar Branch,Business,ffde9d03-9bc9-4758-9379-7adc6d46c005,15-12-2025,08:35:25,20652.89,0ef76f95-a74d-4801-b6ed-d41b383aae88,Transfer,Health,7094.95,Debit/Credit Card,"Jalandhar, Punjab",POS,0,Clean,INR,+91964240XXXXXX,Online shopping,pii_email_d5e51d900fb1
75575ca0-cab2-4fb8-a81f-2a26951ac17f,pii_full_name_b73a738e3eb1,Female,42,Punjab,Jalandhar,Jalandhar Branch,Business,bb7e089c-6373-4d09-b605-9f8cb16969b9,28-12-2025,16:58:28,57731.93,80ad2dcc-655e-4330-ae81-b0fc14fbd8c8,Debit,Entertainment,5029.66,Virtual Card,"Jalandhar, Punjab",ATM,0,Clean,INR,+91964240XXXXXX,Taxi fare,pii_email_d5e51d900fb1
75594479-1fe0-492c-ac56-362bc2dfb658,pii_full_name_23a0a3666b62,Female,62,Andaman and Nicobar Islands,Port Blair,Port Blair Branch,Checking,f048c2ac-3499-457a-9c82-c5c6f1a3ed6e,06-01-2025,15:55:58,55390.95,184001fc-ab4f-45fa-9d94-620cea12c06b,Debit,Clothing,87868.49,POS Mobile Device,"Port Blair, Andaman and Nicobar Islands",ATM,0,Clean,INR,+91933776XXXXXX,Movie tickets,pii_email_f9b4ccca1e7b
75594479-1fe0-492c-ac56-362bc2dfb658,pii_full_name_23a0a3666b62,Female,62,Andaman and Nicobar Islands,Port Blair,Port Blair Branch,Checking,f8867398-3809-4482-9594-995184b68c4f,18-01-2025,02:52:58,57750.2,615b2bc1-5a84-4e23-89f5-a6a1ef42ed72,Transfer,Clothing,96925.36,Magnetic Strip Card,"Port Blair, Andaman and Nicobar Islands",Mobile,0,Clean,INR,+91933776XXXXXX,Online shopping,pii_email_f9b4ccca1e7b
75594479-1fe0-492c-ac56-362bc2dfb658,pii_full_name_23a0a3666b62,Female,62,Andaman and Nicobar Islands,Port Blair,Port Blair Branch,Checking,141a0c2f-7bb6-4f66-9ac8-886b62eeb8b5,04-03-2025,07:59:11,40658.9,5f313178-cfdc-4c4e-8b96-4411faf0b211,Transfer,Health,99996.44,POS Mobile Device,"Port Blair, Andaman and Nicobar Islands",Mobile,0,Clean,INR,+91933776XXXXXX,Bus ticket,pii_email_f9b4ccca1e7b
75594479-1fe0-492c-ac56-362bc2dfb658,pii_full_name_23a0a3666b62,Female,62,Andaman and Nicobar Islands,Port Blair,Port Blair Branch,Checking,1f58e047-1287-4652-b570-6012e9203607,17-03-2025,22:13:32,42685.85,4a68564d-a805-46ab-86ce-3ca0f5fcd463,Credit,Health,99996.44,Chip Card,"Port Blair, Andaman and Nicobar Islands",POS,0,Clean,INR,+91933776XXXXXX,Debt repayment,pii_email_f9b4ccca1e7b
75594479-1fe0-492c-ac56-362bc2dfb658,pii_full_name_23a0a3666b62,Female,62,Andaman and Nicobar Islands,Port Blair,Port Blair Branch,Checking,f81dc59b-3be7-4040-84e8-087d7d1bb404,31-03-2025,15:35:27,5049.35,056b047f-2941-46a0-9d13-18564bdc658a,Withdrawal,Health,99491.5,Contactless Card,"Port Blair, Andaman and Nicobar Islands",Mobile,0,Clean,INR,+91933776XXXXXX,Online shopping,pii_email_f9b4ccca1e7b
75594479-1fe0-492c-ac56-362bc2dfb658,pii_full_name_23a0a3666b62,Female,62,Andaman and Nicobar Islands,Port Blair,Port Blair Branch,Checking,af57b3ab-3d85-42c6-915d-9df84f11bc84,10-04-2025,02:31:57,82522.15,d6afce14-f613-4d11-842e-08ede910dcab,Debit,Entertainment,91225.18,UPI,"Port Blair, Andaman and Nicobar Islands",Mobile,0,Clean,INR,+91933776XXXXXX,Gym membership,pii_email_f9b4ccca1e7b
75594479-1fe0-492c-ac56-362bc2dfb658,pii_full_name_23a0a3666b62,Female,62,Andaman and Nicobar Islands,Port Blair,Port Blair Branch,Checking,56d541cc-0293-4729-8658-0d4dfc5887de,18-04-2025,03:28:22,49561.03,76558c59-8134-416c-9412-27dd77da3f4a,Bill Payment,Health,93407.58,Mobile Banking App,"Port Blair, Andaman and Nicobar Islands",ATM,0,Clean,INR,+91933776XXXXXX,Debt repayment,pii_email_f9b4ccca1e7b
75594479-1fe0-492c-ac56-362bc2dfb658,pii_full_name_23a0a3666b62,Female,62,Andaman and Nicobar Islands,Port Blair,Port Blair Branch,Checking,33374c3f-4864-41d2-b824-670afd965d4c,21-05-2025,10:53:28,34161.17,201bb6db-ce60-4be0-bc0a-283258a4475c,Credit,Health,94064.96,Phone Banking,"Port Blair, Andaman and Nicobar Islands",POS,0,Clean,INR,+91933776XXXXXX,Hotel booking,pii_email_f9b4ccca1e7b
75594479-1fe0-492c-ac56-362bc2dfb658,pii_full_name_23a0a3666b62,Female,62,Andaman and Nicobar Islands,Port Blair,Port Blair Branch,Checking,caa46753-9b77-49e1-8120-084f7c566d63,28-05-2025,05:35:01,40457.06,4e5d41f4-fa95-44b5-9acd-09440a067641,Withdrawal,Restaurant,90648.84,QR Code Scanner,"Port Blair, Andaman and Nicobar Islands",POS,0,Clean,INR,+91933776XXXXXX,Hotel booking,pii_email_f9b4ccca1e7b
75594479-1fe0-492c-ac56-362bc2dfb658,pii_full_name_23a0a3666b62,Female,62,Andaman and Nicobar Islands,Port Blair,Port Blair Branch,Checking,986e0d24-a118-4835-8c59-125b2580ce59,08-06-2025,08:38:44,82804.55,d3254e9b-9480-4dad-9560-18d8a67b5b8c,Transfer,Electronics,90632.65,Magnetic Strip Card,"Port Blair, Andaman and Nicobar Islands",Mobile,0,Clean,INR,+91933776XXXXXX,Mutual fund investment,pii_email_f9b4ccca1e7b
75594479-1fe0-492c-ac56-362bc2dfb658,pii_full_name_23a0a3666b62,Female,62,Andaman and Nicobar Islands,Port Blair,Port Blair Branch,Checking,ec0f01c7-781e-4643-bc95-bf2da1a72ab3,22-06-2025,06:54:16,22947.89,509685c0-3638-4c52-9f21-34db1c6e913e,Debit,Groceries,91150.34,UPI,"Port Blair, Andaman and Nicobar Islands",Mobile,0,Clean,INR,+91933776XXXXXX,Salary credit,pii_email_f9b4ccca1e7b
75594479-1fe0-492c-ac56-362bc2dfb658,pii_full_name_23a0a3666b62,Female,62,Andaman and Nicobar Islands,Port Blair,Port Blair Branch,Checking,d74ad798-f58d-460a-89f6-417e7b423570,29-06-2025,04:28:02,47969.58,9e7921a8-5e2b-40fa-9c20-d0ef85b68f97,Withdrawal,Entertainment,94694.55,POS Mobile App,"Port Blair, Andaman and Nicobar Islands",POS,0,Clean,INR,+91933776XXXXXX,Gas bill,pii_email_f9b4ccca1e7b
75594479-1fe0-492c-ac56-362bc2dfb658,pii_full_name_23a0a3666b62,Female,62,Andaman and Nicobar Islands,Port Blair,Port Blair Branch,Checking,b4d478ee-8b2c-49df-a758-36ca0a2dcfde,02-08-2025,23:05:34,93712.66,80b98150-d091-4a6e-9b67-f3f7e6bc9263,Credit,Clothing,97239.76,Internet Banking,"Port Blair, Andaman and Nicobar Islands",Mobile,0,Clean,INR,+91933776XXXXXX,Mutual fund investment,pii_email_f9b4ccca1e7b
75594479-1fe0-492c-ac56-362bc2dfb658,pii_full_name_23a0a3666b62,Female,62,Andaman and Nicobar Islands,Port Blair,Port Blair Branch,Checking,c3272344-4af4-425c-993c-e40dabafa80d,08-08-2025,15:03:44,21821.39,46bc6120-2669-42b5-9e8a-f1884393162d,Bill Payment,Clothing,82352.2,Virtual Card,"Port Blair, Andaman and Nicobar Islands",POS,0,Clean,INR,+91933776XXXXXX,Electricity bill,pii_email_f9b4ccca1e7b
75594479-1fe0-492c-ac56-362bc2dfb658,pii_full_name_23a0a3666b62,Female,62,Andaman and Nicobar Islands,Port Blair,Port Blair Branch,Checking,3e1e2591-e642-4651-804c-f378c181acfd,18-08-2025,17:49:04,77310.36,dbbcbd01-80b0-4c68-ab47-e4acfeaf8c8b,Credit,Electronics,98363.69,POS Mobile App,"Port Blair, Andaman and Nicobar Islands",Desktop,0,Clean,INR,+91933776XXXXXX,Taxi fare,pii_email_f9b4ccca1e7b
75594479-1fe0-492c-ac56-362bc2dfb658,pii_full_name_23a0a3666b62,Female,62,Andaman and Nicobar Islands,Port Blair,Port Blair Branch,Checking,948a9f4b-7b6a-4195-ae64-8b0b5f65d90a,13-09-2025,22:29:24,15898.96,394afd47-efda-42be-963d-3674e03e7664,Transfer,Electronics,99996.44,Contactless Card,"Port Blair, Andaman and Nicobar Islands",Desktop,0,Clean,INR,+91933776XXXXXX,Online shopping,pii_email_f9b4ccca1e7b
75594479-1fe0-492c-ac56-362bc2dfb658,pii_full_name_23a0a3666b62,Female,62,Andaman and Nicobar Islands,Port Blair,Port Blair Branch,Checking,345d44e1-e3f4-4e22-838b-b19e19e0ebb6,30-09-2025,13:13:12,22206.62,cdf05e4f-460f-4e3d-bcc6-f987dc5732cd,Credit,Electronics,99477.4,Chip Card,"Port Blair, Andaman and Nicobar Islands",Desktop,0,Clean,INR,+91933776XXXXXX,Mobile recharge,pii_email_f9b4ccca1e7b
75594479-1fe0-492c-ac56-362bc2dfb658,pii_full_name_23a0a3666b62,Female,62,Andaman and Nicobar Islands,Port Blair,Port Blair Branch,Checking,6ee73649-dc62-4eec-8a1f-10a04d030271,15-10-2025,03:12:05,66908.46,d4119819-290b-42e0-ad41-68db86e08352,Withdrawal,Restaurant,84534.33,POS Mobile Device,"Port Blair, Andaman and Nicobar Islands",Mobile,0,Clean,INR,+91933776XXXXXX,Jewelry purchase,pii_email_f9b4ccca1e7b
75594479-1fe0-492c-ac56-362bc2dfb658,pii_full_name_23a0a3666b62,Female,62,Andaman and Nicobar Islands,Port Blair,Port Blair Branch,Checking,3084e12d-0446-4849-a69c-3420d6e892d4,10-11-2025,22:40:24,65513.09,b5fb52c0-8617-4b47-b438-cd9ec9b435f1,Bill Payment,Restaurant,93445.13,UPI,"Port Blair, Andaman and Nicobar Islands",POS,0,Clean,INR,+91933776XXXXXX,Bus ticket,pii_email_f9b4ccca1e7b
75594479-1fe0-492c-ac56-362bc2dfb658,pii_full_name_23a0a3666b62,Female,62,Andaman and Nicobar Islands,Port Blair,Port Blair Branch,Checking,e740af2d-d3a3-445c-ba2e-5ef04f8c061a,29-11-2025,03:38:53,53886.5,d2d4dc7e-ec15-4380-ad47-9faa8fd132b3,Credit,Clothing,99996.44,Debit/Credit Card,"Port Blair, Andaman and Nicobar Islands",Mobile,0,Clean,INR,+91933776XXXXXX,Cash withdrawal,pii_email_f9b4ccca1e7b
765c6d08-4d25-4a9f-aa4a-d692621e7816,pii_full_name_2d3d2daa1566,Male,58,Tamil Nadu,Chennai,Chennai Branch,Checking,a2a2a1d3-4ad5-47d8-80ab-7ba8d92854b9,19-06-2025,09:51:10,92407.35,a6af0c91-3e29-4c9f-a393-ef5653590aba,Credit,Groceries,50611.2,Internet Banking,"Chennai, Tamil Nadu",Desktop,0,Clean,INR,+91962853XXXXXX,Jewelry purchase,pii_email_1875e39b9229
765c6d08-4d25-4a9f-aa4a-d692621e7816,pii_full_name_2d3d2daa1566,Male,58,Tamil Nadu,Chennai,Chennai Branch,Checking,22ac6e4b-99ce-4f3e-be42-68dd7d238677,16-07-2025,10:51:42,61419.66,905069c3-8063-4a40-a392-4b0225ba02a5,Withdrawal,Restaurant,44469.24,Voice Assistant,"Chennai, Tamil Nadu",Mobile,0,Clean,INR,+91962853XXXXXX,Utility bill,pii_email_1875e39b9229
765c6d08-4d25-4a9f-aa4a-d692621e7816,pii_full_name_2d3d2daa1566,Male,58,Tamil Nadu,Chennai,Chennai Branch,Checking,6fe5acba-b538-40ab-86ba-8059060db099,07-09-2025,14:54:26,52468.25,0cd1e330-41ce-4f04-bc2c-6a35d84a5ba9,Credit,Clothing,41370.47,ATM Booth Kiosk,"Chennai, Tamil Nadu",POS,0,Clean,INR,+91962853XXXXXX,Cash withdrawal,pii_email_1875e39b9229
765c6d08-4d25-4a9f-aa4a-d692621e7816,pii_full_name_2d3d2daa1566,Male,58,Tamil Nadu,Chennai,Chennai Branch,Checking,818a64b1-0a73-4b8b-a7ee-50a37f6dba94,13-09-2025,10:36:13,15923.78,45aa90d4-1d82-46be-84b3-4402f2edc8da,Bill Payment,Electronics,29183.89,Self-service Banking Machine,"Chennai, Tamil Nadu",POS,0,Clean,INR,+91962853XXXXXX,Mutual fund investment,pii_email_1875e39b9229
765c6d08-4d25-4a9f-aa4a-d692621e7816,pii_full_name_2d3d2daa1566,Male,58,Tamil Nadu,Chennai,Chennai Branch,Checking,f6f58fbe-22b1-456d-bdb9-b9e798f686ee,19-12-2025,04:27:35,69397.52,cae72c08-0a2e-46de-b168-84285c9a9e43,Transfer,Restaurant,36123.65,Phone Banking,"Chennai, Tamil Nadu",POS,0,Clean,INR,+91962853XXXXXX,Taxi fare,pii_email_1875e39b9229
76b7dc88-a3d8-4769-a8cd-2a21ee4fdec9,pii_full_name_d9baea13ecb8,Male,46,Karnataka,Mysore,Mysore Branch,Business,fda2ac4e-e772-477f-a23a-65a6fec392e8,01-01-2025,12:29:04,73539.96,af42bdfd-1b7b-44ce-a11f-a699b2a363f5,Transfer,Groceries,30069.07,Branch Counter,"Mysore, Karnataka",Mobile,0,Clean,INR,+91949811XXXXXX,Movie tickets,pii_email_4092200e00ee
76b7dc88-a3d8-4769-a8cd-2a21ee4fdec9,pii_full_name_d9baea13ecb8,Male,46,Karnataka,Mysore,Mysore Branch,Business,e2abdc94-5c63-4360-8cd0-a814cca34951,10-03-2025,05:03:16,72910.85,dc33a61b-23d4-4d31-a5f1-3f4fa2645801,Debit,Electronics,25663.07,UPI,"Mysore, Karnataka",POS,0,Clean,INR,+91949811XXXXXX,Grocery delivery,pii_email_4092200e00ee
76b7dc88-a3d8-4769-a8cd-2a21ee4fdec9,pii_full_name_d9baea13ecb8,Male,46,Karnataka,Mysore,Mysore Branch,Business,886f6004-b7c1-4170-bbc8-994db20ac81a,30-03-2025,09:55:22,35759.12,45a75c68-8bfe-4466-95d5-9f82876a856c,Withdrawal,Groceries,25330.46,ATM,"Mysore, Karnataka",ATM,0,Clean,INR,+91949811XXXXXX,Online shopping,pii_email_4092200e00ee
76b7dc88-a3d8-4769-a8cd-2a21ee4fdec9,pii_full_name_d9baea13ecb8,Male,46,Karnataka,Mysore,Mysore Branch,Business,bfa6f5a6-6857-414a-a437-40066d1ae9ea,03-04-2025,18:48:59,148546.46,d0422a5e-6d84-4f33-9225-446135692ef8,Transfer,Health,35246.02,Video Banking,"Mysore, Karnataka",POS,1,Money Laundering,INR,+91949811XXXXXX,Pharmacy bill,pii_email_4092200e00ee
76b7dc88-a3d8-4769-a8cd-2a21ee4fdec9,pii_full_name_d9baea13ecb8,Male,46,Karnataka,Mysore,Mysore Branch,Business,f828a6eb-c9bd-43a9-aa39-ea70fe4c05b8,06-04-2025,12:29:25,35192.45,e9398fb1-737a-481f-8e0c-939924e692ba,Withdrawal,Clothing,45842.34,ATM,"Mysore, Karnataka",Mobile,1,Money Laundering,INR,+91949811XXXXXX,Cash withdrawal,pii_email_4092200e00ee
76b7dc88-a3d8-4769-a8cd-2a21ee4fdec9,pii_full_name_d9baea13ecb8,Male,46,Karnataka,Mysore,Mysore Branch,Business,5a9d25bd-da6a-44b8-8b11-ec6811f578e7,07-04-2025,13:53:22,59051.92,97741d28-0753-4457-b749-6c1a158c29ef,Bill Payment,Groceries,15211.76,Chip Card,"Mysore, Karnataka",Desktop,0,Clean,INR,+91949811XXXXXX,Online shopping,pii_email_4092200e00ee
76b7dc88-a3d8-4769-a8cd-2a21ee4fdec9,pii_full_name_d9baea13ecb8,Male,46,Karnataka,Mysore,Mysore Branch,Business,25774512-7381-4b19-a28c-fb245bb944e1,10-04-2025,07:30:10,198711.57,99d22d16-66bd-4c9f-b557-59df9ecdb0e0,Credit,Entertainment,25014.57,Contactless Card,"Mysore, Karnataka",Mobile,1,Money Laundering,INR,+91949811XXXXXX,Gas bill,pii_email_4092200e00ee
76b7dc88-a3d8-4769-a8cd-2a21ee4fdec9,pii_full_name_d9baea13ecb8,Male,46,Karnataka,Mysore,Mysore Branch,Business,37f86d54-618e-4f59-b333-042208c80eca,10-04-2025,20:02:03,90639.33,838253c7-9aff-4ea8-9ad4-8151d8ae90f3,Bill Payment,Electronics,21116.95,Self-service Banking Machine,"Mysore, Karnataka",ATM,0,Clean,INR,+91949811XXXXXX,Gym membership,pii_email_4092200e00ee
76b7dc88-a3d8-4769-a8cd-2a21ee4fdec9,pii_full_name_d9baea13ecb8,Male,46,Karnataka,Mysore,Mysore Branch,Business,a61e5d56-6ce8-451f-86b6-9c08c6aa5b74,13-04-2025,23:04:29,329100.89,fd219796-e88f-4970-9853-344f3853afae,Withdrawal,Entertainment,32953.23,Debit/Credit Card,"Mysore, Karnataka",ATM,1,Money Laundering,INR,+91949811XXXXXX,Hotel booking,pii_email_4092200e00ee
76b7dc88-a3d8-4769-a8cd-2a21ee4fdec9,pii_full_name_d9baea13ecb8,Male,46,Karnataka,Mysore,Mysore Branch,Business,779b82a5-4d7b-4c24-9a42-e47f46c56f01,22-04-2025,17:46:40,25263.58,b92c9a0c-22d4-48cc-9895-cd94076ec4b4,Withdrawal,Entertainment,35242.44,Virtual Card,"Mysore, Karnataka",Desktop,0,Clean,INR,+91949811XXXXXX,Mutual fund investment,pii_email_4092200e00ee
76b7dc88-a3d8-4769-a8cd-2a21ee4fdec9,pii_full_name_d9baea13ecb8,Male,46,Karnataka,Mysore,Mysore Branch,Business,00111adb-c8ac-4f62-b912-9e62942d098e,18-05-2025,05:31:52,3899.21,72fe289f-b6e9-453e-a735-cd45a86853cf,Transfer,Clothing,26052.99,Magnetic Strip Card,"Mysore, Karnataka",ATM,0,Clean,INR,+91949811XXXXXX,Restaurant dining,pii_email_4092200e00ee
76b7dc88-a3d8-4769-a8cd-2a21ee4fdec9,pii_full_name_d9baea13ecb8,Male,46,Karnataka,Mysore,Mysore Branch,Business,2ab9d939-05b2-4cf8-8e8b-3cd12ad92d36,23-05-2025,12:00:53,87327.16,ba520d65-afbb-4473-828f-310008df19f9,Credit,Restaurant,46860.23,UPI,"Mysore, Karnataka",ATM,0,Clean,INR,+91949811XXXXXX,Jewelry purchase,pii_email_4092200e00ee
76b7dc88-a3d8-4769-a8cd-2a21ee4fdec9,pii_full_name_d9baea13ecb8,Male,46,Karnataka,Mysore,Mysore Branch,Business,625a81dc-2011-4eda-8b95-758e2c69f8ed,18-06-2025,06:33:50,33379.23,babdc82d-0c6d-4fd7-8a6e-405e29bc2a4d,Withdrawal,Health,22715.07,QR Code Scanner,"Mysore, Karnataka",Desktop,0,Clean,INR,+91949811XXXXXX,Debt repayment,pii_email_4092200e00ee
76b7dc88-a3d8-4769-a8cd-2a21ee4fdec9,pii_full_name_d9baea13ecb8,Male,46,Karnataka,Mysore,Mysore Branch,Business,da5f27c5-34e3-4118-8b98-471fbd7499a1,10-07-2025,23:09:55,25164.21,da1b558b-57f0-4c17-9443-4ae7dfd7ea6a,Credit,Electronics,38127.52,Digital Wallet,"Mysore, Karnataka",POS,0,Clean,INR,+91949811XXXXXX,Insurance premium,pii_email_4092200e00ee
76b7dc88-a3d8-4769-a8cd-2a21ee4fdec9,pii_full_name_d9baea13ecb8,Male,46,Karnataka,Mysore,Mysore Branch,Business,c1be5166-cfbe-41a7-8963-66067670c8bc,31-07-2025,13:13:25,25073.49,487bb89d-eb77-45d4-a1a1-6a5caa2a12c7,Withdrawal,Clothing,37768.8,Magnetic Strip Card,"Mysore, Karnataka",Desktop,1,Clean,INR,+91949811XXXXXX,Bitcoin transaction,pii_email_4092200e00ee
76b7dc88-a3d8-4769-a8cd-2a21ee4fdec9,pii_full_name_d9baea13ecb8,Male,46,Karnataka,Mysore,Mysore Branch,Business,377b5767-555a-4969-9dd1-fc973d15bfc5,22-08-2025,21:46:32,4024.36,661d3729-63be-4bcd-a260-455b2ead77ae,Withdrawal,Restaurant,30081.31,Magnetic Strip Card,"Mysore, Karnataka",Mobile,0,Clean,INR,+91949811XXXXXX,Jewelry purchase,pii_email_4092200e00ee
76b7dc88-a3d8-4769-a8cd-2a21ee4fdec9,pii_full_name_d9baea13ecb8,Male,46,Karnataka,Mysore,Mysore Branch,Business,846e61bc-acdf-4708-b9f1-b097dbbbf917,31-08-2025,11:05:27,65840.86,f8452b5f-9c9b-499a-b08c-6f56adb8767a,Withdrawal,Clothing,40276.15,Biometric ATM,"Mysore, Karnataka",POS,1,Clean,INR,+91949811XXXXXX,Taxi fare,pii_email_4092200e00ee
76b7dc88-a3d8-4769-a8cd-2a21ee4fdec9,pii_full_name_d9baea13ecb8,Male,46,Karnataka,Mysore,Mysore Branch,Business,f1e9fd3e-73d7-4c58-ac5a-b1c21d14be66,13-09-2025,18:39:01,22882.85,5c091f11-15c1-4e19-a426-11297fe33ccd,Debit,Restaurant,32954.16,Branch Counter,"Mysore, Karnataka",ATM,0,Clean,INR,+91949811XXXXXX,Movie tickets,pii_email_4092200e00ee
76b7dc88-a3d8-4769-a8cd-2a21ee4fdec9,pii_full_name_d9baea13ecb8,Male,46,Karnataka,Mysore,Mysore Branch,Business,34c937fc-718c-458f-b9a8-b1e3b1c44823,20-09-2025,18:06:04,69199.96,c6dd9f0b-b050-4c64-981c-e68bc56d6378,Bill Payment,Entertainment,34020.53,Debit/Credit Card,"Mysore, Karnataka",POS,0,Clean,INR,+91949811XXXXXX,Debt repayment,pii_email_4092200e00ee
76b7dc88-a3d8-4769-a8cd-2a21ee4fdec9,pii_full_name_d9baea13ecb8,Male,46,Karnataka,Mysore,Mysore Branch,Business,689a6ace-b5b6-4ff4-998a-e7c1497c349f,14-10-2025,18:26:59,11626.94,412ea4a3-9c7c-4059-a38d-7f75931bc3c8,Withdrawal,Restaurant,28906.37,Phone Banking,"Mysore, Karnataka",Desktop,0,Clean,INR,+91949811XXXXXX,Bus ticket,pii_email_4092200e00ee
76b7dc88-a3d8-4769-a8cd-2a21ee4fdec9,pii_full_name_d9baea13ecb8,Male,46,Karnataka,Mysore,Mysore Branch,Business,f36ad9da-77dd-4712-b5d2-45429dee6660,17-10-2025,22:24:06,995.72,f9033efd-3c82-4aa8-8236-67c55ed69c11,Credit,Restaurant,30180.89,Self-service Banking Machine,"Mysore, Karnataka",POS,0,Clean,INR,+91949811XXXXXX,Bus ticket,pii_email_4092200e00ee
76b7dc88-a3d8-4769-a8cd-2a21ee4fdec9,pii_full_name_d9baea13ecb8,Male,46,Karnataka,Mysore,Mysore Branch,Business,c65a9e99-13a7-402a-96b1-f766ef60aa8a,03-11-2025,05:26:04,51532.9,190df61e-1390-4a87-88a2-85d19b51c129,Transfer,Entertainment,30483.75,POS Mobile Device,"Mysore, Karnataka",Desktop,0,Clean,INR,+91949811XXXXXX,Gym membership,pii_email_4092200e00ee
76b7dc88-a3d8-4769-a8cd-2a21ee4fdec9,pii_full_name_d9baea13ecb8,Male,46,Karnataka,Mysore,Mysore Branch,Business,2b4952e0-2485-40d0-98f1-7e66d8df3483,26-11-2025,20:54:58,15905.68,bd5e2ad9-c93c-4247-9ebd-3d13d4f7d852,Credit,Health,35611.1,POS Mobile Device,"Mysore, Karnataka",Mobile,0,Clean,INR,+91949811XXXXXX,Hotel booking,pii_email_4092200e00ee
76ca2db6-28a0-41bb-b737-3c722607c6cd,pii_full_name_97222130c245,Male,63,Tamil Nadu,Chennai,Chennai Branch,Checking,8ea00360-82e1-4323-8118-f5d396d83140,10-01-2025,17:34:43,91421.12,f7e99b92-e315-4a39-95af-2470450fe86e,Withdrawal,Health,10238.0,Virtual Card,"Chennai, Tamil Nadu",Desktop,0,Clean,INR,+91989714XXXXXX,Movie tickets,pii_email_b6cdaa07d827
76ca2db6-28a0-41bb-b737-3c722607c6cd,pii_full_name_97222130c245,Male,63,Tamil Nadu,Chennai,Chennai Branch,Checking,c5f51edf-ea4c-4999-b8e0-741ad807d344,01-02-2025,08:13:12,7374.01,b3635ce9-71df-42c4-8718-aed30c005e0c,Bill Payment,Groceries,6192.31,Digital Wallet,"Chennai, Tamil Nadu",POS,0,Clean,INR,+91989714XXXXXX,Online shopping,pii_email_b6cdaa07d827
76ca2db6-28a0-41bb-b737-3c722607c6cd,pii_full_name_97222130c245,Male,63,Tamil Nadu,Chennai,Chennai Branch,Checking,f68ae788-c025-4bef-a62f-0905eb58d02c,03-04-2025,23:37:11,13622.68,98943067-6ad7-44af-9591-2037825b1346,Transfer,Restaurant,7554.58,Virtual Card,"Chennai, Tamil Nadu",POS,0,Clean,INR,+91989714XXXXXX,Grocery delivery,pii_email_b6cdaa07d827
76ca2db6-28a0-41bb-b737-3c722607c6cd,pii_full_name_97222130c245,Male,63,Tamil Nadu,Chennai,Chennai Branch,Checking,edc73eb0-b5d5-404e-a20a-47cc7aaa90be,24-05-2025,21:19:32,4913.8,18813a81-da83-4166-aa60-17ef322ccb14,Bill Payment,Electronics,15114.44,POS Mobile Device,"Chennai, Tamil Nadu",Mobile,0,Clean,INR,+91989714XXXXXX,Food delivery,pii_email_b6cdaa07d827
76ca2db6-28a0-41bb-b737-3c722607c6cd,pii_full_name_97222130c245,Male,63,Tamil Nadu,Chennai,Chennai Branch,Checking,4b3d8e5a-59b1-46fe-9757-d59077173119,02-06-2025,14:22:21,34090.15,3c3b7259-c8a5-4ef4-aa3f-ee06a7e5e5f8,Debit,Electronics,18404.16,Digital Wallet,"Chennai, Tamil Nadu",Desktop,0,Clean,INR,+91989714XXXXXX,Pharmacy bill,pii_email_b6cdaa07d827
76ca2db6-28a0-41bb-b737-3c722607c6cd,pii_full_name_97222130c245,Male,63,Tamil Nadu,Chennai,Chennai Branch,Checking,d3e71b1f-5a93-448e-8338-7d6a1c225112,14-07-2025,17:53:35,83040.27,7281750a-5ae4-49d6-92e5-eaea3e8d6e70,Credit,Clothing,15605.82,Chip Card,"Chennai, Tamil Nadu",Mobile,0,Clean,INR,+91989714XXXXXX,Bitcoin transaction,pii_email_b6cdaa07d827
76ca2db6-28a0-41bb-b737-3c722607c6cd,pii_full_name_97222130c245,Male,63,Tamil Nadu,Chennai,Chennai Branch,Checking,d54b710b-0c48-46e3-98cc-e830c3c3c993,15-07-2025,05:29:52,6905.04,ebeb9569-ad5a-44c9-95a7-a4e28d4aa312,Credit,Entertainment,8245.08,ATM Booth Kiosk,"Chennai, Tamil Nadu",ATM,0,Clean,INR,+91989714XXXXXX,Flight ticket,pii_email_b6cdaa07d827
76ca2db6-28a0-41bb-b737-3c722607c6cd,pii_full_name_97222130c245,Male,63,Tamil Nadu,Chennai,Chennai Branch,Checking,c6b62579-f91b-44a4-a7a4-82c03765e54a,17-07-2025,14:35:55,84016.87,d2b89802-da7f-4751-a01f-084fde769230,Bill Payment,Clothing,6445.83,Mobile Banking App,"Chennai, Tamil Nadu",POS,0,Clean,INR,+91989714XXXXXX,EMI payment,pii_email_b6cdaa07d827
76ca2db6-28a0-41bb-b737-3c722607c6cd,pii_full_name_97222130c245,Male,63,Tamil Nadu,Chennai,Chennai Branch,Checking,ea01f561-32c5-4f93-b460-69f40ad42169,07-08-2025,05:34:09,5116.66,c0c30e00-456a-4bb2-815d-159b0109d85a,Withdrawal,Health,9431.19,QR Code Scanner,"Chennai, Tamil Nadu",Mobile,0,Clean,INR,+91989714XXXXXX,Salary credit,pii_email_b6cdaa07d827
76ca2db6-28a0-41bb-b737-3c722607c6cd,pii_full_name_97222130c245,Male,63,Tamil Nadu,Chennai,Chennai Branch,Checking,aa7403d7-12ba-4b8b-875d-b1fe49ec166f,17-08-2025,23:06:07,116253.71,9dcf31bd-49df-4394-95a9-913dd9cec727,Debit,Entertainment,9942.86,Contactless Card,"Chennai, Tamil Nadu",POS,1,Money Laundering,INR,+91989714XXXXXX,Bitcoin transaction,pii_email_b6cdaa07d827
76ca2db6-28a0-41bb-b737-3c722607c6cd,pii_full_name_97222130c245,Male,63,Tamil Nadu,Chennai,Chennai Branch,Checking,8f177a18-bc23-4f92-b179-2e96d8487c84,19-08-2025,14:16:28,72160.89,072dc6a6-1a5f-4450-b4c8-2204a3523bb2,Credit,Groceries,21813.18,Digital Wallet,"Chennai, Tamil Nadu",ATM,0,Clean,INR,+91989714XXXXXX,Debt repayment,pii_email_b6cdaa07d827
76ca2db6-28a0-41bb-b737-3c722607c6cd,pii_full_name_97222130c245,Male,63,Tamil Nadu,Chennai,Chennai Branch,Checking,43cc37a4-ad96-475d-ab60-e51afff99ee8,02-09-2025,03:03:08,93185.29,d65a4f64-13d2-49bd-a0e2-f9151e847377,Bill Payment,Restaurant,6929.71,Digital Wallet,"Chennai, Tamil Nadu",Desktop,0,Clean,INR,+91989714XXXXXX,Mutual fund investment,pii_email_b6cdaa07d827
76ca2db6-28a0-41bb-b737-3c722607c6cd,pii_full_name_97222130c245,Male,63,Tamil Nadu,Chennai,Chennai Branch,Checking,41a88701-9961-4cff-9de0-a6503c11b266,06-09-2025,06:32:39,60102.45,6cf952c3-a4e7-4268-b236-61309faeba35,Transfer,Groceries,16248.24,ATM,"Chennai, Tamil Nadu",ATM,0,Clean,INR,+91989714XXXXXX,Electricity bill,pii_email_b6cdaa07d827
76ca2db6-28a0-41bb-b737-3c722607c6cd,pii_full_name_97222130c245,Male,63,Tamil Nadu,Chennai,Chennai Branch,Checking,21a7ee0a-45b2-4045-bc04-2ef38ecb44c6,28-09-2025,18:27:39,38122.31,a79fc496-d56e-46a0-a799-48b98a0cbdef,Withdrawal,Electronics,14597.09,UPI,"Chennai, Tamil Nadu",Mobile,0,Clean,INR,+91989714XXXXXX,Bus ticket,pii_email_b6cdaa07d827
76ca2db6-28a0-41bb-b737-3c722607c6cd,pii_full_name_97222130c245,Male,63,Tamil Nadu,Chennai,Chennai Branch,Checking,0bc1cddf-fa01-4beb-a26d-c3af228b19c9,04-10-2025,13:09:21,22721.33,7d4a4557-65cc-4a7c-b69e-8f1d58315503,Credit,Entertainment,7301.79,Contactless Card,"Chennai, Tamil Nadu",ATM,0,Clean,INR,+91989714XXXXXX,EMI payment,pii_email_b6cdaa07d827
76ca2db6-28a0-41bb-b737-3c722607c6cd,pii_full_name_97222130c245,Male,63,Tamil Nadu,Chennai,Chennai Branch,Checking,e6c59a23-9e57-4338-832b-04a6d7732718,05-11-2025,16:19:56,50797.84,f92da607-eac7-4f64-9095-411ee0a4b888,Withdrawal,Groceries,5029.66,Virtual Card,"Chennai, Tamil Nadu",Desktop,0,Clean,INR,+91989714XXXXXX,Gas bill,pii_email_b6cdaa07d827
76ca2db6-28a0-41bb-b737-3c722607c6cd,pii_full_name_97222130c245,Male,63,Tamil Nadu,Chennai,Chennai Branch,Checking,d8b371ab-a994-4302-bb64-79a2fcf42167,15-11-2025,20:05:23,32948.78,792d39af-17fa-49d3-8273-de4e701a601b,Transfer,Clothing,18409.32,Video Banking,"Chennai, Tamil Nadu",ATM,0,Clean,INR,+91989714XXXXXX,Mobile recharge,pii_email_b6cdaa07d827
76ca2db6-28a0-41bb-b737-3c722607c6cd,pii_full_name_97222130c245,Male,63,Tamil Nadu,Chennai,Chennai Branch,Checking,ff05e9a9-97bf-435d-86e9-edb97877468d,22-12-2025,10:22:13,54163.24,d35bea40-3880-4e6b-8f60-f3e2d3c650eb,Credit,Entertainment,14847.52,Biometric ATM,"Chennai, Tamil Nadu",Desktop,0,Clean,INR,+91989714XXXXXX,Bitcoin transaction,pii_email_b6cdaa07d827
775a5671-9224-41b5-89e2-11f644f6cbef,pii_full_name_efd0b636a4b7,Female,30,Uttar Pradesh,Lucknow,Lucknow Branch,Business,656c19c7-5769-4f58-b191-1d62bcfb4473,15-03-2025,16:35:55,4388.67,2d6dad8f-ef92-40f5-b832-558932e1ab68,Withdrawal,Electronics,83718.03,Voice Assistant,"Lucknow, Uttar Pradesh",POS,0,Clean,INR,+91966661XXXXXX,Bitcoin transaction,pii_email_a5588030a5ec
775a5671-9224-41b5-89e2-11f644f6cbef,pii_full_name_efd0b636a4b7,Female,30,Uttar Pradesh,Lucknow,Lucknow Branch,Business,93fff0cd-b1dd-46d9-874d-98bc93199bcd,24-07-2025,21:55:30,7887.78,e02ab4df-9e54-4fc3-b522-973eaa9853d7,Transfer,Electronics,84506.81,Chip Card,"Lucknow, Uttar Pradesh",Mobile,0,Clean,INR,+91966661XXXXXX,Debt repayment,pii_email_a5588030a5ec
775a5671-9224-41b5-89e2-11f644f6cbef,pii_full_name_efd0b636a4b7,Female,30,Uttar Pradesh,Lucknow,Lucknow Branch,Business,18b1f415-a1fd-4bb9-990e-d30aa510ef1a,15-10-2025,01:06:41,42605.91,cf573857-a07a-4729-8262-933e7ba51dec,Debit,Health,80246.22,ATM,"Lucknow, Uttar Pradesh",POS,0,Clean,INR,+91966661XXXXXX,Bitcoin transaction,pii_email_a5588030a5ec
77de0d3d-828a-4633-a727-933c28a7b465,pii_full_name_5a5201c511d2,Female,47,Rajasthan,Jodhpur,Jodhpur Branch,Business,6444b978-4154-4022-90f6-cedaa385f522,26-03-2025,18:02:29,36081.49,7314eb11-8746-4dcf-983d-aac0e8822e7e,Transfer,Clothing,42873.79,ATM,"Jodhpur, Rajasthan",POS,0,Clean,INR,+91981315XXXXXX,Gym membership,pii_email_2d448a9b28e2
77de0d3d-828a-4633-a727-933c28a7b465,pii_full_name_5a5201c511d2,Female,47,Rajasthan,Jodhpur,Jodhpur Branch,Business,4f4e537f-e92b-479c-8a70-56cdaeb1f3d7,10-04-2025,21:15:53,90710.71,3e9a0042-5bb3-4b50-becb-2133c3ce3332,Credit,Electronics,39265.64,Branch Counter,"Jodhpur, Rajasthan",Mobile,0,Clean,INR,+91981315XXXXXX,Movie tickets,pii_email_2d448a9b28e2
77de0d3d-828a-4633-a727-933c28a7b465,pii_full_name_5a5201c511d2,Female,47,Rajasthan,Jodhpur,Jodhpur Branch,Business,1aa61159-d1a5-40f2-a73a-d79c659bf01f,06-06-2025,08:50:04,21697.93,828f5c4a-472e-4b5d-a1fd-6ccc1ebe0236,Bill Payment,Clothing,30194.57,Video Banking,"Jodhpur, Rajasthan",Desktop,0,Clean,INR,+91981315XXXXXX,Gym membership,pii_email_2d448a9b28e2
77de0d3d-828a-4633-a727-933c28a7b465,pii_full_name_5a5201c511d2,Female,47,Rajasthan,Jodhpur,Jodhpur Branch,Business,859a3169-6640-4d56-b6fb-3e3df4f92f53,29-06-2025,03:14:40,21557.05,afdca144-ef89-4996-90ea-ab1617813509,Credit,Health,45029.49,QR Code Scanner,"Jodhpur, Rajasthan",ATM,1,Clean,INR,+91981315XXXXXX,Salary credit,pii_email_2d448a9b28e2
7809defc-4d36-499f-b649-a31862e78a9c,pii_full_name_1f43382a942f,Male,62,Lakshadweep,Kavaratti,Kavaratti Branch,Checking,6d91e298-a337-4b03-85ec-3fbc1955090f,03-02-2025,00:40:40,90832.83,7be00a61-b788-49a2-adbd-44fb7cba33f8,Debit,Entertainment,60344.1,Debit/Credit Card,"Kavaratti, Lakshadweep",Desktop,0,Clean,INR,+91947157XXXXXX,Pharmacy bill,pii_email_cf321ba6bbca
7809defc-4d36-499f-b649-a31862e78a9c,pii_full_name_1f43382a942f,Male,62,Lakshadweep,Kavaratti,Kavaratti Branch,Checking,9b9b8b67-f170-44da-89bd-13cd97768784,14-02-2025,00:22:22,27153.81,10dd833c-94a5-40ba-829c-71b268e081da,Debit,Groceries,77635.14,Chip Card,"Kavaratti, Lakshadweep",Mobile,0,Clean,INR,+91947157XXXXXX,Food delivery,pii_email_cf321ba6bbca
7809defc-4d36-499f-b649-a31862e78a9c,pii_full_name_1f43382a942f,Male,62,Lakshadweep,Kavaratti,Kavaratti Branch,Checking,d27d1180-bc48-44d8-884b-4f76e1e657d4,11-04-2025,15:42:52,38315.33,e1c93506-bcba-4363-9286-13af5455b4fa,Transfer,Restaurant,65429.6,Biometric ATM,"Kavaratti, Lakshadweep",Mobile,0,Clean,INR,+91947157XXXXXX,Electricity bill,pii_email_cf321ba6bbca
7809defc-4d36-499f-b649-a31862e78a9c,pii_full_name_1f43382a942f,Male,62,Lakshadweep,Kavaratti,Kavaratti Branch,Checking,0aea97cd-ef2c-4fbf-a9cc-b8a84530931a,10-05-2025,03:49:06,58861.8,ab20cc5f-4cbb-4264-a128-4ecc26d802b4,Transfer,Electronics,61598.06,ATM,"Kavaratti, Lakshadweep",POS,1,Money Laundering,INR,+91947157XXXXXX,Utility bill,pii_email_cf321ba6bbca
7809defc-4d36-499f-b649-a31862e78a9c,pii_full_name_1f43382a942f,Male,62,Lakshadweep,Kavaratti,Kavaratti Branch,Checking,e83f69e4-8941-4ad4-be0a-0aed3003156f,10-05-2025,23:08:03,110449.27,4cf60785-78d7-4f41-b95b-7fd7a40774c9,Transfer,Groceries,74596.1,UPI,"Kavaratti, Lakshadweep",POS,1,Money Laundering,INR,+91947157XXXXXX,Bus ticket,pii_email_cf321ba6bbca
7809defc-4d36-499f-b649-a31862e78a9c,pii_full_name_1f43382a942f,Male,62,Lakshadweep,Kavaratti,Kavaratti Branch,Checking,6ab9c323-4ff3-43c2-9e1c-1ecaf5fe4fe5,10-07-2025,14:41:50,63640.93,ffe3162c-b45c-44d5-9a1b-23def5fec5ba,Bill Payment,Entertainment,57506.34,Biometric ATM,"Kavaratti, Lakshadweep",Mobile,0,Clean,INR,+91947157XXXXXX,EMI payment,pii_email_cf321ba6bbca
7809defc-4d36-499f-b649-a31862e78a9c,pii_full_name_1f43382a942f,Male,62,Lakshadweep,Kavaratti,Kavaratti Branch,Checking,e1e7290d-e36d-47de-9f7f-c421e898048d,11-07-2025,04:01:54,82077.61,0a3efcb9-75a4-43f0-88d0-af2246575e9e,Bill Payment,Entertainment,69427.38,Self-service Banking Machine,"Kavaratti, Lakshadweep",Mobile,0,Clean,INR,+91947157XXXXXX,Cash withdrawal,pii_email_cf321ba6bbca
7809defc-4d36-499f-b649-a31862e78a9c,pii_full_name_1f43382a942f,Male,62,Lakshadweep,Kavaratti,Kavaratti Branch,Checking,d31d1ad9-fdc0-43c1-b276-f6178d69cef0,21-09-2025,22:11:48,2.68,5ab76dd9-fc19-4de8-b04a-a65c28fbd890,Debit,Unknown Merchant,60341.42,,"Kavaratti, Lakshadweep",ATM,1,CNP Fraud,,,Online service,pii_email_cf321ba6bbca
7809defc-4d36-499f-b649-a31862e78a9c,pii_full_name_1f43382a942f,Male,62,Lakshadweep,Kavaratti,Kavaratti Branch,Checking,10ba955b-9810-4576-a0c9-ee20e0f62d92,21-09-2025,22:12:20,6.73,709e068f-8076-4569-b4fb-1c281a323431,Credit,Electronics,60334.69,,"Kavaratti, Lakshadweep",ATM,1,CNP Fraud,,,Online service,pii_email_cf321ba6bbca
7809defc-4d36-499f-b649-a31862e78a9c,pii_full_name_1f43382a942f,Male,62,Lakshadweep,Kavaratti,Kavaratti Branch,Checking,16cf2fff-d196-44e0-8fda-6d3c68d47f48,21-09-2025,22:13:11,143713.8,9b14bd63-d156-40d9-8bb6-20f1fda7be5a,Credit,Entertainment,0.0,,"Kavaratti, Lakshadweep",ATM,1,CNP Fraud,,,Online service,pii_email_cf321ba6bbca
7809defc-4d36-499f-b649-a31862e78a9c,pii_full_name_1f43382a942f,Male,62,Lakshadweep,Kavaratti,Kavaratti Branch,Checking,52b483cc-d340-43cc-a246-be4efe48d9c3,21-09-2025,22:17:11,143732.46,51266b19-34ff-453f-abdf-03b1ca19fa1a,Credit,Unknown Merchant,0.0,,"Kavaratti, Lakshadweep",ATM,1,CNP Fraud,,,Web purchase,pii_email_cf321ba6bbca
7809defc-4d36-499f-b649-a31862e78a9c,pii_full_name_1f43382a942f,Male,62,Lakshadweep,Kavaratti,Kavaratti Branch,Checking,4b98a914-9cfe-4155-b500-846525a33a44,27-09-2025,19:31:05,35263.3,a3a0816a-a9f8-4fde-902d-edba0640adfc,Transfer,Entertainment,63870.43,Biometric ATM,"Kavaratti, Lakshadweep",Desktop,0,Clean,INR,+91947157XXXXXX,Bitcoin transaction,pii_email_cf321ba6bbca
784f4f10-8029-402d-b47e-9350bfe198f7,pii_full_name_a3725f388693,Female,22,Bihar,Bhagalpur,Bhagalpur Branch,Business,c90dc320-1d1e-4547-bde7-b26c99de6817,27-02-2025,13:01:24,75161.05,4999a3b9-7ce4-41f0-9da6-af4e471fbb33,Withdrawal,Restaurant,24464.93,Self-service Banking Machine,"Bhagalpur, Bihar",ATM,0,Clean,INR,+91976690XXXXXX,Taxi fare,pii_email_957433b05037
784f4f10-8029-402d-b47e-9350bfe198f7,pii_full_name_a3725f388693,Female,22,Bihar,Bhagalpur,Bhagalpur Branch,Business,f95b04af-7d1c-4856-a1be-9723557f25ea,06-03-2025,00:16:58,94822.18,82fa7bd8-12fe-4fba-b0bc-8247c0d0d818,Transfer,Entertainment,26984.69,Contactless Card,"Bhagalpur, Bihar",POS,0,Clean,INR,+91976690XXXXXX,Gas bill,pii_email_957433b05037
784f4f10-8029-402d-b47e-9350bfe198f7,pii_full_name_a3725f388693,Female,22,Bihar,Bhagalpur,Bhagalpur Branch,Business,7e88d59a-47c3-4872-9ba1-9b755c4e6892,16-03-2025,17:33:38,89694.14,4bd894ba-eefe-4a71-89f0-74c5a254e822,Transfer,Clothing,31047.28,Digital Wallet,"Bhagalpur, Bihar",Mobile,0,Clean,INR,+91976690XXXXXX,Restaurant dining,pii_email_957433b05037
784f4f10-8029-402d-b47e-9350bfe198f7,pii_full_name_a3725f388693,Female,22,Bihar,Bhagalpur,Bhagalpur Branch,Business,ea0c32cb-831d-4a02-85c7-f208d437884f,26-07-2025,15:14:56,34750.81,08b2c6a2-bb13-434d-8a3e-444eeb5a5816,Debit,Electronics,22077.86,POS Mobile App,"Bhagalpur, Bihar",Desktop,0,Clean,INR,+91976690XXXXXX,Mutual fund investment,pii_email_957433b05037
784f4f10-8029-402d-b47e-9350bfe198f7,pii_full_name_a3725f388693,Female,22,Bihar,Bhagalpur,Bhagalpur Branch,Business,f9d24379-dd1c-409f-8e1e-e6343db705a8,05-10-2025,19:27:31,71280.98,3d313ebb-cbb1-481d-a31b-8e157f373488,Transfer,Entertainment,0.0,,"Bhagalpur, Bihar",ATM,0,Clean,,,Payment,pii_email_957433b05037
784f4f10-8029-402d-b47e-9350bfe198f7,pii_full_name_a3725f388693,Female,22,Bihar,Bhagalpur,Bhagalpur Branch,Business,35fe6567-64ec-4309-9049-1f43e664e575,12-10-2025,20:30:01,72902.73,4442df42-f2b4-40aa-ab82-89ba42bc39f6,Debit,Digital Services,0.0,,"Bhagalpur, Bihar",ATM,0,Clean,,,Payment,pii_email_957433b05037
784f4f10-8029-402d-b47e-9350bfe198f7,pii_full_name_a3725f388693,Female,22,Bihar,Bhagalpur,Bhagalpur Branch,Business,891a5a3c-fc64-4a07-9d3d-aa5ef7e26eac,15-10-2025,18:31:16,70763.08,7b29d133-6596-4f31-92b6-b5ce11cf2790,Credit,Electronics,0.0,,"Bhagalpur, Bihar",ATM,0,Clean,,,Transfer,pii_email_957433b05037
784f4f10-8029-402d-b47e-9350bfe198f7,pii_full_name_a3725f388693,Female,22,Bihar,Bhagalpur,Bhagalpur Branch,Business,3d154281-8afd-457a-b9d4-eafa17f1ce0b,24-10-2025,21:42:50,94365.29,9223898f-e133-4a84-a4c0-3cf713e01d36,Transfer,Entertainment,0.0,,"Bhagalpur, Bihar",ATM,0,Clean,,,Purchase,pii_email_957433b05037
784f4f10-8029-402d-b47e-9350bfe198f7,pii_full_name_a3725f388693,Female,22,Bihar,Bhagalpur,Bhagalpur Branch,Business,03de4883-a140-4a98-bb12-3408d68e07fa,25-10-2025,20:52:19,94228.78,4a61f777-d9b8-4733-a030-3c5dc403d066,Credit,Digital Services,0.0,,"Bhagalpur, Bihar",ATM,0,Clean,,,Payment service,pii_email_957433b05037
784f4f10-8029-402d-b47e-9350bfe198f7,pii_full_name_a3725f388693,Female,22,Bihar,Bhagalpur,Bhagalpur Branch,Business,acc5e2c6-7128-4650-bd5a-b8e20c582a07,26-10-2025,19:27:10,83375.22,f7d4e863-5a72-4e89-92d0-999ef2caef46,Transfer,Entertainment,0.0,,"Bhagalpur, Bihar",ATM,0,Clean,,,Online order,pii_email_957433b05037
784f4f10-8029-402d-b47e-9350bfe198f7,pii_full_name_a3725f388693,Female,22,Bihar,Bhagalpur,Bhagalpur Branch,Business,bd14a4f5-7717-41e2-b72e-fa7bc509a542,28-10-2025,12:00:23,14317.46,e55e2008-2835-4ba1-ae24-a50187114758,Withdrawal,Electronics,25552.94,Magnetic Strip Card,"Bhagalpur, Bihar",Desktop,0,Clean,INR,+91976690XXXXXX,Movie tickets,pii_email_957433b05037
784f4f10-8029-402d-b47e-9350bfe198f7,pii_full_name_a3725f388693,Female,22,Bihar,Bhagalpur,Bhagalpur Branch,Business,fd3b8c90-fa52-415f-a848-3e05194beb4c,04-11-2025,21:45:27,97759.02,b04d76b8-1610-4245-8a68-a721ea487166,Transfer,Electronics,0.0,,"Bhagalpur, Bihar",ATM,0,Clean,,,Loan repayment,pii_email_957433b05037
784f4f10-8029-402d-b47e-9350bfe198f7,pii_full_name_a3725f388693,Female,22,Bihar,Bhagalpur,Bhagalpur Branch,Business,fcf82a7f-f2ec-47b2-b5db-51b741f40fed,05-11-2025,21:23:42,98572.07,0985daa9-9b19-4a19-bc2b-402ea2132939,Credit,Digital Services,0.0,,"Bhagalpur, Bihar",ATM,0,Clean,,,Online order,pii_email_957433b05037
784f4f10-8029-402d-b47e-9350bfe198f7,pii_full_name_a3725f388693,Female,22,Bihar,Bhagalpur,Bhagalpur Branch,Business,0e28eaf4-3a66-4283-9d56-d98a7806ace6,06-11-2025,21:52:22,84620.62,9c8e5e45-e2fc-4f79-a5e9-96305cc8def8,Credit,Electronics,0.0,,"Bhagalpur, Bihar",ATM,0,Clean,,,Digital payment,pii_email_957433b05037
784f4f10-8029-402d-b47e-9350bfe198f7,pii_full_name_a3725f388693,Female,22,Bihar,Bhagalpur,Bhagalpur Branch,Business,8ff42637-a3ba-415d-a124-a9652f465c3d,07-11-2025,08:37:13,189584.71,d53b1d98-9c4a-4f1c-bc2a-3bae1133bc0d,Transfer,Electronics,-1539573.75,,"Bhagalpur, Bihar",ATM,1,First-Party Fraud,,,Final payment,pii_email_957433b05037
784f4f10-8029-402d-b47e-9350bfe198f7,pii_full_name_a3725f388693,Female,22,Bihar,Bhagalpur,Bhagalpur Branch,Business,10d18fc2-447a-4f69-b32e-fe344c551aeb,07-11-2025,13:50:32,168243.13,1c658249-2a20-4779-874d-c8649309ce10,Transfer,Digital Services,-1133536.31,,"Bhagalpur, Bihar",ATM,1,First-Party Fraud,,,Transfer,pii_email_957433b05037
784f4f10-8029-402d-b47e-9350bfe198f7,pii_full_name_a3725f388693,Female,22,Bihar,Bhagalpur,Bhagalpur Branch,Business,f0fe7a9c-e5dd-4dd1-a485-2532f188342f,07-11-2025,19:31:47,221890.33,1ea216a3-0091-4eeb-a46f-04b549474d39,Transfer,Digital Services,-965293.18,,"Bhagalpur, Bihar",ATM,1,First-Party Fraud,,,Loan repayment,pii_email_957433b05037
784f4f10-8029-402d-b47e-9350bfe198f7,pii_full_name_a3725f388693,Female,22,Bihar,Bhagalpur,Bhagalpur Branch,Business,8eeb61e9-db08-4cf3-888d-852b58c3e038,08-11-2025,13:43:02,216452.73,df35a976-453f-4e5d-bd24-bd7097b62ade,Credit,Digital Services,-1349989.04,,"Bhagalpur, Bihar",ATM,1,First-Party Fraud,,,Transfer,pii_email_957433b05037
784f4f10-8029-402d-b47e-9350bfe198f7,pii_full_name_a3725f388693,Female,22,Bihar,Bhagalpur,Bhagalpur Branch,Business,67af5ef1-9484-4b8a-8a6c-f7ac14a5e4cf,22-11-2025,20:01:57,69624.6,a0631cbe-a58b-4a38-a54e-6d0d56289f33,Debit,Restaurant,17502.47,Debit/Credit Card,"Bhagalpur, Bihar",ATM,0,Clean,INR,+91976690XXXXXX,Electricity bill,pii_email_957433b05037
794d2760-4f63-4374-94a9-f8f4b053d4d4,pii_full_name_22899d8513cb,Female,59,Maharashtra,Pune,Pune Branch,Savings,97bedb36-40c0-4b0b-995b-2d7b99613499,16-01-2025,15:12:41,78567.54,570ae121-633d-41bb-b07b-5c23b3734ab3,Bill Payment,Restaurant,56793.26,UPI,"Pune, Maharashtra",POS,0,Clean,INR,+91939373XXXXXX,Cash withdrawal,pii_email_69be5b57741c
794d2760-4f63-4374-94a9-f8f4b053d4d4,pii_full_name_22899d8513cb,Female,59,Maharashtra,Pune,Pune Branch,Savings,e439d28a-c059-491a-89ca-397a40d3983b,24-01-2025,16:36:12,70570.64,186c8fec-f930-4850-afa7-80d1bf29308e,Bill Payment,Groceries,83210.83,ATM Booth Kiosk,"Pune, Maharashtra",POS,0,Clean,INR,+91939373XXXXXX,Mutual fund investment,pii_email_69be5b57741c
794d2760-4f63-4374-94a9-f8f4b053d4d4,pii_full_name_22899d8513cb,Female,59,Maharashtra,Pune,Pune Branch,Savings,70930f52-f776-4ce1-b98a-20ed0276150d,27-02-2025,08:18:27,27608.61,7c14dd52-29f0-4c39-896d-d2372ec7cb79,Bill Payment,Electronics,49970.29,POS Mobile Device,"Pune, Maharashtra",Mobile,0,Clean,INR,+91939373XXXXXX,Debt repayment,pii_email_69be5b57741c
794d2760-4f63-4374-94a9-f8f4b053d4d4,pii_full_name_22899d8513cb,Female,59,Maharashtra,Pune,Pune Branch,Savings,e47b424d-7d08-4c4c-954b-76dfa4396ae4,08-05-2025,20:22:00,32563.16,68d50b6e-8262-4a7f-ab44-34cba3f85e2d,Withdrawal,Groceries,64650.02,ATM,"Pune, Maharashtra",Mobile,0,Clean,INR,+91939373XXXXXX,Bus ticket,pii_email_69be5b57741c
794d2760-4f63-4374-94a9-f8f4b053d4d4,pii_full_name_22899d8513cb,Female,59,Maharashtra,Pune,Pune Branch,Savings,54e51cbd-208b-4cff-8091-41ba9ad3ddc6,17-05-2025,13:26:08,23056.05,ad959ce0-7cb7-4656-9e06-0de0991803b7,Debit,Electronics,71377.48,Contactless Card,"Pune, Maharashtra",Mobile,0,Clean,INR,+91939373XXXXXX,Pharmacy bill,pii_email_69be5b57741c
794d2760-4f63-4374-94a9-f8f4b053d4d4,pii_full_name_22899d8513cb,Female,59,Maharashtra,Pune,Pune Branch,Savings,4bbe98b1-d175-4816-8ce5-bf69a683e998,25-05-2025,01:25:53,95277.45,874a0a3d-4651-4d7c-852a-d82b1c562d3a,Withdrawal,Clothing,73683.08,Mobile Banking App,"Pune, Maharashtra",POS,0,Clean,INR,+91939373XXXXXX,Bitcoin transaction,pii_email_69be5b57741c
794d2760-4f63-4374-94a9-f8f4b053d4d4,pii_full_name_22899d8513cb,Female,59,Maharashtra,Pune,Pune Branch,Savings,bea4c8c0-7c16-45e9-beb3-7abfb59ac81b,18-06-2025,02:54:15,40621.12,45416870-b851-4342-9675-fbd1738b2471,Bill Payment,Groceries,52731.15,QR Code Scanner,"Pune, Maharashtra",ATM,0,Clean,INR,+91939373XXXXXX,Electricity bill,pii_email_69be5b57741c
794d2760-4f63-4374-94a9-f8f4b053d4d4,pii_full_name_22899d8513cb,Female,59,Maharashtra,Pune,Pune Branch,Savings,b77e32f6-b810-4824-b1ea-e7eae1575ca6,12-08-2025,14:20:02,30482.85,95deed74-d5a0-4ce7-8a38-28f8710313a4,Bill Payment,Health,67906.33,Internet Banking,"Pune, Maharashtra",POS,0,Clean,INR,+91939373XXXXXX,Mobile recharge,pii_email_69be5b57741c
794d2760-4f63-4374-94a9-f8f4b053d4d4,pii_full_name_22899d8513cb,Female,59,Maharashtra,Pune,Pune Branch,Savings,fa87343d-8e09-489a-a38b-b75b29f5decf,31-08-2025,22:05:35,93454.91,21642532-d861-4ad7-b1ac-8c580badf93d,Transfer,Clothing,59315.78,POS Mobile App,"Pune, Maharashtra",ATM,0,Clean,INR,+91939373XXXXXX,Insurance premium,pii_email_69be5b57741c
794d2760-4f63-4374-94a9-f8f4b053d4d4,pii_full_name_22899d8513cb,Female,59,Maharashtra,Pune,Pune Branch,Savings,b3a6ade5-b1eb-4865-8cff-b9602e97d4fa,13-09-2025,17:26:10,36814.17,1945c0cf-3704-4d85-9ae5-a62bb2e29fc6,Bill Payment,Clothing,76271.73,POS Mobile App,"Pune, Maharashtra",POS,0,Clean,INR,+91939373XXXXXX,EMI payment,pii_email_69be5b57741c
794d2760-4f63-4374-94a9-f8f4b053d4d4,pii_full_name_22899d8513cb,Female,59,Maharashtra,Pune,Pune Branch,Savings,4bc44951-9a13-49a6-8b17-58f7608d1fbd,18-10-2025,22:29:33,12523.81,3d470044-847e-473f-8654-fc51c9232bfa,Bill Payment,Electronics,70954.62,Phone Banking,"Pune, Maharashtra",POS,0,Clean,INR,+91939373XXXXXX,Insurance premium,pii_email_69be5b57741c
794d2760-4f63-4374-94a9-f8f4b053d4d4,pii_full_name_22899d8513cb,Female,59,Maharashtra,Pune,Pune Branch,Savings,4f9658a1-55ae-487c-870a-03f372809315,10-12-2025,12:54:20,40647.28,d7c83f7c-0949-4855-a355-90b46b242f1c,Bill Payment,Health,72207.0,Phone Banking,"Pune, Maharashtra",Mobile,0,Clean,INR,+91939373XXXXXX,Insurance premium,pii_email_69be5b57741c
794d2760-4f63-4374-94a9-f8f4b053d4d4,pii_full_name_22899d8513cb,Female,59,Maharashtra,Pune,Pune Branch,Savings,6a97aab2-4d7d-4f55-bc2f-4c00dc4d8c04,24-12-2025,02:49:47,85756.65,bcb74c1c-0a61-4f42-88d8-7dbcb0707c22,Credit,Restaurant,79953.14,Chip Card,"Pune, Maharashtra",POS,0,Clean,INR,+91939373XXXXXX,Mutual fund investment,pii_email_69be5b57741c
7ac8c6d2-a830-4a11-9038-993bbedc2bea,pii_full_name_184923ed5e8c,Male,38,Bihar,Patna,Patna Branch,Savings,2d27de4b-639d-4135-b92b-ec33ba68dac0,02-05-2025,09:46:59,57640.52,91bac8e7-4e77-4d82-bff6-a2cc853cf08d,Transfer,Health,50074.04,Debit/Credit Card,"Patna, Bihar",Mobile,0,Clean,INR,+91918110XXXXXX,Gas bill,pii_email_137bd6660924
7ac8c6d2-a830-4a11-9038-993bbedc2bea,pii_full_name_184923ed5e8c,Male,38,Bihar,Patna,Patna Branch,Savings,70aa7f0c-2347-4f9b-90c1-1b1c9226241c,15-07-2025,11:59:26,50998.36,a7f4b269-8f8f-4a93-a9e1-730e7331ff85,Bill Payment,Electronics,27393.02,Branch Counter,"Patna, Bihar",Mobile,0,Clean,INR,+91918110XXXXXX,Electricity bill,pii_email_137bd6660924
7ac8c6d2-a830-4a11-9038-993bbedc2bea,pii_full_name_184923ed5e8c,Male,38,Bihar,Patna,Patna Branch,Savings,d5588354-da9e-4e6a-9119-cac007dc01c5,01-08-2025,08:05:50,82049.97,ee59b958-67dd-4f7b-a496-eb043c6f6188,Credit,Electronics,45029.23,Biometric ATM,"Patna, Bihar",Desktop,0,Clean,INR,+91918110XXXXXX,Mobile recharge,pii_email_137bd6660924
7ac8c6d2-a830-4a11-9038-993bbedc2bea,pii_full_name_184923ed5e8c,Male,38,Bihar,Patna,Patna Branch,Savings,809b3457-ce91-4b9d-83aa-9d3b80a8c5e2,04-09-2025,07:20:01,52668.68,b6667dd7-0a50-4c76-833b-4727ee223d70,Withdrawal,Health,44309.99,Biometric ATM,"Patna, Bihar",ATM,0,Clean,INR,+91918110XXXXXX,Utility bill,pii_email_137bd6660924
7ac8c6d2-a830-4a11-9038-993bbedc2bea,pii_full_name_184923ed5e8c,Male,38,Bihar,Patna,Patna Branch,Savings,b03e3016-b501-455e-93f7-521616abcf1e,07-11-2025,13:31:54,94312.08,c773b204-b968-4fcc-9c78-30e95b0be1ef,Credit,Health,36824.23,Debit/Credit Card,"Patna, Bihar",Mobile,0,Clean,INR,+91918110XXXXXX,Salary credit,pii_email_137bd6660924
7ac8c6d2-a830-4a11-9038-993bbedc2bea,pii_full_name_184923ed5e8c,Male,38,Bihar,Patna,Patna Branch,Savings,caa0821f-9a9b-4f12-870f-bdd165538db4,09-11-2025,21:08:28,45476.28,d5787cc6-6bb1-46a4-98a4-cfc60599d15b,Credit,Clothing,49576.86,Magnetic Strip Card,"Patna, Bihar",Mobile,0,Clean,INR,+91918110XXXXXX,Gas bill,pii_email_137bd6660924
7b49ce54-7f80-4562-ab04-21c2e7761194,pii_full_name_3a862f339b9e,Male,52,Andaman and Nicobar Islands,Diglipur,Diglipur Branch,Checking,e6f1a424-3d1c-462b-91c6-92f56a7805ff,07-02-2025,08:35:26,56018.37,4d14eb67-f2a3-465b-91c8-d5065fad5a92,Withdrawal,Groceries,25280.48,Chip Card,"Diglipur, Andaman and Nicobar Islands",Desktop,0,Clean,INR,+91920966XXXXXX,EMI payment,pii_email_ebf4133aabfc
7b49ce54-7f80-4562-ab04-21c2e7761194,pii_full_name_3a862f339b9e,Male,52,Andaman and Nicobar Islands,Diglipur,Diglipur Branch,Checking,66e3c4ca-42ba-4d58-bba2-3abd2929ac40,13-04-2025,09:08:58,33541.5,49d76da0-c30c-4363-b77a-f30bf08aacfa,Bill Payment,Entertainment,13428.5,Chip Card,"Diglipur, Andaman and Nicobar Islands",Desktop,0,Clean,INR,+91920966XXXXXX,Grocery delivery,pii_email_ebf4133aabfc
7b49ce54-7f80-4562-ab04-21c2e7761194,pii_full_name_3a862f339b9e,Male,52,Andaman and Nicobar Islands,Diglipur,Diglipur Branch,Checking,18e32dd4-0803-4c93-8244-430bf8675b9a,13-10-2025,04:54:30,40277.09,a6ec7111-cce3-40af-969f-58195958920c,Credit,Clothing,30882.32,Magnetic Strip Card,"Diglipur, Andaman and Nicobar Islands",Mobile,0,Clean,INR,+91920966XXXXXX,Insurance premium,pii_email_ebf4133aabfc
7b49ce54-7f80-4562-ab04-21c2e7761194,pii_full_name_3a862f339b9e,Male,52,Andaman and Nicobar Islands,Diglipur,Diglipur Branch,Checking,bb23c1fa-ae93-4d1d-ac02-a2c8603ff465,03-11-2025,14:07:37,93767.14,016333ff-f80e-4d8a-bfd6-0de3b9afec21,Credit,Restaurant,26854.61,Contactless Card,"Diglipur, Andaman and Nicobar Islands",ATM,0,Clean,INR,+91920966XXXXXX,Movie tickets,pii_email_ebf4133aabfc
7b49ce54-7f80-4562-ab04-21c2e7761194,pii_full_name_3a862f339b9e,Male,52,Andaman and Nicobar Islands,Diglipur,Diglipur Branch,Checking,798bf56f-6c06-47ff-98a2-5ae0cc33d392,16-11-2025,15:06:35,52673.02,9161c4f6-54f4-4531-9cd9-d8e982d1477a,Credit,Restaurant,18695.8,Chip Card,"Diglipur, Andaman and Nicobar Islands",ATM,0,Clean,INR,+91920966XXXXXX,Bitcoin transaction,pii_email_ebf4133aabfc
7b49ce54-7f80-4562-ab04-21c2e7761194,pii_full_name_3a862f339b9e,Male,52,Andaman and Nicobar Islands,Diglipur,Diglipur Branch,Checking,725cd54a-b459-4c50-9e43-4d3c94c4dcb7,31-12-2025,21:27:23,84978.28,5c6198e5-acb8-4212-ad87-901047cabc47,Bill Payment,Entertainment,16782.65,UPI,"Diglipur, Andaman and Nicobar Islands",Mobile,0,Clean,INR,+91920966XXXXXX,Salary credit,pii_email_ebf4133aabfc
7b49ce54-7f80-4562-ab04-21c2e7761194,pii_full_name_3a862f339b9e,Male,52,Andaman and Nicobar Islands,Diglipur,Diglipur Branch,Checking,cacc82f6-41f0-421e-9593-1c1f8e0882d6,20-08-2025,09:09:04,798.46,361c20c4-ba77-4a24-b5c3-3a435df2ed40,Transfer,Health,30040.49,ATM,"Diglipur, Andaman and Nicobar Islands",Desktop,1,Money Laundering,INR,+91920966XXXXXX,Cash withdrawal,pii_email_ebf4133aabfc
7b49ce54-7f80-4562-ab04-21c2e7761194,pii_full_name_3a862f339b9e,Male,52,Andaman and Nicobar Islands,Diglipur,Diglipur Branch,Checking,52cdd8e2-5d76-4c77-85e4-a36b792698d0,20-08-2025,09:09:04,303.84,4c6d78b7-64dc-4163-800c-e4730e37434f,Transfer,Restaurant,14393.5,Branch Counter,"Diglipur, Andaman and Nicobar Islands",Desktop,1,Money Laundering,INR,+91920966XXXXXX,Taxi fare,pii_email_ebf4133aabfc
7b49ce54-7f80-4562-ab04-21c2e7761194,pii_full_name_3a862f339b9e,Male,52,Andaman and Nicobar Islands,Diglipur,Diglipur Branch,Checking,d500d71a-1870-41d3-8c8e-1c61ea7c5776,20-08-2025,09:09:04,397.7,ebdc130f-df4e-47ae-9400-a85d0bdc769f,Bill Payment,Electronics,28450.7,ATM,"Diglipur, Andaman and Nicobar Islands",Mobile,1,Money Laundering,INR,+91920966XXXXXX,Taxi fare,pii_email_ebf4133aabfc
7c2f4ada-8823-482e-a3c1-94a0307f3f0b,pii_full_name_796d8ce4ffca,Male,43,Karnataka,Bangalore,Bangalore Branch,Checking,b4f5ba66-63ab-4cde-8fa1-8520a1971546,01-01-2025,01:14:43,52240.75,4923c4fc-f23e-4ce3-a4ce-b9b27aa2c4e9,Transfer,Restaurant,28566.59,Voice Assistant,"Bangalore, Karnataka",Mobile,0,Clean,INR,+91965680XXXXXX,EMI payment,pii_email_7e7e2bce2755
7c2f4ada-8823-482e-a3c1-94a0307f3f0b,pii_full_name_796d8ce4ffca,Male,43,Karnataka,Bangalore,Bangalore Branch,Checking,4bcd820b-866e-48fa-a9e3-0384bb01bc25,07-01-2025,00:26:15,84051.06,f476fef3-1c86-4024-903a-dd7d9527a858,Credit,Restaurant,36171.82,ATM,"Bangalore, Karnataka",Desktop,0,Clean,INR,+91965680XXXXXX,Gym membership,pii_email_7e7e2bce2755
7c2f4ada-8823-482e-a3c1-94a0307f3f0b,pii_full_name_796d8ce4ffca,Male,43,Karnataka,Bangalore,Bangalore Branch,Checking,f06ba7ef-e2e0-4bc2-8dcf-aa419406108d,11-02-2025,01:00:30,33617.56,9b77621b-a561-4d72-b321-8a7282baeaf7,Withdrawal,Groceries,5029.66,Chip Card,"Bangalore, Karnataka",Mobile,0,Clean,INR,+91965680XXXXXX,EMI payment,pii_email_7e7e2bce2755
7c2f4ada-8823-482e-a3c1-94a0307f3f0b,pii_full_name_796d8ce4ffca,Male,43,Karnataka,Bangalore,Bangalore Branch,Checking,bdb04aae-4ae7-4c65-bac4-37cec11bba46,19-02-2025,03:54:07,68824.25,db132c5a-5cf9-4e12-bcfe-b24c0cbb7a9a,Withdrawal,Groceries,23342.51,Virtual Card,"Bangalore, Karnataka",POS,0,Clean,INR,+91965680XXXXXX,Flight ticket,pii_email_7e7e2bce2755
7c2f4ada-8823-482e-a3c1-94a0307f3f0b,pii_full_name_796d8ce4ffca,Male,43,Karnataka,Bangalore,Bangalore Branch,Checking,8805e598-0303-4dc8-83e7-3bb6275200fb,25-02-2025,22:18:56,7025.68,da51560e-1a08-4c79-8ae9-e2699dcf3d9b,Debit,Health,5029.66,Voice Assistant,"Bangalore, Karnataka",Desktop,0,Clean,INR,+91965680XXXXXX,Debt repayment,pii_email_7e7e2bce2755
7c2f4ada-8823-482e-a3c1-94a0307f3f0b,pii_full_name_796d8ce4ffca,Male,43,Karnataka,Bangalore,Bangalore Branch,Checking,d5de7753-f43c-4852-a611-f2363d64dca2,28-02-2025,06:08:44,69799.08,5bc2fcc0-5f97-4413-9586-251d6c41cf1e,Withdrawal,Entertainment,27766.71,Self-service Banking Machine,"Bangalore, Karnataka",POS,0,Clean,INR,+91965680XXXXXX,Train ticket,pii_email_7e7e2bce2755
7c2f4ada-8823-482e-a3c1-94a0307f3f0b,pii_full_name_796d8ce4ffca,Male,43,Karnataka,Bangalore,Bangalore Branch,Checking,d53a206b-582e-4452-b33e-4f8889e31b5d,02-05-2025,16:42:16,27438.92,97298832-c5de-43de-8bf3-47d1b1146247,Transfer,Groceries,24745.05,Voice Assistant,"Bangalore, Karnataka",ATM,0,Clean,INR,+91965680XXXXXX,Movie tickets,pii_email_7e7e2bce2755
7c2f4ada-8823-482e-a3c1-94a0307f3f0b,pii_full_name_796d8ce4ffca,Male,43,Karnataka,Bangalore,Bangalore Branch,Checking,a1fa32f9-3dd7-4c8c-8d79-291ba31c2f81,12-05-2025,03:17:26,37129.88,421a20e5-6610-4c76-8a51-5716034761fb,Withdrawal,Clothing,18968.31,POS Mobile Device,"Bangalore, Karnataka",POS,0,Clean,INR,+91965680XXXXXX,Taxi fare,pii_email_7e7e2bce2755
7c2f4ada-8823-482e-a3c1-94a0307f3f0b,pii_full_name_796d8ce4ffca,Male,43,Karnataka,Bangalore,Bangalore Branch,Checking,64a88850-86b9-4c42-9dac-77bc86487a61,26-05-2025,09:06:39,27693.71,f2494ce6-c933-42ea-8150-b7ab5c399cbf,Withdrawal,Groceries,5824.37,Video Banking,"Bangalore, Karnataka",Mobile,0,Clean,INR,+91965680XXXXXX,Utility bill,pii_email_7e7e2bce2755
7c2f4ada-8823-482e-a3c1-94a0307f3f0b,pii_full_name_796d8ce4ffca,Male,43,Karnataka,Bangalore,Bangalore Branch,Checking,5280a436-1473-47d9-9c58-e8269b58dc64,14-06-2025,08:58:16,45645.37,3379846f-698c-4a13-b12b-4300e790be4f,Debit,Clothing,31607.28,Self-service Banking Machine,"Bangalore, Karnataka",ATM,0,Clean,INR,+91965680XXXXXX,Flight ticket,pii_email_7e7e2bce2755
7c2f4ada-8823-482e-a3c1-94a0307f3f0b,pii_full_name_796d8ce4ffca,Male,43,Karnataka,Bangalore,Bangalore Branch,Checking,d8c1ca6b-5f05-454d-9c9b-6108105142a2,08-07-2025,09:16:14,76540.62,ce0e30fe-40cd-4c62-ac9c-76ac2e6aa617,Withdrawal,Restaurant,8593.74,POS Mobile Device,"Bangalore, Karnataka",ATM,0,Clean,INR,+91965680XXXXXX,Mutual fund investment,pii_email_7e7e2bce2755
7c2f4ada-8823-482e-a3c1-94a0307f3f0b,pii_full_name_796d8ce4ffca,Male,43,Karnataka,Bangalore,Bangalore Branch,Checking,407a6574-0eaa-4843-aa59-9af1a45c2ac5,29-08-2025,16:23:46,18342.08,8ee4f9cc-c0f5-471e-9208-a9131148f0f8,Bill Payment,Restaurant,7986.65,UPI,"Bangalore, Karnataka",POS,0,Clean,INR,+91965680XXXXXX,Flight ticket,pii_email_7e7e2bce2755
7c2f4ada-8823-482e-a3c1-94a0307f3f0b,pii_full_name_796d8ce4ffca,Male,43,Karnataka,Bangalore,Bangalore Branch,Checking,659adcd9-f242-4ae5-b670-a29fa8633efe,10-09-2025,16:59:23,13823.47,28663354-bd0a-41ff-a53c-96126a662045,Bill Payment,Health,30224.94,Chip Card,"Bangalore, Karnataka",Mobile,0,Clean,INR,+91965680XXXXXX,Taxi fare,pii_email_7e7e2bce2755
7c2f4ada-8823-482e-a3c1-94a0307f3f0b,pii_full_name_796d8ce4ffca,Male,43,Karnataka,Bangalore,Bangalore Branch,Checking,d64a6a00-17d7-4b48-bf9b-a61bfca8c13e,17-10-2025,22:49:41,27205.11,3ad1d7d3-1dfe-4766-81be-d4615351e8f6,Withdrawal,Restaurant,16247.8,Biometric ATM,"Bangalore, Karnataka",Mobile,0,Clean,INR,+91965680XXXXXX,Debt repayment,pii_email_7e7e2bce2755
7c2f4ada-8823-482e-a3c1-94a0307f3f0b,pii_full_name_796d8ce4ffca,Male,43,Karnataka,Bangalore,Bangalore Branch,Checking,d0da77a4-10b2-4994-b6a1-2a4a19e2b7cf,06-11-2025,01:16:36,65654.33,35ba6970-eaa4-45f3-90e3-1ec6f1785b98,Bill Payment,Electronics,22001.15,Self-service Banking Machine,"Bangalore, Karnataka",Mobile,0,Clean,INR,+91965680XXXXXX,Debt repayment,pii_email_7e7e2bce2755
7c2f4ada-8823-482e-a3c1-94a0307f3f0b,pii_full_name_796d8ce4ffca,Male,43,Karnataka,Bangalore,Bangalore Branch,Checking,b927ae45-db91-417f-ad5d-9e2c0aab19d0,21-11-2025,04:19:15,37287.19,f216f133-2bc7-47b2-b7da-7ef74adebace,Bill Payment,Electronics,21016.33,ATM Booth Kiosk,"Bangalore, Karnataka",Desktop,0,Clean,INR,+91965680XXXXXX,Pharmacy bill,pii_email_7e7e2bce2755
7c2f4ada-8823-482e-a3c1-94a0307f3f0b,pii_full_name_796d8ce4ffca,Male,43,Karnataka,Bangalore,Bangalore Branch,Checking,404f9ecf-5d44-4e85-9f8e-b43ad5d3a2d7,30-11-2025,08:58:46,39964.9,735faac3-250e-43e6-8704-e11c309836c8,Credit,Clothing,9820.86,Voice Assistant,"Bangalore, Karnataka",Mobile,0,Clean,INR,+91965680XXXXXX,Jewelry purchase,pii_email_7e7e2bce2755
7c2f4ada-8823-482e-a3c1-94a0307f3f0b,pii_full_name_796d8ce4ffca,Male,43,Karnataka,Bangalore,Bangalore Branch,Checking,8361c648-12b1-4be0-a82e-063db09b7928,08-12-2025,21:21:33,16649.76,5e2329ba-e90b-46c2-a673-f971e3947439,Transfer,Restaurant,22681.3,ATM,"Bangalore, Karnataka",ATM,0,Clean,INR,+91965680XXXXXX,Bitcoin transaction,pii_email_7e7e2bce2755
7fbdc379-a7ae-467d-a6f3-99c3a880f662,pii_full_name_dcc192d3414d,Female,25,Kerala,Thiruvananthapuram,Thiruvananthapuram Branch,Checking,b7d6ffdb-2093-4df0-aa3a-1ae350392ed6,04-02-2025,22:12:25,87385.85,53126dd3-d81e-4d3c-8d91-68fb19f72cf6,Transfer,Electronics,55720.19,Voice Assistant,"Thiruvananthapuram, Kerala",ATM,0,Clean,INR,+91925034XXXXXX,Utility bill,pii_email_5bc7f9f0e2af
7fbdc379-a7ae-467d-a6f3-99c3a880f662,pii_full_name_dcc192d3414d,Female,25,Kerala,Thiruvananthapuram,Thiruvananthapuram Branch,Checking,2d4156ea-0024-42f2-8353-b4fd3e73270e,23-02-2025,20:46:31,31388.43,98da709f-6621-43cd-9a1c-97e3b846e2dc,Debit,Clothing,41529.81,Chip Card,"Thiruvananthapuram, Kerala",POS,0,Clean,INR,+91925034XXXXXX,Movie tickets,pii_email_5bc7f9f0e2af
7fbdc379-a7ae-467d-a6f3-99c3a880f662,pii_full_name_dcc192d3414d,Female,25,Kerala,Thiruvananthapuram,Thiruvananthapuram Branch,Checking,2726e5e3-f09e-4d92-aefa-2edf26ebe5cf,24-02-2025,03:50:59,8356.71,9d4d6d0e-71c7-441f-9a6c-84ef715bee74,Debit,Electronics,51265.35,UPI,"Thiruvananthapuram, Kerala",ATM,0,Clean,INR,+91925034XXXXXX,Salary credit,pii_email_5bc7f9f0e2af
7fbdc379-a7ae-467d-a6f3-99c3a880f662,pii_full_name_dcc192d3414d,Female,25,Kerala,Thiruvananthapuram,Thiruvananthapuram Branch,Checking,6f320a28-c891-4f84-8eaf-7c3afcd798c2,18-05-2025,13:38:35,17884.41,124a171b-e7bb-4178-95d8-9e16f367e187,Debit,Restaurant,48251.68,Virtual Card,"Thiruvananthapuram, Kerala",Desktop,0,Clean,INR,+91925034XXXXXX,Electricity bill,pii_email_5bc7f9f0e2af
7fbdc379-a7ae-467d-a6f3-99c3a880f662,pii_full_name_dcc192d3414d,Female,25,Kerala,Thiruvananthapuram,Thiruvananthapuram Branch,Checking,cc9515ba-f906-45b3-95d8-7244ea7a675c,22-06-2025,00:09:08,13968.01,9f1efbce-cdb5-4c63-9e69-4a98d7497dbe,Debit,Groceries,50040.12,Digital Wallet,"Thiruvananthapuram, Kerala",POS,0,Clean,INR,+91925034XXXXXX,Salary credit,pii_email_5bc7f9f0e2af
7fbdc379-a7ae-467d-a6f3-99c3a880f662,pii_full_name_dcc192d3414d,Female,25,Kerala,Thiruvananthapuram,Thiruvananthapuram Branch,Checking,4ccd5205-cf72-401f-8582-350270495a9d,11-07-2025,01:00:57,1715.68,d6ade726-8c36-4ace-8b9d-96cb7545aa69,Transfer,Restaurant,51436.92,Video Banking,"Thiruvananthapuram, Kerala",POS,0,Clean,INR,+91925034XXXXXX,Electricity bill,pii_email_5bc7f9f0e2af
7fbdc379-a7ae-467d-a6f3-99c3a880f662,pii_full_name_dcc192d3414d,Female,25,Kerala,Thiruvananthapuram,Thiruvananthapuram Branch,Checking,352feb91-f93a-469d-84bc-26b86985dd53,28-07-2025,02:43:45,25930.22,4b1bb8ae-4032-4876-ae1a-3022b73763b1,Debit,Electronics,53127.17,Internet Banking,"Thiruvananthapuram, Kerala",Desktop,0,Clean,INR,+91925034XXXXXX,Bus ticket,pii_email_5bc7f9f0e2af
7fbdc379-a7ae-467d-a6f3-99c3a880f662,pii_full_name_dcc192d3414d,Female,25,Kerala,Thiruvananthapuram,Thiruvananthapuram Branch,Checking,674ca68e-24ac-4eb3-813f-f9a69d025262,01-08-2025,12:09:37,11091.92,098294dd-d84e-48b0-83a5-3945b8317ec3,Bill Payment,Health,52017.97,Branch Counter,"Thiruvananthapuram, Kerala",POS,0,Clean,INR,+91925034XXXXXX,Grocery delivery,pii_email_5bc7f9f0e2af
7fbdc379-a7ae-467d-a6f3-99c3a880f662,pii_full_name_dcc192d3414d,Female,25,Kerala,Thiruvananthapuram,Thiruvananthapuram Branch,Checking,824cf05d-b23e-4bf4-9232-8b79278685c7,10-09-2025,18:11:40,67376.61,da3d8897-f0e2-458c-b7a4-87fe893c5079,Credit,Entertainment,41237.1,QR Code Scanner,"Thiruvananthapuram, Kerala",POS,0,Clean,INR,+91925034XXXXXX,Jewelry purchase,pii_email_5bc7f9f0e2af
7fbdc379-a7ae-467d-a6f3-99c3a880f662,pii_full_name_dcc192d3414d,Female,25,Kerala,Thiruvananthapuram,Thiruvananthapuram Branch,Checking,248ce5e5-1b7a-43a9-88c2-a05d96443d38,11-09-2025,20:23:14,92636.25,2475cf14-a1e8-4f82-b886-c07b0e9bd6a0,Debit,Groceries,46981.6,Chip Card,"Thiruvananthapuram, Kerala",Desktop,0,Clean,INR,+91925034XXXXXX,Restaurant dining,pii_email_5bc7f9f0e2af
7fbdc379-a7ae-467d-a6f3-99c3a880f662,pii_full_name_dcc192d3414d,Female,25,Kerala,Thiruvananthapuram,Thiruvananthapuram Branch,Checking,4e023862-6ab2-4420-b391-997826771c5d,31-10-2025,07:55:16,70303.74,48e51392-1e2e-4c85-b524-e08945297070,Withdrawal,Groceries,34499.43,Voice Assistant,"Thiruvananthapuram, Kerala",POS,0,Clean,INR,+91925034XXXXXX,Pharmacy bill,pii_email_5bc7f9f0e2af
7fbdc379-a7ae-467d-a6f3-99c3a880f662,pii_full_name_dcc192d3414d,Female,25,Kerala,Thiruvananthapuram,Thiruvananthapuram Branch,Checking,aa4a81b7-f016-49a2-8d56-e7980f24035d,16-12-2025,19:17:03,79935.52,b512da78-fd5b-49b3-9553-62fa5aba3281,Transfer,Entertainment,56245.23,Self-service Banking Machine,"Thiruvananthapuram, Kerala",Mobile,0,Clean,INR,+91925034XXXXXX,Taxi fare,pii_email_5bc7f9f0e2af
7fbdc379-a7ae-467d-a6f3-99c3a880f662,pii_full_name_dcc192d3414d,Female,25,Kerala,Thiruvananthapuram,Thiruvananthapuram Branch,Checking,8d22edcb-f776-41ce-9b81-829aed1759f3,25-12-2025,06:32:07,73493.23,4f724839-48f2-49d0-a133-b8e9fc214bc4,Bill Payment,Groceries,44668.65,Phone Banking,"Thiruvananthapuram, Kerala",Desktop,0,Clean,INR,+91925034XXXXXX,Online shopping,pii_email_5bc7f9f0e2af
80f2d8e6-8624-4ac5-b31d-5b254a9391f9,pii_full_name_e9aee9632f47,Female,18,Gujarat,Vadodara,Vadodara Branch,Business,f47b77af-df7f-4ad0-8779-bb5b71b0f558,02-02-2025,23:50:02,46621.03,314ab059-6848-475e-a53a-290792c14efb,Credit,Clothing,10898.76,Biometric ATM,"Vadodara, Gujarat",Mobile,0,Clean,INR,+91956540XXXXXX,Movie tickets,pii_email_e00de233a813
80f2d8e6-8624-4ac5-b31d-5b254a9391f9,pii_full_name_e9aee9632f47,Female,18,Gujarat,Vadodara,Vadodara Branch,Business,a93bde5a-03fe-425e-80d2-25df0a916c17,05-02-2025,21:08:21,90537.8,c9237897-633c-413b-ad2a-6b197528aced,Bill Payment,Clothing,5029.66,UPI,"Vadodara, Gujarat",Mobile,0,Clean,INR,+91956540XXXXXX,Insurance premium,pii_email_e00de233a813
80f2d8e6-8624-4ac5-b31d-5b254a9391f9,pii_full_name_e9aee9632f47,Female,18,Gujarat,Vadodara,Vadodara Branch,Business,d7e3f93d-4123-4030-8a87-49a1ce9224cc,22-05-2025,21:51:26,26759.75,6a3b4012-5b05-40ed-a62a-bc74b6095eff,Transfer,Health,13574.74,Internet Banking,"Vadodara, Gujarat",Mobile,0,Clean,INR,+91956540XXXXXX,Movie tickets,pii_email_e00de233a813
80f2d8e6-8624-4ac5-b31d-5b254a9391f9,pii_full_name_e9aee9632f47,Female,18,Gujarat,Vadodara,Vadodara Branch,Business,9d828b81-1983-45b7-aae1-9674db76738d,28-06-2025,09:30:25,61935.46,44d4d474-7210-44ca-a85e-5153626c3673,Bill Payment,Health,6236.66,Magnetic Strip Card,"Vadodara, Gujarat",Mobile,0,Clean,INR,+91956540XXXXXX,Gas bill,pii_email_e00de233a813
80f2d8e6-8624-4ac5-b31d-5b254a9391f9,pii_full_name_e9aee9632f47,Female,18,Gujarat,Vadodara,Vadodara Branch,Business,34aa6b7b-910b-4bfa-ad11-6587ef2f33ac,03-09-2025,00:51:20,15448.87,3f28418b-7d4d-4c19-bb9f-f17dc2131b91,Withdrawal,Clothing,12029.85,Branch Counter,"Vadodara, Gujarat",Desktop,0,Clean,INR,+91956540XXXXXX,Electricity bill,pii_email_e00de233a813
80f2d8e6-8624-4ac5-b31d-5b254a9391f9,pii_full_name_e9aee9632f47,Female,18,Gujarat,Vadodara,Vadodara Branch,Business,8a6a1d4d-802d-4c38-b577-505255670862,12-09-2025,19:53:02,7159.62,493d8925-189e-4f3b-9501-630077aa2d4f,Withdrawal,Entertainment,12430.21,QR Code Scanner,"Vadodara, Gujarat",ATM,0,Clean,INR,+91956540XXXXXX,Utility bill,pii_email_e00de233a813
80f2d8e6-8624-4ac5-b31d-5b254a9391f9,pii_full_name_e9aee9632f47,Female,18,Gujarat,Vadodara,Vadodara Branch,Business,53a84fe4-971f-4f4d-b8a4-454bcf59f0f0,26-10-2025,11:36:29,17256.54,c8fd5255-e993-4a22-9ed2-dcd5fb5eaadf,Debit,Health,5029.66,Mobile Banking App,"Vadodara, Gujarat",ATM,0,Clean,INR,+91956540XXXXXX,Online shopping,pii_email_e00de233a813
8925b2c7-036d-42e9-9f3e-3c3145074da5,pii_full_name_7a0ee9bceae7,Female,44,Rajasthan,Jaipur,Jaipur Branch,Business,b042e579-2a2f-429f-bae9-e0b15fc1a4ae,07-01-2025,17:45:49,24316.65,5000e846-0573-42dd-bf2d-569755a97c25,Debit,Restaurant,69972.1,Debit/Credit Card,"Jaipur, Rajasthan",Desktop,0,Clean,INR,+91949298XXXXXX,Flight ticket,pii_email_ee12137b9138
8925b2c7-036d-42e9-9f3e-3c3145074da5,pii_full_name_7a0ee9bceae7,Female,44,Rajasthan,Jaipur,Jaipur Branch,Business,9a790c4f-4534-46ca-ba33-e5b7be0d787a,08-01-2025,16:18:43,33500.89,af354a8a-16ad-43ae-8a89-b47191354a9d,Credit,Entertainment,73298.57,QR Code Scanner,"Jaipur, Rajasthan",POS,0,Clean,INR,+91949298XXXXXX,EMI payment,pii_email_ee12137b9138
8925b2c7-036d-42e9-9f3e-3c3145074da5,pii_full_name_7a0ee9bceae7,Female,44,Rajasthan,Jaipur,Jaipur Branch,Business,4747ed38-b163-4690-b911-249ea9049786,16-01-2025,11:10:19,48869.63,7910c3d1-dc39-48d8-bc73-836685c8d175,Transfer,Electronics,80798.6,POS Mobile App,"Jaipur, Rajasthan",Desktop,0,Clean,INR,+91949298XXXXXX,Bitcoin transaction,pii_email_ee12137b9138
8925b2c7-036d-42e9-9f3e-3c3145074da5,pii_full_name_7a0ee9bceae7,Female,44,Rajasthan,Jaipur,Jaipur Branch,Business,b4d4ce80-7615-43c4-8f5e-3d9890e59b97,30-01-2025,06:46:12,8948.11,4a08581e-9deb-49d0-bb61-9b7c1662aaf3,Bill Payment,Restaurant,72403.76,QR Code Scanner,"Jaipur, Rajasthan",POS,1,Clean,INR,+91949298XXXXXX,Gas bill,pii_email_ee12137b9138
8925b2c7-036d-42e9-9f3e-3c3145074da5,pii_full_name_7a0ee9bceae7,Female,44,Rajasthan,Jaipur,Jaipur Branch,Business,d03c9058-7040-4ab6-9ab0-5df2983cf16c,03-02-2025,18:54:58,11389.04,94428a45-2951-4c23-88b4-a553a486aafe,Debit,Restaurant,77475.67,Magnetic Strip Card,"Jaipur, Rajasthan",Desktop,0,Clean,INR,+91949298XXXXXX,Food delivery,pii_email_ee12137b9138
8925b2c7-036d-42e9-9f3e-3c3145074da5,pii_full_name_7a0ee9bceae7,Female,44,Rajasthan,Jaipur,Jaipur Branch,Business,43db6989-7c9e-46ab-a025-aeab3a068334,04-02-2025,16:51:14,12972.85,1f217c85-204d-486c-9c74-5ba963972d76,Withdrawal,Clothing,78614.58,POS Mobile App,"Jaipur, Rajasthan",Desktop,0,Clean,INR,+91949298XXXXXX,Pharmacy bill,pii_email_ee12137b9138
8925b2c7-036d-42e9-9f3e-3c3145074da5,pii_full_name_7a0ee9bceae7,Female,44,Rajasthan,Jaipur,Jaipur Branch,Business,d6d48753-a655-478c-bf3d-93015d1b9d6d,18-02-2025,07:27:45,6767.52,5e834fa0-596f-4dea-b5a6-866809d3dc27,Transfer,Electronics,79911.86,Internet Banking,"Jaipur, Rajasthan",Mobile,0,Clean,INR,+91949298XXXXXX,Jewelry purchase,pii_email_ee12137b9138
8925b2c7-036d-42e9-9f3e-3c3145074da5,pii_full_name_7a0ee9bceae7,Female,44,Rajasthan,Jaipur,Jaipur Branch,Business,d5fcde86-5881-4d21-a693-92bc3e6bcbe4,15-05-2025,08:53:00,34442.94,078ee2cf-96e3-4cee-bf47-c01bb395ab38,Transfer,Restaurant,79235.11,Phone Banking,"Jaipur, Rajasthan",ATM,1,Clean,INR,+91949298XXXXXX,EMI payment,pii_email_ee12137b9138
8925b2c7-036d-42e9-9f3e-3c3145074da5,pii_full_name_7a0ee9bceae7,Female,44,Rajasthan,Jaipur,Jaipur Branch,Business,9183c2bd-69db-431b-acbd-03fc8245d406,25-05-2025,17:25:07,15640.33,0793f671-bb39-4cb4-91d4-339ca8182a94,Bill Payment,Clothing,75911.64,Internet Banking,"Jaipur, Rajasthan",Desktop,0,Clean,INR,+91949298XXXXXX,Jewelry purchase,pii_email_ee12137b9138
8925b2c7-036d-42e9-9f3e-3c3145074da5,pii_full_name_7a0ee9bceae7,Female,44,Rajasthan,Jaipur,Jaipur Branch,Business,5d90224d-705e-4454-afc6-702af792ca81,26-07-2025,19:21:50,58187.15,532b3ca0-c952-40d9-88d5-7f476b482f78,Credit,Entertainment,75790.81,QR Code Scanner,"Jaipur, Rajasthan",ATM,0,Clean,INR,+91949298XXXXXX,Pharmacy bill,pii_email_ee12137b9138
8925b2c7-036d-42e9-9f3e-3c3145074da5,pii_full_name_7a0ee9bceae7,Female,44,Rajasthan,Jaipur,Jaipur Branch,Business,ff4d2fbe-f94d-48c6-a210-2ccc4ba20d1f,02-09-2025,16:55:38,32547.72,701b9f99-fcde-4d90-b149-5aa13cca0944,Debit,Restaurant,69948.49,Virtual Card,"Jaipur, Rajasthan",Mobile,1,Clean,INR,+91949298XXXXXX,Debt repayment,pii_email_ee12137b9138
8925b2c7-036d-42e9-9f3e-3c3145074da5,pii_full_name_7a0ee9bceae7,Female,44,Rajasthan,Jaipur,Jaipur Branch,Business,3fdde538-5c15-48a0-9bfa-3bf06f973f5c,04-09-2025,09:17:03,75083.56,d6f1be7d-e5c1-4348-a360-2325baf71daa,Credit,Health,96219.06,ATM,"Jaipur, Rajasthan",ATM,0,Clean,INR,+91949298XXXXXX,EMI payment,pii_email_ee12137b9138
8925b2c7-036d-42e9-9f3e-3c3145074da5,pii_full_name_7a0ee9bceae7,Female,44,Rajasthan,Jaipur,Jaipur Branch,Business,49076be5-432d-4c5d-a1a8-8a857c930e24,17-09-2025,14:50:26,79121.03,3627d151-bbc2-44be-a867-b8d4171fc429,Transfer,Restaurant,88710.7,Chip Card,"Jaipur, Rajasthan",Desktop,0,Clean,INR,+91949298XXXXXX,Jewelry purchase,pii_email_ee12137b9138
8a38858c-3761-41be-ae58-a4ffb3be5fb3,pii_full_name_ec7c828fab2d,Male,30,Uttar Pradesh,Kanpur,Kanpur Branch,Business,c3e7600c-c8bb-44b9-b0c3-a8a2b9ffba73,25-01-2025,14:03:44,54413.9,ece1c44b-c7d3-44c5-8dcb-f9093059385c,Debit,Electronics,94555.05,Contactless Card,"Kanpur, Uttar Pradesh",Mobile,0,Clean,INR,+91977435XXXXXX,Flight ticket,pii_email_dc08efbd8db4
8a38858c-3761-41be-ae58-a4ffb3be5fb3,pii_full_name_ec7c828fab2d,Male,30,Uttar Pradesh,Kanpur,Kanpur Branch,Business,c7e9db7c-feaa-4e4a-9bb9-85290e151f4c,27-09-2025,00:45:15,75712.19,78a79847-707b-4957-aa86-4ddc6a47a562,Transfer,Electronics,99996.44,QR Code Scanner,"Kanpur, Uttar Pradesh",Mobile,0,Clean,INR,+91977435XXXXXX,Bus ticket,pii_email_dc08efbd8db4
8a38858c-3761-41be-ae58-a4ffb3be5fb3,pii_full_name_ec7c828fab2d,Male,30,Uttar Pradesh,Kanpur,Kanpur Branch,Business,6ac7167e-d5cb-41b7-a2e5-73caeb1695c8,12-11-2025,05:31:28,1797.3,a132f15a-068b-44a6-b9f2-ccb28d5b0fea,Bill Payment,Electronics,94375.32,POS Mobile App,"Kanpur, Uttar Pradesh",Mobile,0,Clean,INR,+91977435XXXXXX,Hotel booking,pii_email_dc08efbd8db4
8be96ad6-32c6-46d7-a95f-9342cfc5a165,pii_full_name_e857a97b2da3,Male,49,Madhya Pradesh,Gwalior,Gwalior Branch,Business,ad2580fb-ef42-455d-bf59-3c01a43de523,09-01-2025,20:08:58,14580.28,8ac7d257-7dbf-4ef0-898b-a6ebce7ec335,Debit,Groceries,44473.09,UPI,"Gwalior, Madhya Pradesh",Desktop,0,Clean,INR,+91995999XXXXXX,Jewelry purchase,pii_email_e54ae1dcad0e
8be96ad6-32c6-46d7-a95f-9342cfc5a165,pii_full_name_e857a97b2da3,Male,49,Madhya Pradesh,Gwalior,Gwalior Branch,Business,fecb7b25-93ce-4731-b535-09124dad4584,01-02-2025,12:08:29,70490.47,539d3a74-8351-4eb4-8212-5b89c319df95,Debit,Groceries,38087.87,Self-service Banking Machine,"Gwalior, Madhya Pradesh",Mobile,0,Clean,INR,+91995999XXXXXX,Food delivery,pii_email_e54ae1dcad0e
8be96ad6-32c6-46d7-a95f-9342cfc5a165,pii_full_name_e857a97b2da3,Male,49,Madhya Pradesh,Gwalior,Gwalior Branch,Business,e18b1f8f-e6f5-482e-ac68-c015fc8ea9e1,12-02-2025,03:55:13,3219.44,5e4ccad3-8eab-45dd-a447-f64fff29db61,Transfer,Health,31719.08,Debit/Credit Card,"Gwalior, Madhya Pradesh",Desktop,1,Clean,INR,+91995999XXXXXX,Mobile recharge,pii_email_e54ae1dcad0e
8be96ad6-32c6-46d7-a95f-9342cfc5a165,pii_full_name_e857a97b2da3,Male,49,Madhya Pradesh,Gwalior,Gwalior Branch,Business,7299430f-f7d5-4dfa-bb95-5b4e3f74f2ae,19-02-2025,19:40:35,64067.94,5b60d7ef-8ff9-46c6-8929-82bc4704c4d7,Transfer,Restaurant,45136.92,Branch Counter,"Gwalior, Madhya Pradesh",POS,0,Clean,INR,+91995999XXXXXX,Insurance premium,pii_email_e54ae1dcad0e
8be96ad6-32c6-46d7-a95f-9342cfc5a165,pii_full_name_e857a97b2da3,Male,49,Madhya Pradesh,Gwalior,Gwalior Branch,Business,a7595b4c-7f9c-41a1-b756-3aa9fcc2853a,04-03-2025,11:36:05,42446.5,060a1e04-50c0-46f1-90c5-025e15fb5841,Withdrawal,Electronics,59036.14,Self-service Banking Machine,"Gwalior, Madhya Pradesh",ATM,0,Clean,INR,+91995999XXXXXX,Jewelry purchase,pii_email_e54ae1dcad0e
8be96ad6-32c6-46d7-a95f-9342cfc5a165,pii_full_name_e857a97b2da3,Male,49,Madhya Pradesh,Gwalior,Gwalior Branch,Business,58c9b546-2f6e-4373-ab64-e6a16a9f2416,31-03-2025,03:41:35,64219.74,1b86c9d3-4133-4f16-8220-0793255333ce,Withdrawal,Groceries,25297.11,Chip Card,"Gwalior, Madhya Pradesh",Mobile,0,Clean,INR,+91995999XXXXXX,Hotel booking,pii_email_e54ae1dcad0e
8be96ad6-32c6-46d7-a95f-9342cfc5a165,pii_full_name_e857a97b2da3,Male,49,Madhya Pradesh,Gwalior,Gwalior Branch,Business,43963dc8-3653-48b6-9124-0457fdf22d47,14-05-2025,20:19:38,17897.23,20d9c207-6854-4912-b223-1e82629cfa99,Withdrawal,Health,42683.36,Phone Banking,"Gwalior, Madhya Pradesh",POS,0,Clean,INR,+91995999XXXXXX,Restaurant dining,pii_email_e54ae1dcad0e
8be96ad6-32c6-46d7-a95f-9342cfc5a165,pii_full_name_e857a97b2da3,Male,49,Madhya Pradesh,Gwalior,Gwalior Branch,Business,3c335c36-bbc2-47ef-bd87-bdd2600386bc,14-06-2025,17:03:01,48708.18,5402ce60-1f40-47b4-b9e4-9ec57fff79db,Withdrawal,Health,45931.11,Internet Banking,"Gwalior, Madhya Pradesh",Mobile,0,Clean,INR,+91995999XXXXXX,Bitcoin transaction,pii_email_e54ae1dcad0e
8be96ad6-32c6-46d7-a95f-9342cfc5a165,pii_full_name_e857a97b2da3,Male,49,Madhya Pradesh,Gwalior,Gwalior Branch,Business,9edfd979-277d-4f3d-b380-f6f9cf380096,20-07-2025,23:03:49,66907.35,44a19cbd-99eb-459c-87d4-6163453cbb7e,Bill Payment,Clothing,31397.14,Internet Banking,"Gwalior, Madhya Pradesh",ATM,0,Clean,INR,+91995999XXXXXX,Insurance premium,pii_email_e54ae1dcad0e
8be96ad6-32c6-46d7-a95f-9342cfc5a165,pii_full_name_e857a97b2da3,Male,49,Madhya Pradesh,Gwalior,Gwalior Branch,Business,a7810b70-eaf9-4c8d-b796-b742450f696d,23-07-2025,11:30:24,82342.1,4c253224-e97a-40b7-a10a-6d2f68b896da,Withdrawal,Health,50801.93,QR Code Scanner,"Gwalior, Madhya Pradesh",ATM,0,Clean,INR,+91995999XXXXXX,Pharmacy bill,pii_email_e54ae1dcad0e
8be96ad6-32c6-46d7-a95f-9342cfc5a165,pii_full_name_e857a97b2da3,Male,49,Madhya Pradesh,Gwalior,Gwalior Branch,Business,91213f20-31df-46d4-9904-0360e14fb0ae,18-09-2025,07:45:04,95634.12,f3b554d7-793b-4e61-a23f-353618c59e99,Debit,Health,63280.79,POS Mobile Device,"Gwalior, Madhya Pradesh",POS,0,Clean,INR,+91995999XXXXXX,Mobile recharge,pii_email_e54ae1dcad0e
8be96ad6-32c6-46d7-a95f-9342cfc5a165,pii_full_name_e857a97b2da3,Male,49,Madhya Pradesh,Gwalior,Gwalior Branch,Business,9174fa70-656d-49e2-b832-080d12b676a0,23-10-2025,13:38:59,39532.4,ecf77a93-32b1-4dc6-95a0-e76fc5111598,Bill Payment,Electronics,38730.12,Branch Counter,"Gwalior, Madhya Pradesh",Mobile,1,Clean,INR,+91995999XXXXXX,Insurance premium,pii_email_e54ae1dcad0e
8c1f5709-6a2a-4b79-ba2e-bc45568d4032,pii_full_name_98e503e01882,Male,49,Tamil Nadu,Chennai,Chennai Branch,Checking,e962c2d4-5bcb-4e2d-9678-c6c46e053734,25-01-2025,17:12:42,54928.58,cb5533fe-056e-4057-b6ff-0987f3a5777d,Transfer,Restaurant,56643.9,Phone Banking,"Chennai, Tamil Nadu",ATM,0,Clean,INR,+91949353XXXXXX,Electricity bill,pii_email_cb29be794480
8c1f5709-6a2a-4b79-ba2e-bc45568d4032,pii_full_name_98e503e01882,Male,49,Tamil Nadu,Chennai,Chennai Branch,Checking,0b1646ed-0d2b-44a0-a79e-c75b2a331bce,14-02-2025,07:22:15,56045.19,bb27006f-3641-416f-ba6e-e823dc5ec6ff,Debit,Entertainment,64233.35,Debit/Credit Card,"Chennai, Tamil Nadu",Desktop,0,Clean,INR,+91949353XXXXXX,Cash withdrawal,pii_email_cb29be794480
8c1f5709-6a2a-4b79-ba2e-bc45568d4032,pii_full_name_98e503e01882,Male,49,Tamil Nadu,Chennai,Chennai Branch,Checking,08976932-d774-4492-bd4f-b40b91d0c7a6,21-04-2025,05:12:28,47861.06,8194e257-cd43-4774-bc68-b973730b2cc2,Credit,Clothing,69837.87,POS Mobile Device,"Chennai, Tamil Nadu",POS,0,Clean,INR,+91949353XXXXXX,Hotel booking,pii_email_cb29be794480
8c1f5709-6a2a-4b79-ba2e-bc45568d4032,pii_full_name_98e503e01882,Male,49,Tamil Nadu,Chennai,Chennai Branch,Checking,268392ca-f7e2-4c58-b1b9-12efc8e78473,21-04-2025,08:39:31,2422.28,b415bd03-1c66-4375-a7a6-c885175efeec,Credit,Restaurant,56886.13,Self-service Banking Machine,"Chennai, Tamil Nadu",POS,0,Clean,INR,+91949353XXXXXX,Jewelry purchase,pii_email_cb29be794480
8c1f5709-6a2a-4b79-ba2e-bc45568d4032,pii_full_name_98e503e01882,Male,49,Tamil Nadu,Chennai,Chennai Branch,Checking,9c236d58-7be3-4bd8-b84b-ac811bcc8359,07-06-2025,12:42:17,56992.48,e53a6b69-e25f-4bf1-b515-4f5ec717edec,Transfer,Electronics,73563.44,QR Code Scanner,"Chennai, Tamil Nadu",ATM,0,Clean,INR,+91949353XXXXXX,Mobile recharge,pii_email_cb29be794480
8c1f5709-6a2a-4b79-ba2e-bc45568d4032,pii_full_name_98e503e01882,Male,49,Tamil Nadu,Chennai,Chennai Branch,Checking,a6a9ea8d-c152-4262-aa1a-b24629b9c23e,21-06-2025,21:17:02,18773.76,6b99bb74-4328-4555-bf84-1f44c18723b1,Bill Payment,Clothing,61117.87,Digital Wallet,"Chennai, Tamil Nadu",Desktop,0,Clean,INR,+91949353XXXXXX,Utility bill,pii_email_cb29be794480
8c1f5709-6a2a-4b79-ba2e-bc45568d4032,pii_full_name_98e503e01882,Male,49,Tamil Nadu,Chennai,Chennai Branch,Checking,637f0e64-736f-43b3-9f51-b11d43440c50,29-07-2025,03:48:33,79172.22,5eb00d71-9ef7-4c68-8520-f1e90ae9c3a9,Bill Payment,Clothing,53200.65,Magnetic Strip Card,"Chennai, Tamil Nadu",ATM,0,Clean,INR,+91949353XXXXXX,EMI payment,pii_email_cb29be794480
8c1f5709-6a2a-4b79-ba2e-bc45568d4032,pii_full_name_98e503e01882,Male,49,Tamil Nadu,Chennai,Chennai Branch,Checking,cf6bc769-a427-49f4-b6f3-910b93b5058c,02-08-2025,20:25:39,12668.27,21a51f1c-7288-43c6-9bbf-03af04964d46,Credit,Health,67864.19,UPI,"Chennai, Tamil Nadu",Mobile,0,Clean,INR,+91949353XXXXXX,Utility bill,pii_email_cb29be794480
8c1f5709-6a2a-4b79-ba2e-bc45568d4032,pii_full_name_98e503e01882,Male,49,Tamil Nadu,Chennai,Chennai Branch,Checking,c87b0558-1fad-4096-a6a1-30584c886988,08-08-2025,00:18:27,79605.77,30595d0d-f86f-4aa9-8085-3e804d5b1c0c,Debit,Restaurant,56733.71,ATM Booth Kiosk,"Chennai, Tamil Nadu",ATM,0,Clean,INR,+91949353XXXXXX,Mutual fund investment,pii_email_cb29be794480
8c1f5709-6a2a-4b79-ba2e-bc45568d4032,pii_full_name_98e503e01882,Male,49,Tamil Nadu,Chennai,Chennai Branch,Checking,6b5514b2-f6b4-43d0-8282-36fc80b7b750,12-08-2025,18:54:48,56598.15,82e1f65b-9b9c-4c09-8e3f-c53ff5d040d9,Transfer,Restaurant,58860.46,Internet Banking,"Chennai, Tamil Nadu",ATM,0,Clean,INR,+91949353XXXXXX,Bus ticket,pii_email_cb29be794480
8c1f5709-6a2a-4b79-ba2e-bc45568d4032,pii_full_name_98e503e01882,Male,49,Tamil Nadu,Chennai,Chennai Branch,Checking,56a10166-c7a8-4037-8088-f9f8a608043c,14-08-2025,08:21:23,51977.23,9996e997-9784-4bf7-87bf-1304a5a4c188,Bill Payment,Health,59035.63,Virtual Card,"Chennai, Tamil Nadu",ATM,0,Clean,INR,+91949353XXXXXX,Electricity bill,pii_email_cb29be794480
8c1f5709-6a2a-4b79-ba2e-bc45568d4032,pii_full_name_98e503e01882,Male,49,Tamil Nadu,Chennai,Chennai Branch,Checking,61d68b22-f861-47af-98fa-71d154c5f993,26-08-2025,13:53:44,22273.38,1e8332a8-e10c-4888-baea-1dccbc680661,Credit,Electronics,64694.29,Phone Banking,"Chennai, Tamil Nadu",Desktop,0,Clean,INR,+91949353XXXXXX,Gym membership,pii_email_cb29be794480
8c1f5709-6a2a-4b79-ba2e-bc45568d4032,pii_full_name_98e503e01882,Male,49,Tamil Nadu,Chennai,Chennai Branch,Checking,fda0f9be-a55c-4c59-8c94-3377d4ed8b2e,07-10-2025,15:38:29,48564.89,d2890dde-0a30-4c8e-b81c-79a942e35022,Transfer,Restaurant,61742.62,Video Banking,"Chennai, Tamil Nadu",ATM,0,Clean,INR,+91949353XXXXXX,Grocery delivery,pii_email_cb29be794480
8c1f5709-6a2a-4b79-ba2e-bc45568d4032,pii_full_name_98e503e01882,Male,49,Tamil Nadu,Chennai,Chennai Branch,Checking,9555d802-f9b7-4f17-bb89-62d3cb9cfd06,21-10-2025,12:22:59,98636.56,f3754117-c585-4652-b62b-a0ecec791188,Transfer,Entertainment,66597.37,Contactless Card,"Chennai, Tamil Nadu",Mobile,0,Clean,INR,+91949353XXXXXX,Jewelry purchase,pii_email_cb29be794480
8c1f5709-6a2a-4b79-ba2e-bc45568d4032,pii_full_name_98e503e01882,Male,49,Tamil Nadu,Chennai,Chennai Branch,Checking,4639a6a2-50d8-4f37-8293-f74746eeb47d,28-10-2025,17:46:11,7243.26,88fc3881-bcb1-482b-9751-39c2771ebec0,Credit,Health,62466.95,Self-service Banking Machine,"Chennai, Tamil Nadu",Desktop,0,Clean,INR,+91949353XXXXXX,Restaurant dining,pii_email_cb29be794480
8c1f5709-6a2a-4b79-ba2e-bc45568d4032,pii_full_name_98e503e01882,Male,49,Tamil Nadu,Chennai,Chennai Branch,Checking,13fef2ee-c67c-4cdc-b725-f8fe4a6869d6,02-11-2025,11:24:16,78845.84,95e9f5e5-823f-4b79-95e7-e36a7e02ebd0,Withdrawal,Entertainment,51151.05,UPI,"Chennai, Tamil Nadu",POS,0,Clean,INR,+91949353XXXXXX,Taxi fare,pii_email_cb29be794480
8c1f5709-6a2a-4b79-ba2e-bc45568d4032,pii_full_name_98e503e01882,Male,49,Tamil Nadu,Chennai,Chennai Branch,Checking,f75a32c7-c214-4c06-a41a-3b4651bfb827,26-11-2025,06:57:14,61913.05,ca36cb8a-a7b0-4c31-a50e-dc79f7ef211d,Transfer,Restaurant,65051.77,Chip Card,"Chennai, Tamil Nadu",ATM,1,Clean,INR,+91949353XXXXXX,Mutual fund investment,pii_email_cb29be794480
8cc9c017-9159-4a90-930b-af3adc6728a3,pii_full_name_d8deb715056b,Male,50,West Bengal,Kolkata,Kolkata Branch,Checking,471dfb19-756f-4bb3-8039-8459492c7d87,15-01-2025,04:49:52,48559.15,367cb10c-8340-4207-a2bf-5e680c6fbd7f,Credit,Health,53886.53,Voice Assistant,"Kolkata, West Bengal",Mobile,0,Clean,INR,+91930559XXXXXX,Food delivery,pii_email_f73726a10502
8cc9c017-9159-4a90-930b-af3adc6728a3,pii_full_name_d8deb715056b,Male,50,West Bengal,Kolkata,Kolkata Branch,Checking,a0f41e19-48d4-4ba2-9524-b8b6e6aa54ff,16-01-2025,14:39:08,94029.13,6a41db45-2de4-4ca9-9fad-734e80796586,Withdrawal,Electronics,35129.87,POS Mobile App,"Kolkata, West Bengal",Desktop,0,Clean,INR,+91930559XXXXXX,Hotel booking,pii_email_f73726a10502
8cc9c017-9159-4a90-930b-af3adc6728a3,pii_full_name_d8deb715056b,Male,50,West Bengal,Kolkata,Kolkata Branch,Checking,328de4a2-a8a5-4871-94f3-1eb75c66ce5d,16-01-2025,17:07:41,7724.14,20790f25-7a4d-4f8d-af2c-c5c977b8cd27,Transfer,Clothing,28083.44,Digital Wallet,"Kolkata, West Bengal",POS,0,Clean,INR,+91930559XXXXXX,Taxi fare,pii_email_f73726a10502
8cc9c017-9159-4a90-930b-af3adc6728a3,pii_full_name_d8deb715056b,Male,50,West Bengal,Kolkata,Kolkata Branch,Checking,0abb7b0c-c56e-43fd-8a52-59e9e79ad413,24-01-2025,23:54:25,44767.86,f9689255-ff59-474d-a67b-2af24cce9ca8,Transfer,Restaurant,57594.93,Branch Counter,"Kolkata, West Bengal",Mobile,0,Clean,INR,+91930559XXXXXX,Gym membership,pii_email_f73726a10502
8cc9c017-9159-4a90-930b-af3adc6728a3,pii_full_name_d8deb715056b,Male,50,West Bengal,Kolkata,Kolkata Branch,Checking,f9884fdd-7f99-4c09-b094-79343ad11710,11-02-2025,02:00:43,18661.3,8d38c44b-78df-4cde-80b1-7e45c67fb306,Debit,Clothing,52020.4,Biometric ATM,"Kolkata, West Bengal",ATM,0,Clean,INR,+91930559XXXXXX,Electricity bill,pii_email_f73726a10502
8cc9c017-9159-4a90-930b-af3adc6728a3,pii_full_name_d8deb715056b,Male,50,West Bengal,Kolkata,Kolkata Branch,Checking,9cdfc8a1-2d6c-447b-8963-5f6858c7eef2,10-03-2025,02:49:46,24209.77,e0f9c966-79c3-485d-889d-117fac68fea8,Credit,Groceries,53172.34,Virtual Card,"Kolkata, West Bengal",ATM,0,Clean,INR,+91930559XXXXXX,Bus ticket,pii_email_f73726a10502
8cc9c017-9159-4a90-930b-af3adc6728a3,pii_full_name_d8deb715056b,Male,50,West Bengal,Kolkata,Kolkata Branch,Checking,82b8f2b3-09ab-48c9-8d07-566703544164,28-03-2025,07:32:24,6497.1,b8b1089f-ae63-4929-9f55-7d8232074300,Transfer,Restaurant,27311.03,Video Banking,"Kolkata, West Bengal",POS,0,Clean,INR,+91930559XXXXXX,Bitcoin transaction,pii_email_f73726a10502
8cc9c017-9159-4a90-930b-af3adc6728a3,pii_full_name_d8deb715056b,Male,50,West Bengal,Kolkata,Kolkata Branch,Checking,0870cae9-220b-485a-945f-2d3af04ced73,13-05-2025,18:03:05,85643.17,3396a389-4820-405d-b0b9-5c5f05007db8,Bill Payment,Clothing,49030.62,Branch Counter,"Kolkata, West Bengal",Desktop,0,Clean,INR,+91930559XXXXXX,EMI payment,pii_email_f73726a10502
8cc9c017-9159-4a90-930b-af3adc6728a3,pii_full_name_d8deb715056b,Male,50,West Bengal,Kolkata,Kolkata Branch,Checking,27265430-fa03-4a42-9a29-f9a3aa689d79,11-08-2025,16:09:26,36836.56,97d6904f-907d-4e0d-83b1-2992d5577b83,Credit,Groceries,20080.41,Mobile Banking App,"Kolkata, West Bengal",Desktop,0,Clean,INR,+91930559XXXXXX,EMI payment,pii_email_f73726a10502
8cc9c017-9159-4a90-930b-af3adc6728a3,pii_full_name_d8deb715056b,Male,50,West Bengal,Kolkata,Kolkata Branch,Checking,a0cad520-da27-4d85-8b0c-27eaa320fc01,09-09-2025,02:29:34,12690.36,5f5bf3b5-6a42-4417-8221-f6490f2c33c3,Debit,Entertainment,50751.37,Self-service Banking Machine,"Kolkata, West Bengal",Mobile,0,Clean,INR,+91930559XXXXXX,Restaurant dining,pii_email_f73726a10502
8cc9c017-9159-4a90-930b-af3adc6728a3,pii_full_name_d8deb715056b,Male,50,West Bengal,Kolkata,Kolkata Branch,Checking,c8ee446f-9a4c-411a-91b6-2b4ae6d20759,09-09-2025,17:58:56,35583.41,e2637dc4-2f71-4800-aec2-7a5a6b07f6f8,Bill Payment,Restaurant,16396.75,POS Mobile Device,"Kolkata, West Bengal",POS,0,Clean,INR,+91930559XXXXXX,Bus ticket,pii_email_f73726a10502
8cc9c017-9159-4a90-930b-af3adc6728a3,pii_full_name_d8deb715056b,Male,50,West Bengal,Kolkata,Kolkata Branch,Checking,4bc28983-ef39-4ce7-97c1-a2ee581f1189,16-09-2025,20:34:05,84685.53,de2e6f67-9d16-4a35-91d5-6ef5dede391c,Debit,Clothing,26661.32,Debit/Credit Card,"Kolkata, West Bengal",Mobile,1,Clean,INR,+91930559XXXXXX,Train ticket,pii_email_f73726a10502
8cc9c017-9159-4a90-930b-af3adc6728a3,pii_full_name_d8deb715056b,Male,50,West Bengal,Kolkata,Kolkata Branch,Checking,7d1632e6-b03f-4f22-a6be-7239e5da5025,24-11-2025,14:48:04,86395.6,15abd33c-0136-41ce-9dc6-aa114af8f467,Withdrawal,Electronics,44532.78,Chip Card,"Kolkata, West Bengal",POS,0,Clean,INR,+91930559XXXXXX,Taxi fare,pii_email_f73726a10502
8cc9c017-9159-4a90-930b-af3adc6728a3,pii_full_name_d8deb715056b,Male,50,West Bengal,Kolkata,Kolkata Branch,Checking,3048b165-5b13-4e49-92e2-238ae7fb852d,03-12-2025,00:31:07,81283.47,29b38c1f-5b45-47f2-8657-3207a8856e1b,Bill Payment,Clothing,19955.09,Chip Card,"Kolkata, West Bengal",Mobile,0,Clean,INR,+91930559XXXXXX,Restaurant dining,pii_email_f73726a10502
8f5d9244-751d-4a7f-974b-33ae7e012ff4,pii_full_name_22d6e517ffb1,Male,21,West Bengal,Kolkata,Kolkata Branch,Business,c25482f6-6794-4c2e-9b1e-e05622ae389b,06-01-2025,13:03:21,12810.14,848ce887-682f-45ef-a93f-2147b23ebfe8,Bill Payment,Entertainment,5029.66,Chip Card,"Kolkata, West Bengal",ATM,0,Clean,INR,+91931352XXXXXX,Bitcoin transaction,pii_email_8101618c62c1
8f5d9244-751d-4a7f-974b-33ae7e012ff4,pii_full_name_22d6e517ffb1,Male,21,West Bengal,Kolkata,Kolkata Branch,Business,8bca6b39-d487-4385-ab1f-39283beb2e06,18-01-2025,05:58:31,94837.19,d5311907-b2b3-475f-8cf3-c1c0805ab28e,Transfer,Groceries,14513.38,UPI,"Kolkata, West Bengal",ATM,0,Clean,INR,+91931352XXXXXX,Cash withdrawal,pii_email_8101618c62c1
8f5d9244-751d-4a7f-974b-33ae7e012ff4,pii_full_name_22d6e517ffb1,Male,21,West Bengal,Kolkata,Kolkata Branch,Business,becc5cdb-b02c-487e-bf6b-db6add79c6d9,26-02-2025,10:21:03,59200.42,aed19ab7-5236-4c88-859d-7a414a4275a3,Bill Payment,Restaurant,5029.66,Voice Assistant,"Kolkata, West Bengal",ATM,0,Clean,INR,+91931352XXXXXX,Bus ticket,pii_email_8101618c62c1
8f5d9244-751d-4a7f-974b-33ae7e012ff4,pii_full_name_22d6e517ffb1,Male,21,West Bengal,Kolkata,Kolkata Branch,Business,4dd2de58-f1ed-4344-a7d9-053785d8b0ea,04-04-2025,09:25:26,2868.96,40016d6d-f986-4a51-8281-3bbb4900e6ab,Debit,Restaurant,5029.66,Magnetic Strip Card,"Kolkata, West Bengal",ATM,0,Clean,INR,+91931352XXXXXX,Pharmacy bill,pii_email_8101618c62c1
8f5d9244-751d-4a7f-974b-33ae7e012ff4,pii_full_name_22d6e517ffb1,Male,21,West Bengal,Kolkata,Kolkata Branch,Business,fc615a12-4c7b-4498-a41e-0a45c606a966,12-06-2025,02:33:32,45802.86,7de9af66-4533-4f27-a708-5f6d7f76c495,Bill Payment,Health,5029.66,Contactless Card,"Kolkata, West Bengal",POS,0,Clean,INR,+91931352XXXXXX,Grocery delivery,pii_email_8101618c62c1
8f5d9244-751d-4a7f-974b-33ae7e012ff4,pii_full_name_22d6e517ffb1,Male,21,West Bengal,Kolkata,Kolkata Branch,Business,0b3d2991-9be7-4f4c-80eb-cbba2c82c7aa,22-06-2025,12:15:21,86848.53,8d251da6-8102-4e57-8e47-8f9cb8b62616,Withdrawal,Groceries,5029.66,QR Code Scanner,"Kolkata, West Bengal",Desktop,0,Clean,INR,+91931352XXXXXX,Debt repayment,pii_email_8101618c62c1
8f5d9244-751d-4a7f-974b-33ae7e012ff4,pii_full_name_22d6e517ffb1,Male,21,West Bengal,Kolkata,Kolkata Branch,Business,42fe8b30-792e-4405-8e93-b20efde51fa2,03-07-2025,01:13:55,59480.28,508f4f37-1632-46aa-8000-24390cec143f,Withdrawal,Groceries,8565.35,Mobile Banking App,"Kolkata, West Bengal",POS,0,Clean,INR,+91931352XXXXXX,Gas bill,pii_email_8101618c62c1
8f5d9244-751d-4a7f-974b-33ae7e012ff4,pii_full_name_22d6e517ffb1,Male,21,West Bengal,Kolkata,Kolkata Branch,Business,8a6ca4f5-d1b7-4346-a07c-138a050fb1d3,19-07-2025,02:38:27,63636.08,2e13a07e-ee81-44e2-90c2-cee4e35451a0,Debit,Groceries,7791.96,POS Mobile App,"Kolkata, West Bengal",ATM,0,Clean,INR,+91931352XXXXXX,Flight ticket,pii_email_8101618c62c1
8f5d9244-751d-4a7f-974b-33ae7e012ff4,pii_full_name_22d6e517ffb1,Male,21,West Bengal,Kolkata,Kolkata Branch,Business,cb7b7239-c036-4d80-94d5-dc18ff7132d5,23-07-2025,21:31:56,49972.96,3bf38c3d-db15-4199-98c8-94fd9574f709,Debit,Entertainment,5029.66,Phone Banking,"Kolkata, West Bengal",Desktop,0,Clean,INR,+91931352XXXXXX,Utility bill,pii_email_8101618c62c1
8f5d9244-751d-4a7f-974b-33ae7e012ff4,pii_full_name_22d6e517ffb1,Male,21,West Bengal,Kolkata,Kolkata Branch,Business,0a624a1e-f4de-4e2e-bb25-f029417a680a,27-07-2025,07:38:51,34479.0,dc5607f5-86dd-4142-88e4-a432caa4cef6,Bill Payment,Groceries,5029.66,Internet Banking,"Kolkata, West Bengal",Desktop,0,Clean,INR,+91931352XXXXXX,Movie tickets,pii_email_8101618c62c1
8f5d9244-751d-4a7f-974b-33ae7e012ff4,pii_full_name_22d6e517ffb1,Male,21,West Bengal,Kolkata,Kolkata Branch,Business,488cba42-5138-4208-a037-50854f41c726,31-07-2025,12:07:37,91259.07,6419c04e-c36f-423f-89b7-6d958857dfc4,Transfer,Health,14155.57,Virtual Card,"Kolkata, West Bengal",ATM,0,Clean,INR,+91931352XXXXXX,Utility bill,pii_email_8101618c62c1
8f5d9244-751d-4a7f-974b-33ae7e012ff4,pii_full_name_22d6e517ffb1,Male,21,West Bengal,Kolkata,Kolkata Branch,Business,e4ce9d50-230d-44e4-8f15-bd995e99a17d,17-10-2025,12:47:53,52162.13,28917d84-568b-4d4e-8916-b3b0b8db98a3,Credit,Health,13008.17,Video Banking,"Kolkata, West Bengal",POS,0,Clean,INR,+91931352XXXXXX,Jewelry purchase,pii_email_8101618c62c1
8f5d9244-751d-4a7f-974b-33ae7e012ff4,pii_full_name_22d6e517ffb1,Male,21,West Bengal,Kolkata,Kolkata Branch,Business,4c3d1202-7eb3-4e42-9129-3378c04bce37,02-12-2025,14:23:14,75921.84,06844d4d-25d6-47b2-9dd6-c6ee5c7eab6f,Bill Payment,Restaurant,5029.66,Branch Counter,"Kolkata, West Bengal",ATM,0,Clean,INR,+91931352XXXXXX,Hotel booking,pii_email_8101618c62c1
8f5d9244-751d-4a7f-974b-33ae7e012ff4,pii_full_name_22d6e517ffb1,Male,21,West Bengal,Kolkata,Kolkata Branch,Business,a88de250-8ef7-45c5-a1dd-be01bed00324,03-12-2025,17:51:22,61144.08,b212e57d-5111-4e40-b1c8-b2cc248340f0,Debit,Health,5029.66,Chip Card,"Kolkata, West Bengal",ATM,0,Clean,INR,+91931352XXXXXX,Flight ticket,pii_email_8101618c62c1
8f760da7-75d6-48f7-a59e-a4f6412f6b5c,pii_full_name_b2c9d99c531a,Female,46,Lakshadweep,Kavaratti,Kavaratti Branch,Business,4c24627d-bab5-4085-a238-220705ed2a3b,12-02-2025,09:19:40,94351.75,8136e6f7-dfa8-4f44-85fe-b6ff6653eeb3,Debit,Entertainment,5029.66,POS Mobile App,"Kavaratti, Lakshadweep",ATM,0,Clean,INR,+91912079XXXXXX,Cash withdrawal,pii_email_368727389da1
8f760da7-75d6-48f7-a59e-a4f6412f6b5c,pii_full_name_b2c9d99c531a,Female,46,Lakshadweep,Kavaratti,Kavaratti Branch,Business,fd15ec94-bfe9-4251-97db-919e017ef56f,06-03-2025,12:53:01,9894.73,b7997c88-61d2-46ea-9a57-2825c4ad493a,Bill Payment,Clothing,9815.72,Virtual Card,"Kavaratti, Lakshadweep",Mobile,0,Clean,INR,+91912079XXXXXX,Restaurant dining,pii_email_368727389da1
8f760da7-75d6-48f7-a59e-a4f6412f6b5c,pii_full_name_b2c9d99c531a,Female,46,Lakshadweep,Kavaratti,Kavaratti Branch,Business,6874d259-e6ad-45dd-ba4c-bf147d0e6476,09-03-2025,06:20:06,75810.56,be320c33-efe1-4103-b970-54c587838c00,Bill Payment,Electronics,5029.66,Self-service Banking Machine,"Kavaratti, Lakshadweep",ATM,0,Clean,INR,+91912079XXXXXX,Pharmacy bill,pii_email_368727389da1
8f760da7-75d6-48f7-a59e-a4f6412f6b5c,pii_full_name_b2c9d99c531a,Female,46,Lakshadweep,Kavaratti,Kavaratti Branch,Business,f410c53d-0fd7-42e9-9f79-4c4f52ebf29f,13-03-2025,20:15:50,7480.06,ff1c2b65-1490-4835-b134-1437b3638b0b,Credit,Restaurant,5777.67,Magnetic Strip Card,"Kavaratti, Lakshadweep",Desktop,0,Clean,INR,+91912079XXXXXX,Debt repayment,pii_email_368727389da1
8f760da7-75d6-48f7-a59e-a4f6412f6b5c,pii_full_name_b2c9d99c531a,Female,46,Lakshadweep,Kavaratti,Kavaratti Branch,Business,31e94c57-d002-4843-8504-2b0543710c1c,20-03-2025,07:33:13,1602.62,ca86298c-3d27-4130-adb5-73640a2cc8be,Credit,Electronics,16724.28,Digital Wallet,"Kavaratti, Lakshadweep",ATM,0,Clean,INR,+91912079XXXXXX,Online shopping,pii_email_368727389da1
8f760da7-75d6-48f7-a59e-a4f6412f6b5c,pii_full_name_b2c9d99c531a,Female,46,Lakshadweep,Kavaratti,Kavaratti Branch,Business,9163961a-6571-4ad1-a239-9d06fba51535,25-03-2025,05:13:54,64163.88,310c1e4b-57d1-4700-a9df-2dc5295bfb4c,Transfer,Groceries,23140.67,Virtual Card,"Kavaratti, Lakshadweep",Desktop,0,Clean,INR,+91912079XXXXXX,Gym membership,pii_email_368727389da1
8f760da7-75d6-48f7-a59e-a4f6412f6b5c,pii_full_name_b2c9d99c531a,Female,46,Lakshadweep,Kavaratti,Kavaratti Branch,Business,a54a72d4-8c32-40c7-9c04-e55d7622df90,28-03-2025,06:54:04,79658.22,d1e1fb5f-887e-4364-a518-a3386e12ecee,Transfer,Electronics,16070.21,Branch Counter,"Kavaratti, Lakshadweep",ATM,0,Clean,INR,+91912079XXXXXX,EMI payment,pii_email_368727389da1
8f760da7-75d6-48f7-a59e-a4f6412f6b5c,pii_full_name_b2c9d99c531a,Female,46,Lakshadweep,Kavaratti,Kavaratti Branch,Business,8e60bad9-bfe3-4e8c-b0e1-0755a05a9297,04-04-2025,07:35:28,66265.75,20679a46-5723-47fc-8bfe-469d6e89a6f0,Credit,Entertainment,16564.02,Debit/Credit Card,"Kavaratti, Lakshadweep",Desktop,0,Clean,INR,+91912079XXXXXX,Gas bill,pii_email_368727389da1
8f760da7-75d6-48f7-a59e-a4f6412f6b5c,pii_full_name_b2c9d99c531a,Female,46,Lakshadweep,Kavaratti,Kavaratti Branch,Business,5579cadb-3027-46b8-a08b-bdcf76d741e0,19-05-2025,04:07:10,72411.64,cb6ca523-1953-48b5-bc62-0918d0037ac1,Debit,Restaurant,9932.73,Self-service Banking Machine,"Kavaratti, Lakshadweep",Mobile,0,Clean,INR,+91912079XXXXXX,Restaurant dining,pii_email_368727389da1
8f760da7-75d6-48f7-a59e-a4f6412f6b5c,pii_full_name_b2c9d99c531a,Female,46,Lakshadweep,Kavaratti,Kavaratti Branch,Business,f0a17e30-00e4-4d39-a42d-bdd3576d27c7,01-08-2025,00:59:10,41597.77,c7e95565-b3c4-4e7b-bfa8-768206117946,Transfer,Electronics,9937.44,POS Mobile App,"Kavaratti, Lakshadweep",ATM,0,Clean,INR,+91912079XXXXXX,Mutual fund investment,pii_email_368727389da1
8f760da7-75d6-48f7-a59e-a4f6412f6b5c,pii_full_name_b2c9d99c531a,Female,46,Lakshadweep,Kavaratti,Kavaratti Branch,Business,7f8b2bac-427f-4575-ba65-f425a0bc92f3,25-08-2025,00:20:59,54923.31,00670ce9-c26b-4321-8059-c6652a454142,Credit,Electronics,10521.99,Internet Banking,"Kavaratti, Lakshadweep",POS,0,Clean,INR,+91912079XXXXXX,Gas bill,pii_email_368727389da1
8f760da7-75d6-48f7-a59e-a4f6412f6b5c,pii_full_name_b2c9d99c531a,Female,46,Lakshadweep,Kavaratti,Kavaratti Branch,Business,bf67c1c2-3bdf-4ac9-82eb-a71dc081979d,04-09-2025,14:41:32,88381.67,5114b121-c21b-4538-95d7-88c3e316a635,Withdrawal,Health,7232.04,Phone Banking,"Kavaratti, Lakshadweep",Mobile,0,Clean,INR,+91912079XXXXXX,EMI payment,pii_email_368727389da1
8f760da7-75d6-48f7-a59e-a4f6412f6b5c,pii_full_name_b2c9d99c531a,Female,46,Lakshadweep,Kavaratti,Kavaratti Branch,Business,85a26e87-a902-4454-a651-437ce57b5605,12-10-2025,00:30:13,5708.96,dd20e41b-8395-4c63-addf-a0a9408fceeb,Bill Payment,Entertainment,9951.09,Virtual Card,"Kavaratti, Lakshadweep",POS,0,Clean,INR,+91912079XXXXXX,Jewelry purchase,pii_email_368727389da1
8f760da7-75d6-48f7-a59e-a4f6412f6b5c,pii_full_name_b2c9d99c531a,Female,46,Lakshadweep,Kavaratti,Kavaratti Branch,Business,47a4095c-b530-4574-948a-b12bc365c161,27-10-2025,10:59:10,36507.05,62ea6271-2fdd-4948-80ad-140a8cbc6520,Withdrawal,Clothing,5029.66,Voice Assistant,"Kavaratti, Lakshadweep",Desktop,0,Clean,INR,+91912079XXXXXX,Hotel booking,pii_email_368727389da1
8f760da7-75d6-48f7-a59e-a4f6412f6b5c,pii_full_name_b2c9d99c531a,Female,46,Lakshadweep,Kavaratti,Kavaratti Branch,Business,c552304c-5dfa-4ebe-91bc-db472301d34f,07-11-2025,07:59:56,30747.25,0847d213-51d6-49de-8f3d-ef9ddd726041,Transfer,Clothing,8104.38,ATM,"Kavaratti, Lakshadweep",Mobile,0,Clean,INR,+91912079XXXXXX,Train ticket,pii_email_368727389da1
8f760da7-75d6-48f7-a59e-a4f6412f6b5c,pii_full_name_b2c9d99c531a,Female,46,Lakshadweep,Kavaratti,Kavaratti Branch,Business,2f145163-b18e-4ead-8421-e0d12a6367aa,09-12-2025,17:51:25,59667.73,7ca35e18-005d-4a1b-8d08-757df915eb82,Withdrawal,Groceries,17173.9,POS Mobile Device,"Kavaratti, Lakshadweep",Desktop,0,Clean,INR,+91912079XXXXXX,Gym membership,pii_email_368727389da1
9163aa1d-e26e-42ec-ab54-db1e1d850fde,pii_full_name_3a661877e590,Female,54,Madhya Pradesh,Gwalior,Gwalior Branch,Business,ace9aa58-ee13-4d86-8328-dee9a3d9b6ae,26-01-2025,05:40:56,81096.55,e09f938c-ae0e-4f07-9fe9-d95ff3ad2d22,Bill Payment,Groceries,69621.19,Magnetic Strip Card,"Gwalior, Madhya Pradesh",POS,0,Clean,INR,+91980271XXXXXX,Hotel booking,pii_email_ef50853a295e
9163aa1d-e26e-42ec-ab54-db1e1d850fde,pii_full_name_3a661877e590,Female,54,Madhya Pradesh,Gwalior,Gwalior Branch,Business,e93fe371-4311-43b5-b5c0-32579eb2cb0f,04-04-2025,04:33:21,26386.43,677bf694-2072-45fa-9821-3926f666388e,Transfer,Restaurant,72259.84,Branch Counter,"Gwalior, Madhya Pradesh",ATM,0,Clean,INR,+91980271XXXXXX,Debt repayment,pii_email_ef50853a295e
9163aa1d-e26e-42ec-ab54-db1e1d850fde,pii_full_name_3a661877e590,Female,54,Madhya Pradesh,Gwalior,Gwalior Branch,Business,385285ac-78da-4b05-a92b-4b981f88bd1f,03-09-2025,00:07:23,54155.29,eae68f4c-e7ae-4e82-9c9a-0f69c33ca85b,Bill Payment,Restaurant,66844.31,QR Code Scanner,"Gwalior, Madhya Pradesh",Mobile,0,Clean,INR,+91980271XXXXXX,Online shopping,pii_email_ef50853a295e
9163aa1d-e26e-42ec-ab54-db1e1d850fde,pii_full_name_3a661877e590,Female,54,Madhya Pradesh,Gwalior,Gwalior Branch,Business,04da7e60-fd8f-46d8-bd7a-5bacc31808ea,13-09-2025,23:47:46,44320.12,ece44181-565f-43b8-9e8e-d25a62951c92,Transfer,Restaurant,71276.32,Video Banking,"Gwalior, Madhya Pradesh",ATM,0,Clean,INR,+91980271XXXXXX,Cash withdrawal,pii_email_ef50853a295e
91e28d52-15d7-4b0f-9f3e-d850191d1481,pii_full_name_602c7e0a146b,Male,51,Karnataka,Bangalore,Bangalore Branch,Business,a65e4311-3e69-4f5c-9f9c-0a23b08f0f5f,24-01-2025,10:24:35,4168.62,9bdabac2-ece1-4abe-a03b-1709e59fb431,Credit,Clothing,60770.63,Magnetic Strip Card,"Bangalore, Karnataka",Mobile,0,Clean,INR,+91977563XXXXXX,Cash withdrawal,pii_email_33b0f96d0c56
91e28d52-15d7-4b0f-9f3e-d850191d1481,pii_full_name_602c7e0a146b,Male,51,Karnataka,Bangalore,Bangalore Branch,Business,c493b682-0005-4b31-abb9-88347a03cd93,21-02-2025,19:31:49,23982.38,229030e5-f1f3-4085-b8ba-1a5f92553eb7,Withdrawal,Clothing,72722.02,POS Mobile Device,"Bangalore, Karnataka",Desktop,0,Clean,INR,+91977563XXXXXX,Insurance premium,pii_email_33b0f96d0c56
91e28d52-15d7-4b0f-9f3e-d850191d1481,pii_full_name_602c7e0a146b,Male,51,Karnataka,Bangalore,Bangalore Branch,Business,2296ce3a-89a1-4548-ac46-9aef2bf6a6de,22-02-2025,18:56:24,12208.28,1e0eefb9-6aaf-42a2-a97f-8963b2e3a885,Debit,Electronics,75120.26,Internet Banking,"Bangalore, Karnataka",Mobile,0,Clean,INR,+91977563XXXXXX,Food delivery,pii_email_33b0f96d0c56
91e28d52-15d7-4b0f-9f3e-d850191d1481,pii_full_name_602c7e0a146b,Male,51,Karnataka,Bangalore,Bangalore Branch,Business,e81b8111-d19c-4558-bac1-af30fa45eeb9,24-03-2025,16:05:47,92680.29,2b005adf-7f30-4928-b429-7cc44bbebedc,Withdrawal,Restaurant,67588.82,ATM,"Bangalore, Karnataka",POS,0,Clean,INR,+91977563XXXXXX,Electricity bill,pii_email_33b0f96d0c56
91e28d52-15d7-4b0f-9f3e-d850191d1481,pii_full_name_602c7e0a146b,Male,51,Karnataka,Bangalore,Bangalore Branch,Business,82fba956-8d4e-4cda-b299-ba0a33579449,02-04-2025,11:26:53,1724.07,f1a5ae9a-aa2b-4837-91f2-9bf328368e3a,Withdrawal,Clothing,60598.22,Voice Assistant,"Bangalore, Karnataka",POS,1,Clean,INR,+91977563XXXXXX,Restaurant dining,pii_email_33b0f96d0c56
91e28d52-15d7-4b0f-9f3e-d850191d1481,pii_full_name_602c7e0a146b,Male,51,Karnataka,Bangalore,Bangalore Branch,Business,434d42a0-b24b-4991-ad13-413bc3c0d733,12-04-2025,23:01:21,70228.65,90815be6-9f23-4f16-b687-a290e5b66e5e,Debit,Restaurant,60353.77,Voice Assistant,"Bangalore, Karnataka",ATM,0,Clean,INR,+91977563XXXXXX,Movie tickets,pii_email_33b0f96d0c56
91e28d52-15d7-4b0f-9f3e-d850191d1481,pii_full_name_602c7e0a146b,Male,51,Karnataka,Bangalore,Bangalore Branch,Business,1a0e73b0-70d0-414e-8277-67a7c655bddf,25-05-2025,22:33:41,24012.01,6e51dc74-58a1-49a4-b40c-b91b91c96862,Bill Payment,Restaurant,67371.93,Chip Card,"Bangalore, Karnataka",ATM,0,Clean,INR,+91977563XXXXXX,Grocery delivery,pii_email_33b0f96d0c56
91e28d52-15d7-4b0f-9f3e-d850191d1481,pii_full_name_602c7e0a146b,Male,51,Karnataka,Bangalore,Bangalore Branch,Business,ee875a35-a604-4fc3-a4f7-cc1a6b8646d5,26-05-2025,13:34:43,332.44,a84c306d-c1fd-425e-bbe1-5c34461295b2,Debit,Health,69941.56,POS Mobile Device,"Bangalore, Karnataka",ATM,0,Clean,INR,+91977563XXXXXX,Grocery delivery,pii_email_33b0f96d0c56
91e28d52-15d7-4b0f-9f3e-d850191d1481,pii_full_name_602c7e0a146b,Male,51,Karnataka,Bangalore,Bangalore Branch,Business,87d146f8-4b03-44c8-b3bc-b65a05cc789b,02-06-2025,00:54:57,22135.47,cb4aa4a9-5165-4cd3-932b-48588e18e0e5,Withdrawal,Entertainment,58384.67,POS Mobile Device,"Bangalore, Karnataka",ATM,0,Clean,INR,+91977563XXXXXX,Insurance premium,pii_email_33b0f96d0c56
91e28d52-15d7-4b0f-9f3e-d850191d1481,pii_full_name_602c7e0a146b,Male,51,Karnataka,Bangalore,Bangalore Branch,Business,37c8f3ad-8f72-4737-b7fc-b762bb96413e,06-06-2025,10:56:00,12901.73,7cf1cd9c-b868-4b16-88fc-138ed6d77f62,Bill Payment,Groceries,76856.85,Video Banking,"Bangalore, Karnataka",ATM,0,Clean,INR,+91977563XXXXXX,Cash withdrawal,pii_email_33b0f96d0c56
91e28d52-15d7-4b0f-9f3e-d850191d1481,pii_full_name_602c7e0a146b,Male,51,Karnataka,Bangalore,Bangalore Branch,Business,82e4e146-8526-48d6-b8f2-50fbe4dd5370,24-06-2025,22:20:20,86664.19,61c8d0fa-a8d9-42fc-974c-ed1b512d63aa,Transfer,Health,76255.24,POS Mobile Device,"Bangalore, Karnataka",POS,0,Clean,INR,+91977563XXXXXX,Cash withdrawal,pii_email_33b0f96d0c56
91e28d52-15d7-4b0f-9f3e-d850191d1481,pii_full_name_602c7e0a146b,Male,51,Karnataka,Bangalore,Bangalore Branch,Business,bca0b916-cc72-44d8-97f2-41393065cfc8,20-07-2025,20:19:18,62804.42,af0b173e-7c75-4e80-8f2e-4cd686fb8dd7,Debit,Restaurant,69974.8,Debit/Credit Card,"Bangalore, Karnataka",Mobile,0,Clean,INR,+91977563XXXXXX,Pharmacy bill,pii_email_33b0f96d0c56
91e28d52-15d7-4b0f-9f3e-d850191d1481,pii_full_name_602c7e0a146b,Male,51,Karnataka,Bangalore,Bangalore Branch,Business,b49737c7-de50-4ad9-8b7b-482d41fb3f44,03-08-2025,13:55:54,89691.52,c3f05891-d72d-4631-b8f1-aa749b72eb62,Credit,Electronics,76341.08,Mobile Banking App,"Bangalore, Karnataka",POS,1,Clean,INR,+91977563XXXXXX,Bus ticket,pii_email_33b0f96d0c56
91e28d52-15d7-4b0f-9f3e-d850191d1481,pii_full_name_602c7e0a146b,Male,51,Karnataka,Bangalore,Bangalore Branch,Business,eb5fe594-f9fc-4138-8501-320c210f5458,23-08-2025,02:12:56,81499.72,5a68a93a-34c3-4e37-aa6d-aa8f12193069,Withdrawal,Entertainment,67376.63,Internet Banking,"Bangalore, Karnataka",POS,0,Clean,INR,+91977563XXXXXX,EMI payment,pii_email_33b0f96d0c56
91e28d52-15d7-4b0f-9f3e-d850191d1481,pii_full_name_602c7e0a146b,Male,51,Karnataka,Bangalore,Bangalore Branch,Business,669ebf6d-3e82-41e0-b355-c49488921daa,29-08-2025,17:31:21,69990.57,c9a2d2e8-36d7-4aa3-a20e-22079801b18b,Transfer,Clothing,78147.02,POS Mobile App,"Bangalore, Karnataka",POS,0,Clean,INR,+91977563XXXXXX,Mobile recharge,pii_email_33b0f96d0c56
91e28d52-15d7-4b0f-9f3e-d850191d1481,pii_full_name_602c7e0a146b,Male,51,Karnataka,Bangalore,Bangalore Branch,Business,aeb62a55-cb0a-46c6-95cd-5918cfebfe2d,20-09-2025,03:17:02,31273.3,3c948dbe-a49d-4c3c-8822-2acda6566d15,Withdrawal,Electronics,75526.6,ATM,"Bangalore, Karnataka",ATM,0,Clean,INR,+91977563XXXXXX,Food delivery,pii_email_33b0f96d0c56
91e28d52-15d7-4b0f-9f3e-d850191d1481,pii_full_name_602c7e0a146b,Male,51,Karnataka,Bangalore,Bangalore Branch,Business,391861c2-f483-4c2e-8114-23a1da1338d2,21-09-2025,17:11:54,15740.53,5338388e-25c8-4c36-874c-157aded16c48,Debit,Clothing,71147.97,Mobile Banking App,"Bangalore, Karnataka",ATM,0,Clean,INR,+91977563XXXXXX,Mobile recharge,pii_email_33b0f96d0c56
91e28d52-15d7-4b0f-9f3e-d850191d1481,pii_full_name_602c7e0a146b,Male,51,Karnataka,Bangalore,Bangalore Branch,Business,b92d3990-ddd3-4b87-abe9-b7a70be92f41,25-11-2025,05:10:53,87123.79,af0f9d52-d463-4f9c-81e1-7332f56e19bc,Credit,Entertainment,78653.93,ATM Booth Kiosk,"Bangalore, Karnataka",ATM,0,Clean,INR,+91977563XXXXXX,Pharmacy bill,pii_email_33b0f96d0c56
9391b6cb-e6e6-4617-8386-b3a33eea7f4e,pii_full_name_71c355b7c3d0,Female,32,Bihar,Gaya,Gaya Branch,Business,46e75f15-1216-413e-94e8-ad4d41b34cc5,10-04-2025,22:18:11,58232.37,ee177b1b-c403-4199-9479-6ee9ff82f4b3,Withdrawal,Health,39803.13,UPI,"Gaya, Bihar",Desktop,1,Clean,INR,+91940746XXXXXX,Mobile recharge,pii_email_cbb52148a14d
9391b6cb-e6e6-4617-8386-b3a33eea7f4e,pii_full_name_71c355b7c3d0,Female,32,Bihar,Gaya,Gaya Branch,Business,07a7e60c-c644-4cb8-a57d-d05a1110f43a,17-05-2025,02:07:19,72133.51,7a8e4fc3-7d15-481d-b6a4-34b2cecf2767,Bill Payment,Health,45626.37,UPI,"Gaya, Bihar",POS,0,Clean,INR,+91940746XXXXXX,Utility bill,pii_email_cbb52148a14d
9391b6cb-e6e6-4617-8386-b3a33eea7f4e,pii_full_name_71c355b7c3d0,Female,32,Bihar,Gaya,Gaya Branch,Business,4058fa5e-79bc-40c6-ab50-a74ec05ea1cf,02-06-2025,11:02:27,3025.51,1a2a6fd9-f7bd-402e-881a-2d8cb2ebc456,Debit,Groceries,42441.87,Chip Card,"Gaya, Bihar",Desktop,1,Money Laundering,INR,+91940746XXXXXX,Currency exchange,pii_email_cbb52148a14d
9391b6cb-e6e6-4617-8386-b3a33eea7f4e,pii_full_name_71c355b7c3d0,Female,32,Bihar,Gaya,Gaya Branch,Business,165b43a5-7bb6-4a22-b857-75a3286694d8,02-06-2025,12:13:37,3734.96,8e21d1ff-a0db-408c-8f61-0636ce2315b0,Transfer,Clothing,47671.19,Internet Banking,"Gaya, Bihar",Mobile,1,Money Laundering,INR,+91940746XXXXXX,Currency exchange,pii_email_cbb52148a14d
9391b6cb-e6e6-4617-8386-b3a33eea7f4e,pii_full_name_71c355b7c3d0,Female,32,Bihar,Gaya,Gaya Branch,Business,40f706b6-f133-4318-aa23-903696c553ac,02-06-2025,14:36:19,1661.87,fdba588a-d789-484a-a024-e92c12a56689,Transfer,Health,39572.58,POS Mobile Device,"Gaya, Bihar",POS,1,Money Laundering,INR,+91940746XXXXXX,Cash transfer,pii_email_cbb52148a14d
9391b6cb-e6e6-4617-8386-b3a33eea7f4e,pii_full_name_71c355b7c3d0,Female,32,Bihar,Gaya,Gaya Branch,Business,595873d9-8d81-4888-ad3a-33cfa0486a95,02-06-2025,14:36:27,2475.73,cf0e6ca6-82bf-4c01-84ed-3bd478b4a1c8,Credit,Clothing,34729.91,Voice Assistant,"Gaya, Bihar",POS,1,Money Laundering,INR,+91940746XXXXXX,Large cash deposit,pii_email_cbb52148a14d
9391b6cb-e6e6-4617-8386-b3a33eea7f4e,pii_full_name_71c355b7c3d0,Female,32,Bihar,Gaya,Gaya Branch,Business,cde06c4a-403a-4de8-8a60-06afec732d15,25-08-2025,13:57:53,18207.91,9bb6df8b-7e37-4604-805c-6a392c0a4a3e,Debit,Electronics,58614.98,Internet Banking,"Gaya, Bihar",POS,0,Clean,INR,+91940746XXXXXX,Movie tickets,pii_email_cbb52148a14d
9391b6cb-e6e6-4617-8386-b3a33eea7f4e,pii_full_name_71c355b7c3d0,Female,32,Bihar,Gaya,Gaya Branch,Business,5b843d19-faa8-4cba-bc75-8f7accb923d0,13-09-2025,15:23:44,57752.55,f50ebff1-0702-4584-a778-5d0369d1e56c,Withdrawal,Health,52839.72,Contactless Card,"Gaya, Bihar",POS,0,Clean,INR,+91940746XXXXXX,Gym membership,pii_email_cbb52148a14d
9432dc8e-cb36-4ad1-b942-82f37d72f534,pii_full_name_1c303ab7e5d6,Male,61,Rajasthan,Jodhpur,Jodhpur Branch,Business,b2359b26-a03d-4fa7-bd22-5e1382151ae6,09-01-2025,00:35:33,12732.21,5914c945-57ba-4bbb-8147-c2429cc47435,Transfer,Clothing,24425.62,Phone Banking,"Jodhpur, Rajasthan",Desktop,0,Clean,INR,+91937935XXXXXX,Electricity bill,pii_email_bd0ea9dfdd5a
9432dc8e-cb36-4ad1-b942-82f37d72f534,pii_full_name_1c303ab7e5d6,Male,61,Rajasthan,Jodhpur,Jodhpur Branch,Business,d57a937e-8cc9-437b-b49d-2250aeb8ada0,13-01-2025,03:14:05,14550.79,9bf061b7-d7ef-4fa2-bba5-2ec0bfa20fcc,Withdrawal,Entertainment,15000.15,Phone Banking,"Jodhpur, Rajasthan",Desktop,0,Clean,INR,+91937935XXXXXX,Bus ticket,pii_email_bd0ea9dfdd5a
9432dc8e-cb36-4ad1-b942-82f37d72f534,pii_full_name_1c303ab7e5d6,Male,61,Rajasthan,Jodhpur,Jodhpur Branch,Business,a181b7e0-275e-4e0e-bdc7-e81ef7344f84,25-01-2025,16:36:18,38668.83,350d2760-d20c-4aab-970a-32f51a17f888,Bill Payment,Restaurant,11133.27,Debit/Credit Card,"Jodhpur, Rajasthan",Desktop,0,Clean,INR,+91937935XXXXXX,Grocery delivery,pii_email_bd0ea9dfdd5a
9432dc8e-cb36-4ad1-b942-82f37d72f534,pii_full_name_1c303ab7e5d6,Male,61,Rajasthan,Jodhpur,Jodhpur Branch,Business,3849e2e0-152e-49c5-892f-acf3e308a780,08-02-2025,22:24:39,78959.65,2bca83ec-37fc-4439-b7f8-23ce57920829,Transfer,Entertainment,25926.64,Virtual Card,"Jodhpur, Rajasthan",POS,1,Money Laundering,INR,+91937935XXXXXX,Flight ticket,pii_email_bd0ea9dfdd5a
9432dc8e-cb36-4ad1-b942-82f37d72f534,pii_full_name_1c303ab7e5d6,Male,61,Rajasthan,Jodhpur,Jodhpur Branch,Business,ff1b9f02-bcfd-4e47-a906-0d1360e15e95,23-04-2025,06:41:36,27742.43,5dfdfe05-76a9-4af5-a216-162768ce0e54,Bill Payment,Restaurant,23152.4,Debit/Credit Card,"Jodhpur, Rajasthan",ATM,0,Clean,INR,+91937935XXXXXX,Utility bill,pii_email_bd0ea9dfdd5a
9432dc8e-cb36-4ad1-b942-82f37d72f534,pii_full_name_1c303ab7e5d6,Male,61,Rajasthan,Jodhpur,Jodhpur Branch,Business,b833daed-6c38-4b31-8a5a-2b9308177058,19-05-2025,12:49:17,97798.41,06d2b101-242d-4cc9-b4d3-86914f518fd9,Transfer,Electronics,20499.51,ATM,"Jodhpur, Rajasthan",ATM,0,Clean,INR,+91937935XXXXXX,Mutual fund investment,pii_email_bd0ea9dfdd5a
9432dc8e-cb36-4ad1-b942-82f37d72f534,pii_full_name_1c303ab7e5d6,Male,61,Rajasthan,Jodhpur,Jodhpur Branch,Business,36df6683-5995-4ab6-80c3-0c50dcc4f394,03-06-2025,20:17:58,43567.47,1b742123-5a7e-4290-95ed-ce6f5d12805b,Bill Payment,Clothing,20068.88,ATM,"Jodhpur, Rajasthan",Desktop,0,Clean,INR,+91937935XXXXXX,Salary credit,pii_email_bd0ea9dfdd5a
9432dc8e-cb36-4ad1-b942-82f37d72f534,pii_full_name_1c303ab7e5d6,Male,61,Rajasthan,Jodhpur,Jodhpur Branch,Business,a036c16d-11b7-4ae3-8170-3e9e5ff802c6,30-07-2025,00:25:40,87848.55,774495a1-1537-4e40-a3fc-75d642877236,Debit,Restaurant,5029.66,Branch Counter,"Jodhpur, Rajasthan",Mobile,0,Clean,INR,+91937935XXXXXX,Electricity bill,pii_email_bd0ea9dfdd5a
9432dc8e-cb36-4ad1-b942-82f37d72f534,pii_full_name_1c303ab7e5d6,Male,61,Rajasthan,Jodhpur,Jodhpur Branch,Business,77308d81-44e9-4e7a-a93a-abe50b33b389,25-08-2025,05:54:59,36136.48,ccad1bf8-4118-44f0-8161-f6aeaf92fe93,Bill Payment,Electronics,16455.23,Voice Assistant,"Jodhpur, Rajasthan",Mobile,0,Clean,INR,+91937935XXXXXX,Salary credit,pii_email_bd0ea9dfdd5a
9432dc8e-cb36-4ad1-b942-82f37d72f534,pii_full_name_1c303ab7e5d6,Male,61,Rajasthan,Jodhpur,Jodhpur Branch,Business,96a1acc9-529f-4386-a1a3-d529a969f871,31-08-2025,14:57:13,37913.67,286ccc46-8ed6-47e9-806a-16d9cbb703d9,Transfer,Health,10719.67,ATM Booth Kiosk,"Jodhpur, Rajasthan",ATM,0,Clean,INR,+91937935XXXXXX,Hotel booking,pii_email_bd0ea9dfdd5a
9445a868-48d1-4841-9467-10426456eebd,pii_full_name_b12e82ed9b6e,Male,34,Bihar,Gaya,Gaya Branch,Checking,06e0d97c-76d9-46db-a80f-eba8eac6cea0,30-01-2025,23:22:08,10144.65,934f93ad-a0e2-4c79-828c-d55b84ab1584,Credit,Entertainment,6044.13,Video Banking,"Gaya, Bihar",Desktop,0,Clean,INR,+91972981XXXXXX,Salary credit,pii_email_f1b8a8450d40
9445a868-48d1-4841-9467-10426456eebd,pii_full_name_b12e82ed9b6e,Male,34,Bihar,Gaya,Gaya Branch,Checking,8e6e9ac4-212c-49c6-92db-036aed608a94,21-04-2025,15:03:11,36930.54,94f6e083-3f37-499c-8800-f264ca951648,Withdrawal,Clothing,5029.66,Internet Banking,"Gaya, Bihar",Desktop,0,Clean,INR,+91972981XXXXXX,Hotel booking,pii_email_f1b8a8450d40
9445a868-48d1-4841-9467-10426456eebd,pii_full_name_b12e82ed9b6e,Male,34,Bihar,Gaya,Gaya Branch,Checking,9ca4a483-ce50-41d4-965d-bd64b0fff74c,28-06-2025,19:45:52,45812.05,94e5a1a5-442c-40fd-90ff-95101da94db3,Bill Payment,Health,5381.52,Self-service Banking Machine,"Gaya, Bihar",Mobile,0,Clean,INR,+91972981XXXXXX,Utility bill,pii_email_f1b8a8450d40
9445a868-48d1-4841-9467-10426456eebd,pii_full_name_b12e82ed9b6e,Male,34,Bihar,Gaya,Gaya Branch,Checking,659058f3-b425-4a1c-a35f-a7101aef1138,29-06-2025,02:07:58,86154.45,a09aec6b-c289-4d90-80c6-7ced8430f942,Withdrawal,Health,5029.66,Biometric ATM,"Gaya, Bihar",ATM,0,Clean,INR,+91972981XXXXXX,Online shopping,pii_email_f1b8a8450d40
9445a868-48d1-4841-9467-10426456eebd,pii_full_name_b12e82ed9b6e,Male,34,Bihar,Gaya,Gaya Branch,Checking,61713863-2ecf-4ece-852e-06e5dbc9b93e,05-07-2025,14:23:48,45241.52,bed5845f-62b2-4c13-b3f5-bde71d198ea5,Debit,Health,6261.48,Contactless Card,"Gaya, Bihar",Mobile,0,Clean,INR,+91972981XXXXXX,Pharmacy bill,pii_email_f1b8a8450d40
9445a868-48d1-4841-9467-10426456eebd,pii_full_name_b12e82ed9b6e,Male,34,Bihar,Gaya,Gaya Branch,Checking,22207091-0db9-4f53-8266-aa9a51f1148a,07-07-2025,03:10:50,98999.99,c8a951c9-0a87-4d0a-9c52-9dd0e806b23f,Withdrawal,Health,5029.66,Biometric ATM,"Gaya, Bihar",Desktop,0,Money Laundering,INR,+91972981XXXXXX,Salary credit,pii_email_f1b8a8450d40
9445a868-48d1-4841-9467-10426456eebd,pii_full_name_b12e82ed9b6e,Male,34,Bihar,Gaya,Gaya Branch,Checking,a8965d29-48d0-4154-8a68-76be5da79281,17-07-2025,06:13:10,65036.77,3f7bfc10-6c08-40bc-bb93-b80e01439cd1,Withdrawal,Electronics,5029.66,Chip Card,"Gaya, Bihar",POS,0,Clean,INR,+91972981XXXXXX,Bitcoin transaction,pii_email_f1b8a8450d40
9445a868-48d1-4841-9467-10426456eebd,pii_full_name_b12e82ed9b6e,Male,34,Bihar,Gaya,Gaya Branch,Checking,ecb9054a-2d62-43ac-a4f0-38f6720e87e1,16-08-2025,12:03:09,49330.62,1897e7cb-f8d0-4e39-80cd-2691ffb83dcb,Credit,Entertainment,9962.72,Biometric ATM,"Gaya, Bihar",Desktop,0,Clean,INR,+91972981XXXXXX,Gas bill,pii_email_f1b8a8450d40
9445a868-48d1-4841-9467-10426456eebd,pii_full_name_b12e82ed9b6e,Male,34,Bihar,Gaya,Gaya Branch,Checking,df7d29d7-fdef-4d8b-bd3e-d72121ce37f0,19-09-2025,10:33:30,11125.19,f831241b-96b3-4184-8de0-7aa9a126f33e,Transfer,Clothing,6142.18,Digital Wallet,"Gaya, Bihar",Desktop,1,Clean,INR,+91972981XXXXXX,Bus ticket,pii_email_f1b8a8450d40
9445a868-48d1-4841-9467-10426456eebd,pii_full_name_b12e82ed9b6e,Male,34,Bihar,Gaya,Gaya Branch,Checking,8222b877-4d57-4a87-89f5-bd997a929090,10-10-2025,14:31:27,32183.03,406f5e2c-e9c9-4557-bc88-3ae3f1316ece,Withdrawal,Health,5029.66,Virtual Card,"Gaya, Bihar",POS,0,Clean,INR,+91972981XXXXXX,Grocery delivery,pii_email_f1b8a8450d40
9445a868-48d1-4841-9467-10426456eebd,pii_full_name_b12e82ed9b6e,Male,34,Bihar,Gaya,Gaya Branch,Checking,0382342a-bf6e-4efa-bfa0-ce36a759a21a,10-12-2025,05:59:53,13114.32,1c4ff386-aaa6-41c9-bab4-4145e51508b4,Withdrawal,Clothing,5029.66,POS Mobile App,"Gaya, Bihar",ATM,0,Clean,INR,+91972981XXXXXX,Restaurant dining,pii_email_f1b8a8450d40
9470adae-54c2-4247-979a-4549619e2774,pii_full_name_db3becc237e2,Female,22,Lakshadweep,Kavaratti,Kavaratti Branch,Business,fd627700-9c71-4344-be0a-fab549099965,23-01-2025,09:36:07,46259.28,8191c273-a8c9-4302-bb3b-c88a2c11c69c,Debit,Restaurant,58376.33,Voice Assistant,"Kavaratti, Lakshadweep",POS,0,Clean,INR,+91913812XXXXXX,Movie tickets,pii_email_a3fa45073c46
9470adae-54c2-4247-979a-4549619e2774,pii_full_name_db3becc237e2,Female,22,Lakshadweep,Kavaratti,Kavaratti Branch,Business,3bfe43e1-2f98-4690-a2dc-14ba702878bd,28-01-2025,15:34:15,33380.65,fda47ec8-4c57-413e-abb7-85b629d84e0e,Transfer,Health,67096.05,Voice Assistant,"Kavaratti, Lakshadweep",POS,1,Clean,INR,+91913812XXXXXX,Gym membership,pii_email_a3fa45073c46
9470adae-54c2-4247-979a-4549619e2774,pii_full_name_db3becc237e2,Female,22,Lakshadweep,Kavaratti,Kavaratti Branch,Business,73b182a6-5725-447f-aba7-b9c71d1777d2,16-02-2025,20:49:29,56605.54,8ffedfbf-0afe-4e89-8776-2356b518efdd,Debit,Restaurant,49432.47,Self-service Banking Machine,"Kavaratti, Lakshadweep",ATM,0,Clean,INR,+91913812XXXXXX,Debt repayment,pii_email_a3fa45073c46
9470adae-54c2-4247-979a-4549619e2774,pii_full_name_db3becc237e2,Female,22,Lakshadweep,Kavaratti,Kavaratti Branch,Business,baf9e040-8d56-4a78-9ba1-01b062cf0154,22-02-2025,23:33:49,12358.67,1696033d-308b-4b82-aca8-f883f7eb3b45,Bill Payment,Electronics,57711.53,Internet Banking,"Kavaratti, Lakshadweep",POS,0,Clean,INR,+91913812XXXXXX,Gym membership,pii_email_a3fa45073c46
9470adae-54c2-4247-979a-4549619e2774,pii_full_name_db3becc237e2,Female,22,Lakshadweep,Kavaratti,Kavaratti Branch,Business,2a9b0550-e2c5-46ee-859e-d5400366faa2,24-04-2025,06:04:41,4734.9,28fca0d3-634d-43f5-84d7-468493bffd49,Debit,Groceries,55110.93,Digital Wallet,"Kavaratti, Lakshadweep",Mobile,0,Clean,INR,+91913812XXXXXX,Jewelry purchase,pii_email_a3fa45073c46
9470adae-54c2-4247-979a-4549619e2774,pii_full_name_db3becc237e2,Female,22,Lakshadweep,Kavaratti,Kavaratti Branch,Business,6456034c-6c19-4bc1-a28c-1c0e90c3003f,26-05-2025,19:57:31,5542.48,489b54f9-9205-4ae0-a590-47da56cd9dad,Withdrawal,Health,57157.29,Video Banking,"Kavaratti, Lakshadweep",POS,0,Clean,INR,+91913812XXXXXX,Food delivery,pii_email_a3fa45073c46
9470adae-54c2-4247-979a-4549619e2774,pii_full_name_db3becc237e2,Female,22,Lakshadweep,Kavaratti,Kavaratti Branch,Business,3892c2e4-24ed-4564-b960-431767d2bf3a,13-06-2025,05:27:02,2703.93,147c756f-cf7e-4b9c-8ae9-c443c461c725,Bill Payment,Restaurant,56886.89,Voice Assistant,"Kavaratti, Lakshadweep",ATM,1,Clean,INR,+91913812XXXXXX,Electricity bill,pii_email_a3fa45073c46
9470adae-54c2-4247-979a-4549619e2774,pii_full_name_db3becc237e2,Female,22,Lakshadweep,Kavaratti,Kavaratti Branch,Business,b24e997c-ac89-40bd-95d9-a5ca7d1d5adf,22-06-2025,11:03:41,14224.3,c7e828c5-cd67-45df-965f-31b8963f77b5,Transfer,Health,63757.98,Branch Counter,"Kavaratti, Lakshadweep",Desktop,0,Clean,INR,+91913812XXXXXX,Pharmacy bill,pii_email_a3fa45073c46
9470adae-54c2-4247-979a-4549619e2774,pii_full_name_db3becc237e2,Female,22,Lakshadweep,Kavaratti,Kavaratti Branch,Business,655554dd-e39a-4076-9fc4-e82394f590ae,26-06-2025,16:12:31,32833.05,5485be84-9c2a-4319-8dfa-76d3fbf0caa2,Debit,Health,55093.02,Contactless Card,"Kavaratti, Lakshadweep",ATM,0,Clean,INR,+91913812XXXXXX,Salary credit,pii_email_a3fa45073c46
9470adae-54c2-4247-979a-4549619e2774,pii_full_name_db3becc237e2,Female,22,Lakshadweep,Kavaratti,Kavaratti Branch,Business,ab5a6547-b230-4cd3-a27c-4535c4b9ba7e,28-06-2025,03:23:37,54486.57,ca2acf0f-3660-4352-8527-0ca7cc1348b9,Credit,Health,62335.55,Self-service Banking Machine,"Kavaratti, Lakshadweep",Desktop,0,Clean,INR,+91913812XXXXXX,Gas bill,pii_email_a3fa45073c46
9470adae-54c2-4247-979a-4549619e2774,pii_full_name_db3becc237e2,Female,22,Lakshadweep,Kavaratti,Kavaratti Branch,Business,0fcf0762-5511-497d-890d-7f05d5473dc0,01-07-2025,12:45:52,93859.91,25af5a33-3a6d-430d-b938-018e6a05e9ac,Transfer,Health,76482.04,Self-service Banking Machine,"Kavaratti, Lakshadweep",Mobile,0,Clean,INR,+91913812XXXXXX,Gym membership,pii_email_a3fa45073c46
9470adae-54c2-4247-979a-4549619e2774,pii_full_name_db3becc237e2,Female,22,Lakshadweep,Kavaratti,Kavaratti Branch,Business,69542ce6-edb1-4b67-a62f-f163e77f4a83,21-07-2025,19:29:32,60229.75,d284341e-7af9-474a-855f-702e745d1c47,Withdrawal,Health,41171.99,ATM,"Kavaratti, Lakshadweep",Mobile,0,Clean,INR,+91913812XXXXXX,Pharmacy bill,pii_email_a3fa45073c46
9470adae-54c2-4247-979a-4549619e2774,pii_full_name_db3becc237e2,Female,22,Lakshadweep,Kavaratti,Kavaratti Branch,Business,925f80ae-7d1f-4272-981b-6b94bb36e328,24-07-2025,13:32:01,40598.05,d5b30b3b-47f8-4515-8ff1-17b8ba3851fa,Credit,Electronics,59469.92,POS Mobile App,"Kavaratti, Lakshadweep",POS,0,Clean,INR,+91913812XXXXXX,Pharmacy bill,pii_email_a3fa45073c46
9470adae-54c2-4247-979a-4549619e2774,pii_full_name_db3becc237e2,Female,22,Lakshadweep,Kavaratti,Kavaratti Branch,Business,9f0c9adf-d025-4a8d-8e7f-dc45c823bb26,03-08-2025,00:59:01,37758.11,14180b05-4a28-4641-8bfa-b76259f9a15b,Withdrawal,Groceries,63002.26,Magnetic Strip Card,"Kavaratti, Lakshadweep",POS,0,Clean,INR,+91913812XXXXXX,Taxi fare,pii_email_a3fa45073c46
9470adae-54c2-4247-979a-4549619e2774,pii_full_name_db3becc237e2,Female,22,Lakshadweep,Kavaratti,Kavaratti Branch,Business,51b1e3f7-81a0-4592-bbef-4f2a8a850cc1,16-08-2025,16:02:54,22375.05,c4972bfe-7b2e-4f86-bb1c-996cd0e23214,Withdrawal,Entertainment,47194.96,ATM Booth Kiosk,"Kavaratti, Lakshadweep",POS,0,Clean,INR,+91913812XXXXXX,Cash withdrawal,pii_email_a3fa45073c46
9470adae-54c2-4247-979a-4549619e2774,pii_full_name_db3becc237e2,Female,22,Lakshadweep,Kavaratti,Kavaratti Branch,Business,b914ec72-9ac6-426e-9c19-6023e99fd06d,09-10-2025,07:40:44,22146.16,edf0520c-825e-4bf7-9535-59fec970be37,Transfer,Electronics,57325.55,Branch Counter,"Kavaratti, Lakshadweep",Mobile,0,Clean,INR,+91913812XXXXXX,EMI payment,pii_email_a3fa45073c46
9470adae-54c2-4247-979a-4549619e2774,pii_full_name_db3becc237e2,Female,22,Lakshadweep,Kavaratti,Kavaratti Branch,Business,8442f001-f13a-45e8-b5db-39939faa5b5c,23-10-2025,01:03:49,97039.69,6f7d1849-7071-4f07-938b-1767fbdda25e,Debit,Clothing,66778.07,ATM Booth Kiosk,"Kavaratti, Lakshadweep",Mobile,0,Clean,INR,+91913812XXXXXX,Bus ticket,pii_email_a3fa45073c46
9470adae-54c2-4247-979a-4549619e2774,pii_full_name_db3becc237e2,Female,22,Lakshadweep,Kavaratti,Kavaratti Branch,Business,adf6cd37-518e-4400-a19b-bc3a0a2ac580,27-10-2025,18:40:09,38854.99,ea44c723-2ecd-492f-ab5f-48e3d3db53a0,Bill Payment,Clothing,55584.42,POS Mobile Device,"Kavaratti, Lakshadweep",POS,0,Clean,INR,+91913812XXXXXX,Taxi fare,pii_email_a3fa45073c46
9470adae-54c2-4247-979a-4549619e2774,pii_full_name_db3becc237e2,Female,22,Lakshadweep,Kavaratti,Kavaratti Branch,Business,4ba4729f-24f4-4ed0-b202-869d24f2a596,15-12-2025,01:26:45,16218.54,01434298-5566-4386-a135-b5090eec10c3,Credit,Entertainment,58947.4,Chip Card,"Kavaratti, Lakshadweep",ATM,0,Clean,INR,+91913812XXXXXX,Debt repayment,pii_email_a3fa45073c46
9524c626-efe1-40a0-b985-6de75e3b88aa,pii_full_name_85354ab0c600,Female,33,Chhattisgarh,Raipur,Raipur Branch,Savings,29782336-ae57-4d29-b8aa-4739dfec5bc0,03-02-2025,01:04:54,97805.3,53358eae-0db7-4a5c-bd61-65404b64f2d6,Bill Payment,Restaurant,72365.71,Internet Banking,"Raipur, Chhattisgarh",Desktop,0,Clean,INR,+91998614XXXXXX,Online shopping,pii_email_eccf866dd56c
9524c626-efe1-40a0-b985-6de75e3b88aa,pii_full_name_85354ab0c600,Female,33,Chhattisgarh,Raipur,Raipur Branch,Savings,214146f7-0986-49a9-a11c-83c653505909,14-02-2025,17:13:35,29515.46,3953b71e-1525-45d3-8986-597c2feeab3a,Withdrawal,Electronics,82146.24,Digital Wallet,"Raipur, Chhattisgarh",POS,0,Clean,INR,+91998614XXXXXX,Bus ticket,pii_email_eccf866dd56c
9524c626-efe1-40a0-b985-6de75e3b88aa,pii_full_name_85354ab0c600,Female,33,Chhattisgarh,Raipur,Raipur Branch,Savings,f34344f9-3448-4066-9ffa-8f2a77962e5a,27-02-2025,19:39:37,45265.6,520d6c81-41ee-455d-a9c0-cd79cc59555d,Credit,Entertainment,75654.36,ATM,"Raipur, Chhattisgarh",POS,0,Clean,INR,+91998614XXXXXX,Utility bill,pii_email_eccf866dd56c
9524c626-efe1-40a0-b985-6de75e3b88aa,pii_full_name_85354ab0c600,Female,33,Chhattisgarh,Raipur,Raipur Branch,Savings,3940ce7d-8c8f-4f2c-be58-f596017d3a00,08-05-2025,18:20:07,12379.11,647e61ad-abf4-4311-9ad4-1f42394ec41d,Debit,Entertainment,71127.8,Biometric ATM,"Raipur, Chhattisgarh",Desktop,1,Clean,INR,+91998614XXXXXX,Pharmacy bill,pii_email_eccf866dd56c
9524c626-efe1-40a0-b985-6de75e3b88aa,pii_full_name_85354ab0c600,Female,33,Chhattisgarh,Raipur,Raipur Branch,Savings,3593bfbb-1858-48ea-909e-a922974a301a,14-07-2025,21:48:21,85489.84,a5062221-918f-41cc-be2c-dbadfde2ea98,Debit,Electronics,85642.8,POS Mobile Device,"Raipur, Chhattisgarh",POS,0,Clean,INR,+91998614XXXXXX,Mobile recharge,pii_email_eccf866dd56c
9524c626-efe1-40a0-b985-6de75e3b88aa,pii_full_name_85354ab0c600,Female,33,Chhattisgarh,Raipur,Raipur Branch,Savings,0ed6d9a8-299c-4b8a-8795-69b900098264,09-12-2025,21:52:19,5450.14,f2b7befd-ee46-4efe-8c0c-78f196de4937,Debit,Electronics,85097.78,Video Banking,"Raipur, Chhattisgarh",Mobile,0,Clean,INR,+91998614XXXXXX,Debt repayment,pii_email_eccf866dd56c
95eb221d-cc70-4149-97e2-38cec19edc0a,pii_full_name_a3572dd46db1,Male,70,West Bengal,Siliguri,Siliguri Branch,Checking,eba77507-47e6-4e06-95a1-b710a9c6e2e4,03-01-2025,18:50:55,62872.17,99814e5c-918b-4ece-97e5-c988e247eb73,Bill Payment,Electronics,11001.87,ATM,"Siliguri, West Bengal",ATM,0,Clean,INR,+91955445XXXXXX,Taxi fare,pii_email_8886af376b7c
95eb221d-cc70-4149-97e2-38cec19edc0a,pii_full_name_a3572dd46db1,Male,70,West Bengal,Siliguri,Siliguri Branch,Checking,5196175e-d8e0-4cd6-990a-7ca500f66aa8,17-01-2025,01:07:35,10220.93,fbef7d2d-5b9e-4c87-883d-d60117fc0d79,Transfer,Groceries,8962.55,POS Mobile Device,"Siliguri, West Bengal",Desktop,1,Clean,INR,+91955445XXXXXX,Electricity bill,pii_email_8886af376b7c
95eb221d-cc70-4149-97e2-38cec19edc0a,pii_full_name_a3572dd46db1,Male,70,West Bengal,Siliguri,Siliguri Branch,Checking,403b58d4-3886-4c91-9555-52bb23f95b76,10-02-2025,11:28:24,17440.76,98b315d6-24d7-400d-aa98-151bc41d33c8,Credit,Restaurant,7940.46,POS Mobile Device,"Siliguri, West Bengal",POS,0,Clean,INR,+91955445XXXXXX,EMI payment,pii_email_8886af376b7c
95eb221d-cc70-4149-97e2-38cec19edc0a,pii_full_name_a3572dd46db1,Male,70,West Bengal,Siliguri,Siliguri Branch,Checking,a98f1bd9-bb9a-4a72-875d-ed56b7a36ae5,08-03-2025,22:09:04,89776.92,7027df44-4492-495a-b132-85f17a3508eb,Debit,Groceries,9493.48,Virtual Card,"Siliguri, West Bengal",Desktop,0,Clean,INR,+91955445XXXXXX,Gas bill,pii_email_8886af376b7c
95eb221d-cc70-4149-97e2-38cec19edc0a,pii_full_name_a3572dd46db1,Male,70,West Bengal,Siliguri,Siliguri Branch,Checking,759960a1-8f74-41c9-9bd7-fab37e479cd0,08-03-2025,23:25:14,48630.13,c8bcef56-dc19-4f9f-a53f-130e654275ac,Bill Payment,Restaurant,20181.48,Magnetic Strip Card,"Siliguri, West Bengal",Mobile,0,Clean,INR,+91955445XXXXXX,Cash withdrawal,pii_email_8886af376b7c
95eb221d-cc70-4149-97e2-38cec19edc0a,pii_full_name_a3572dd46db1,Male,70,West Bengal,Siliguri,Siliguri Branch,Checking,e05f89a5-b645-4937-8cf2-93a8cf27ed91,09-03-2025,18:22:17,64811.99,b122815e-2e61-451e-9692-71804366d07a,Transfer,Restaurant,15974.68,Digital Wallet,"Siliguri, West Bengal",POS,0,Clean,INR,+91955445XXXXXX,Bitcoin transaction,pii_email_8886af376b7c
95eb221d-cc70-4149-97e2-38cec19edc0a,pii_full_name_a3572dd46db1,Male,70,West Bengal,Siliguri,Siliguri Branch,Checking,087835f7-ee5c-405a-accc-dbf3a938847e,05-06-2025,20:39:16,1293.21,4adf4e08-8bc0-4aa7-ad26-886fbc7a78a3,Debit,Entertainment,17289.09,Branch Counter,"Siliguri, West Bengal",Mobile,0,Clean,INR,+91955445XXXXXX,Movie tickets,pii_email_8886af376b7c
95eb221d-cc70-4149-97e2-38cec19edc0a,pii_full_name_a3572dd46db1,Male,70,West Bengal,Siliguri,Siliguri Branch,Checking,1e667183-3305-4d5f-916f-b60fd822bced,10-06-2025,06:23:08,66494.92,b05aa881-7b25-4c79-ae3e-578daee7ce23,Credit,Electronics,17321.34,POS Mobile Device,"Siliguri, West Bengal",Desktop,0,Clean,INR,+91955445XXXXXX,Flight ticket,pii_email_8886af376b7c
95eb221d-cc70-4149-97e2-38cec19edc0a,pii_full_name_a3572dd46db1,Male,70,West Bengal,Siliguri,Siliguri Branch,Checking,e52cc41a-442e-41c7-80a5-81e224d5e158,16-06-2025,11:03:09,77231.57,92010f57-5ec6-40e5-accd-9aa43c7f2119,Credit,Electronics,25044.49,Internet Banking,"Siliguri, West Bengal",Desktop,0,Clean,INR,+91955445XXXXXX,Bus ticket,pii_email_8886af376b7c
95eb221d-cc70-4149-97e2-38cec19edc0a,pii_full_name_a3572dd46db1,Male,70,West Bengal,Siliguri,Siliguri Branch,Checking,f07e3218-e3d3-4529-8a82-12dae73e2fa4,05-08-2025,11:16:52,23997.91,9d21cedc-46fd-4b99-b942-1de6fd46a510,Bill Payment,Clothing,5029.66,ATM,"Siliguri, West Bengal",Mobile,0,Clean,INR,+91955445XXXXXX,Bitcoin transaction,pii_email_8886af376b7c
95eb221d-cc70-4149-97e2-38cec19edc0a,pii_full_name_a3572dd46db1,Male,70,West Bengal,Siliguri,Siliguri Branch,Checking,1058cb4a-7739-47fa-a79f-dedbc71d5266,20-08-2025,02:00:00,76833.06,5e13bfd2-c055-4704-a1df-53441f003add,Bill Payment,Clothing,5029.66,Contactless Card,"Siliguri, West Bengal",ATM,0,Clean,INR,+91955445XXXXXX,Food delivery,pii_email_8886af376b7c
95eb221d-cc70-4149-97e2-38cec19edc0a,pii_full_name_a3572dd46db1,Male,70,West Bengal,Siliguri,Siliguri Branch,Checking,909ea809-3d6b-41b0-a8c3-4c62131295c5,30-10-2025,01:48:07,56421.84,398b54fa-7ef0-4c52-b009-f75bd78065d9,Transfer,Clothing,10671.84,UPI,"Siliguri, West Bengal",Desktop,0,Clean,INR,+91955445XXXXXX,Taxi fare,pii_email_8886af376b7c
95eb221d-cc70-4149-97e2-38cec19edc0a,pii_full_name_a3572dd46db1,Male,70,West Bengal,Siliguri,Siliguri Branch,Checking,2eabad58-52d9-4fa7-8ec7-40047e0afc1f,11-12-2025,05:17:00,48054.87,0f550d9a-2cee-42eb-937a-aaf221e6c295,Withdrawal,Electronics,6196.38,Biometric ATM,"Siliguri, West Bengal",Mobile,0,Clean,INR,+91955445XXXXXX,Jewelry purchase,pii_email_8886af376b7c
95eb221d-cc70-4149-97e2-38cec19edc0a,pii_full_name_a3572dd46db1,Male,70,West Bengal,Siliguri,Siliguri Branch,Checking,e03e4e32-dda4-4fa4-a129-12cfd3ded65b,14-12-2025,00:55:38,68586.23,bc722d5a-9055-4e57-a1e7-c1ddeaef281f,Transfer,Groceries,22833.31,Phone Banking,"Siliguri, West Bengal",Mobile,0,Clean,INR,+91955445XXXXXX,Bitcoin transaction,pii_email_8886af376b7c
95eb221d-cc70-4149-97e2-38cec19edc0a,pii_full_name_a3572dd46db1,Male,70,West Bengal,Siliguri,Siliguri Branch,Checking,a5aec78d-0a20-417f-b2e5-1cf0df18d24d,20-12-2025,19:40:31,17103.03,07599cd8-ef7c-4890-b68d-56a0f99ee6c4,Withdrawal,Entertainment,18471.18,Contactless Card,"Siliguri, West Bengal",ATM,0,Clean,INR,+91955445XXXXXX,Debt repayment,pii_email_8886af376b7c
97b31427-6c03-45c9-b1ab-a5d7e9419a6a,pii_full_name_1c24bceace64,Male,70,Karnataka,Mysore,Mysore Branch,Business,54224c78-09ba-44e5-a114-851ba5c6bff2,10-01-2025,17:11:35,52018.61,2e74dbcb-3e40-4af0-970e-d8a39f312755,Transfer,Groceries,66231.97,Internet Banking,"Mysore, Karnataka",Mobile,0,Clean,INR,+91926371XXXXXX,Debt repayment,pii_email_99788a69ed6b
97b31427-6c03-45c9-b1ab-a5d7e9419a6a,pii_full_name_1c24bceace64,Male,70,Karnataka,Mysore,Mysore Branch,Business,2596d0ba-8f80-43ad-9573-129d32b68951,29-01-2025,19:10:32,98802.13,c400fbad-ec1b-43e4-a6ec-04d6aa1f9501,Transfer,Health,70374.52,Voice Assistant,"Mysore, Karnataka",Mobile,1,Clean,INR,+91926371XXXXXX,EMI payment,pii_email_99788a69ed6b
97b31427-6c03-45c9-b1ab-a5d7e9419a6a,pii_full_name_1c24bceace64,Male,70,Karnataka,Mysore,Mysore Branch,Business,20801880-65e9-4aa2-98e3-3fcf770f5986,20-02-2025,02:11:28,34458.44,d416da34-12e1-4657-9943-4b37802aa514,Withdrawal,Entertainment,51394.26,Debit/Credit Card,"Mysore, Karnataka",POS,0,Clean,INR,+91926371XXXXXX,Electricity bill,pii_email_99788a69ed6b
97b31427-6c03-45c9-b1ab-a5d7e9419a6a,pii_full_name_1c24bceace64,Male,70,Karnataka,Mysore,Mysore Branch,Business,fe5694ee-cf52-46e4-a317-7fd75bdb440b,08-04-2025,01:29:12,46274.84,aad3e94d-c28e-425a-ab46-42b075fdaa14,Transfer,Entertainment,50656.85,QR Code Scanner,"Mysore, Karnataka",Desktop,0,Clean,INR,+91926371XXXXXX,Flight ticket,pii_email_99788a69ed6b
97b31427-6c03-45c9-b1ab-a5d7e9419a6a,pii_full_name_1c24bceace64,Male,70,Karnataka,Mysore,Mysore Branch,Business,15849e96-4609-40a8-a2f3-32d66f3b6eff,13-04-2025,06:12:40,10377.5,e4107486-a76e-4e89-92ed-9c28c9e6f634,Bill Payment,Entertainment,69207.2,Virtual Card,"Mysore, Karnataka",Mobile,0,Clean,INR,+91926371XXXXXX,Train ticket,pii_email_99788a69ed6b
97b31427-6c03-45c9-b1ab-a5d7e9419a6a,pii_full_name_1c24bceace64,Male,70,Karnataka,Mysore,Mysore Branch,Business,76889e08-f692-49b3-a5b6-2b4efabb0cdc,14-05-2025,18:04:31,69699.21,14edf3e4-b058-4fb6-9061-ed4afd9273a9,Credit,Electronics,58364.18,POS Mobile Device,"Mysore, Karnataka",Mobile,0,Clean,INR,+91926371XXXXXX,Electricity bill,pii_email_99788a69ed6b
97b31427-6c03-45c9-b1ab-a5d7e9419a6a,pii_full_name_1c24bceace64,Male,70,Karnataka,Mysore,Mysore Branch,Business,e6060bba-73e3-4660-8f93-63dafaf16370,03-06-2025,15:30:18,72854.08,a401b412-def9-4202-84c6-e1d4b5ef3ca8,Credit,Entertainment,60494.31,POS Mobile Device,"Mysore, Karnataka",Mobile,0,Clean,INR,+91926371XXXXXX,Mutual fund investment,pii_email_99788a69ed6b
97b31427-6c03-45c9-b1ab-a5d7e9419a6a,pii_full_name_1c24bceace64,Male,70,Karnataka,Mysore,Mysore Branch,Business,6adbd2a5-82d5-4639-839d-e4e99e1c7404,13-06-2025,10:46:17,87041.45,6e43897a-e1bb-41d1-81ab-460fff3cf76b,Bill Payment,Entertainment,61670.38,ATM,"Mysore, Karnataka",POS,0,Clean,INR,+91926371XXXXXX,Utility bill,pii_email_99788a69ed6b
97b31427-6c03-45c9-b1ab-a5d7e9419a6a,pii_full_name_1c24bceace64,Male,70,Karnataka,Mysore,Mysore Branch,Business,631f473d-5144-49d8-bd54-c79d3a828c47,22-06-2025,02:02:55,33068.85,fa7c2dbb-3658-4ccd-9b10-ff4b198fef1c,Bill Payment,Groceries,65900.32,Internet Banking,"Mysore, Karnataka",ATM,0,Clean,INR,+91926371XXXXXX,Flight ticket,pii_email_99788a69ed6b
97b31427-6c03-45c9-b1ab-a5d7e9419a6a,pii_full_name_1c24bceace64,Male,70,Karnataka,Mysore,Mysore Branch,Business,101b0645-4ba0-4cea-8d0a-dfa67fbea2b4,08-07-2025,20:44:25,70816.25,3dcd9575-090a-4638-a835-271060df36c3,Credit,Health,73313.6,Magnetic Strip Card,"Mysore, Karnataka",POS,1,Clean,INR,+91926371XXXXXX,Bitcoin transaction,pii_email_99788a69ed6b
97b31427-6c03-45c9-b1ab-a5d7e9419a6a,pii_full_name_1c24bceace64,Male,70,Karnataka,Mysore,Mysore Branch,Business,fa1218ff-a77a-492d-876c-1124a3f7d1a4,10-07-2025,18:01:17,6402.69,8293138f-4c19-4937-9fa7-e330498a52c2,Bill Payment,Clothing,61030.11,ATM Booth Kiosk,"Mysore, Karnataka",Desktop,0,Clean,INR,+91926371XXXXXX,Taxi fare,pii_email_99788a69ed6b
97b31427-6c03-45c9-b1ab-a5d7e9419a6a,pii_full_name_1c24bceace64,Male,70,Karnataka,Mysore,Mysore Branch,Business,849cd1e5-afc6-481b-9591-593bc230fcc9,18-07-2025,06:16:44,85891.61,e036a52b-fe0f-4913-b467-78552e385657,Withdrawal,Restaurant,54373.6,ATM Booth Kiosk,"Mysore, Karnataka",Desktop,0,Clean,INR,+91926371XXXXXX,Train ticket,pii_email_99788a69ed6b
97b31427-6c03-45c9-b1ab-a5d7e9419a6a,pii_full_name_1c24bceace64,Male,70,Karnataka,Mysore,Mysore Branch,Business,7121ff95-fe60-410a-9998-8d091ee9ca51,19-07-2025,10:44:06,29375.52,1ea263e3-cf45-4866-a143-9e9143b0409b,Debit,Restaurant,62962.76,ATM Booth Kiosk,"Mysore, Karnataka",ATM,0,Clean,INR,+91926371XXXXXX,Gym membership,pii_email_99788a69ed6b
97b31427-6c03-45c9-b1ab-a5d7e9419a6a,pii_full_name_1c24bceace64,Male,70,Karnataka,Mysore,Mysore Branch,Business,7f0af30f-1b9b-43e8-8d82-01d446f27bb4,16-09-2025,03:56:36,6778.51,e0d561ee-e7d2-4bf3-9d91-ece2d7dabbb0,Credit,Health,59042.03,Virtual Card,"Mysore, Karnataka",Mobile,0,Clean,INR,+91926371XXXXXX,Insurance premium,pii_email_99788a69ed6b
97b31427-6c03-45c9-b1ab-a5d7e9419a6a,pii_full_name_1c24bceace64,Male,70,Karnataka,Mysore,Mysore Branch,Business,ec4bd14e-c2f0-4c57-ab31-cf08faf92005,20-10-2025,18:30:09,26275.79,c4315bb3-7aa6-47d7-af6d-25e5d57a4f75,Bill Payment,Groceries,46029.36,Magnetic Strip Card,"Mysore, Karnataka",POS,0,Clean,INR,+91926371XXXXXX,Train ticket,pii_email_99788a69ed6b
97b31427-6c03-45c9-b1ab-a5d7e9419a6a,pii_full_name_1c24bceace64,Male,70,Karnataka,Mysore,Mysore Branch,Business,86c0a24d-90e0-4660-938c-525d9172da31,10-11-2025,18:33:43,68033.04,3fc801b1-167b-473d-a550-468e10bad854,Debit,Electronics,54840.1,Self-service Banking Machine,"Mysore, Karnataka",Mobile,0,Clean,INR,+91926371XXXXXX,Train ticket,pii_email_99788a69ed6b
97b31427-6c03-45c9-b1ab-a5d7e9419a6a,pii_full_name_1c24bceace64,Male,70,Karnataka,Mysore,Mysore Branch,Business,c1eb7a2d-57a8-43f0-8c50-3721b9a616c3,12-11-2025,09:37:44,242916.51,b2c35280-c4d9-42f8-8531-cc1d19f5beed,Withdrawal,Investment Services,0.0,,"Mysore, Karnataka",Mobile,1,APP Fraud,,,Utility arrears - avoid disconnection,pii_email_99788a69ed6b
97b31427-6c03-45c9-b1ab-a5d7e9419a6a,pii_full_name_1c24bceace64,Male,70,Karnataka,Mysore,Mysore Branch,Business,b84b0c5f-11de-4e4b-98ff-848aa644ccda,13-11-2025,11:37:40,258359.34,cc097b07-9ab1-4231-a1f7-0efd5bfb1780,Transfer,Consulting Services,0.0,,"Mysore, Karnataka",Mobile,1,APP Fraud,,,Utility arrears - avoid disconnection,pii_email_99788a69ed6b
97b31427-6c03-45c9-b1ab-a5d7e9419a6a,pii_full_name_1c24bceace64,Male,70,Karnataka,Mysore,Mysore Branch,Business,f06e7363-3547-4ee5-8a4e-8b7a82ea1575,13-11-2025,20:30:25,197525.83,9b643949-54d4-46b2-9752-36794131f507,Credit,Investment Services,0.0,,"Mysore, Karnataka",Mobile,1,APP Fraud,,,Transfer to safe account - security alert,pii_email_99788a69ed6b
97b31427-6c03-45c9-b1ab-a5d7e9419a6a,pii_full_name_1c24bceace64,Male,70,Karnataka,Mysore,Mysore Branch,Business,c13752dd-ae36-4960-90e9-29a7d9392374,14-11-2025,12:46:06,201548.47,f1cd2f19-73d3-4f90-8e60-f57eb8bdf2e9,Credit,Unknown Merchant,0.0,,"Mysore, Karnataka",Mobile,1,APP Fraud,,,Account verification payment,pii_email_99788a69ed6b
97b31427-6c03-45c9-b1ab-a5d7e9419a6a,pii_full_name_1c24bceace64,Male,70,Karnataka,Mysore,Mysore Branch,Business,7a8c9dea-d6f2-4d70-aee5-5513d6cb1172,30-11-2025,12:26:05,68037.43,db013d2e-8409-4b8f-8be0-706e22e88703,Credit,Restaurant,65845.78,QR Code Scanner,"Mysore, Karnataka",ATM,0,Clean,INR,+91926371XXXXXX,Flight ticket,pii_email_99788a69ed6b
97b31427-6c03-45c9-b1ab-a5d7e9419a6a,pii_full_name_1c24bceace64,Male,70,Karnataka,Mysore,Mysore Branch,Business,a185ef3d-8bbb-45e5-b393-69cd9fe8c41b,01-12-2025,16:28:07,57166.6,53f51b8e-a483-484f-a653-d8028e318fa9,Withdrawal,Electronics,48656.94,Debit/Credit Card,"Mysore, Karnataka",ATM,0,Clean,INR,+91926371XXXXXX,Gym membership,pii_email_99788a69ed6b
97b31427-6c03-45c9-b1ab-a5d7e9419a6a,pii_full_name_1c24bceace64,Male,70,Karnataka,Mysore,Mysore Branch,Business,1d042bae-50ee-4970-92f2-c8ed5081d9ac,13-12-2025,12:26:25,25520.54,13e8ee85-62c4-497a-999d-6f84c4b33680,Transfer,Health,53208.9,ATM Booth Kiosk,"Mysore, Karnataka",Mobile,0,Clean,INR,+91926371XXXXXX,Bus ticket,pii_email_99788a69ed6b
97b31427-6c03-45c9-b1ab-a5d7e9419a6a,pii_full_name_1c24bceace64,Male,70,Karnataka,Mysore,Mysore Branch,Business,242f7559-05e9-402a-837f-305c2cb29958,14-12-2025,10:58:25,43991.77,3a8ca10a-82ac-4776-819e-1bebeba0848c,Transfer,Groceries,70244.95,Digital Wallet,"Mysore, Karnataka",Desktop,0,Clean,INR,+91926371XXXXXX,Electricity bill,pii_email_99788a69ed6b
990f238d-0fe2-4505-857e-680e486cbf17,pii_full_name_8ed75dd8d181,Male,33,Chandigarh,Chandigarh,Chandigarh Branch,Checking,b956b70f-ad12-4e07-92d3-5ecadd2af7a2,28-01-2025,00:52:59,38423.47,67a19492-2709-45cc-b062-ae5e7a0667f1,Withdrawal,Groceries,40715.66,POS Mobile Device,"Chandigarh, Chandigarh",POS,0,Clean,INR,+91937696XXXXXX,Insurance premium,pii_email_0645094c9026
990f238d-0fe2-4505-857e-680e486cbf17,pii_full_name_8ed75dd8d181,Male,33,Chandigarh,Chandigarh,Chandigarh Branch,Checking,44a759bb-b81f-41cf-8034-6b05bc9471fd,20-06-2025,08:52:03,35093.38,d8f08116-ece6-44cd-b4cd-c4832b7f5989,Debit,Entertainment,47694.0,POS Mobile App,"Chandigarh, Chandigarh",POS,0,Clean,INR,+91937696XXXXXX,Electricity bill,pii_email_0645094c9026
990f238d-0fe2-4505-857e-680e486cbf17,pii_full_name_8ed75dd8d181,Male,33,Chandigarh,Chandigarh,Chandigarh Branch,Checking,9642b56b-91f8-46ec-9bab-e6119cc93fba,11-08-2025,04:57:55,31359.84,dc9841ba-8860-4aba-b26f-b983b030afeb,Withdrawal,Groceries,44558.01,POS Mobile App,"Chandigarh, Chandigarh",Mobile,0,Clean,INR,+91937696XXXXXX,Bitcoin transaction,pii_email_0645094c9026
9b64d331-17e3-4d8f-bd8d-d740f61fa2cb,pii_full_name_33e25c8ae631,Female,24,Andaman and Nicobar Islands,Diglipur,Diglipur Branch,Savings,d795a05d-c570-4f33-9636-d659cefeb00c,01-01-2025,01:38:09,80264.91,de7abe94-446b-4583-8057-99396c478112,Debit,Groceries,35907.69,Digital Wallet,"Diglipur, Andaman and Nicobar Islands",Desktop,0,Clean,INR,+91923284XXXXXX,Movie tickets,pii_email_cfbf37338959
9b64d331-17e3-4d8f-bd8d-d740f61fa2cb,pii_full_name_33e25c8ae631,Female,24,Andaman and Nicobar Islands,Diglipur,Diglipur Branch,Savings,8ef1e0f9-e405-4d4d-af64-789921637e50,16-01-2025,21:42:41,65675.73,e927bf39-8fc7-4fa6-a456-3b3e3076b4c0,Credit,Health,59044.38,Phone Banking,"Diglipur, Andaman and Nicobar Islands",ATM,0,Clean,INR,+91923284XXXXXX,Salary credit,pii_email_cfbf37338959
9b64d331-17e3-4d8f-bd8d-d740f61fa2cb,pii_full_name_33e25c8ae631,Female,24,Andaman and Nicobar Islands,Diglipur,Diglipur Branch,Savings,cd217f59-a70f-4213-979c-e9941ef64346,17-01-2025,09:30:59,13421.43,707a244a-2736-48a2-bcde-97d4d9a2b838,Withdrawal,Restaurant,42036.97,Magnetic Strip Card,"Diglipur, Andaman and Nicobar Islands",POS,0,Clean,INR,+91923284XXXXXX,Jewelry purchase,pii_email_cfbf37338959
9b64d331-17e3-4d8f-bd8d-d740f61fa2cb,pii_full_name_33e25c8ae631,Female,24,Andaman and Nicobar Islands,Diglipur,Diglipur Branch,Savings,2a709045-4cfe-4d27-aa77-73951ef5e42c,28-02-2025,20:18:33,48663.7,0fe5f228-8cdb-4399-bf16-1542d37854eb,Withdrawal,Groceries,41334.78,Phone Banking,"Diglipur, Andaman and Nicobar Islands",POS,0,Clean,INR,+91923284XXXXXX,Mutual fund investment,pii_email_cfbf37338959
9b64d331-17e3-4d8f-bd8d-d740f61fa2cb,pii_full_name_33e25c8ae631,Female,24,Andaman and Nicobar Islands,Diglipur,Diglipur Branch,Savings,2b90174f-8af1-492d-91e3-bf7c7cb59e57,12-03-2025,20:58:04,10114.25,1c90ad6f-6773-410a-ad35-e340c41c10e1,Transfer,Restaurant,21473.1,ATM Booth Kiosk,"Diglipur, Andaman and Nicobar Islands",Mobile,0,Clean,INR,+91923284XXXXXX,Insurance premium,pii_email_cfbf37338959
9b64d331-17e3-4d8f-bd8d-d740f61fa2cb,pii_full_name_33e25c8ae631,Female,24,Andaman and Nicobar Islands,Diglipur,Diglipur Branch,Savings,ab31feb9-84af-4b71-8799-e7cca6cf31e0,26-03-2025,09:19:49,77663.81,ec7a0b34-9239-4ae6-8a51-fcb421bb185f,Transfer,Electronics,12796.04,Self-service Banking Machine,"Diglipur, Andaman and Nicobar Islands",Desktop,0,Clean,INR,+91923284XXXXXX,Jewelry purchase,pii_email_cfbf37338959
9b64d331-17e3-4d8f-bd8d-d740f61fa2cb,pii_full_name_33e25c8ae631,Female,24,Andaman and Nicobar Islands,Diglipur,Diglipur Branch,Savings,7b541439-b317-4c38-9f83-8992b5a4193b,22-04-2025,17:22:52,67238.45,e27c8dfb-baa3-45d0-85fe-8425cc7303ed,Debit,Restaurant,52320.54,QR Code Scanner,"Diglipur, Andaman and Nicobar Islands",Mobile,0,Clean,INR,+91923284XXXXXX,Food delivery,pii_email_cfbf37338959
9b64d331-17e3-4d8f-bd8d-d740f61fa2cb,pii_full_name_33e25c8ae631,Female,24,Andaman and Nicobar Islands,Diglipur,Diglipur Branch,Savings,4403d2f4-df94-4a42-bd92-49afa76c10fd,12-05-2025,07:58:47,10494.54,71b66b7c-3e04-42a2-bdea-ea52212e15ae,Withdrawal,Electronics,46201.15,Voice Assistant,"Diglipur, Andaman and Nicobar Islands",Desktop,0,Clean,INR,+91923284XXXXXX,Utility bill,pii_email_cfbf37338959
9b64d331-17e3-4d8f-bd8d-d740f61fa2cb,pii_full_name_33e25c8ae631,Female,24,Andaman and Nicobar Islands,Diglipur,Diglipur Branch,Savings,f674c47b-ae57-446b-a16a-1e0031360383,15-05-2025,15:18:38,80219.03,5e3625d0-609e-47e1-89cb-62107c415977,Withdrawal,Restaurant,5029.66,Internet Banking,"Diglipur, Andaman and Nicobar Islands",Desktop,0,Clean,INR,+91923284XXXXXX,Insurance premium,pii_email_cfbf37338959
9b64d331-17e3-4d8f-bd8d-d740f61fa2cb,pii_full_name_33e25c8ae631,Female,24,Andaman and Nicobar Islands,Diglipur,Diglipur Branch,Savings,f7d1afe4-f175-4a6f-b54c-d81319e4360d,03-06-2025,15:39:16,97103.41,934c64c7-3cc3-4562-bcce-1a12d209c414,Bill Payment,Clothing,5912.35,Digital Wallet,"Diglipur, Andaman and Nicobar Islands",POS,1,Clean,INR,+91923284XXXXXX,Salary credit,pii_email_cfbf37338959
9b64d331-17e3-4d8f-bd8d-d740f61fa2cb,pii_full_name_33e25c8ae631,Female,24,Andaman and Nicobar Islands,Diglipur,Diglipur Branch,Savings,c0039fe7-9f41-40ef-95b8-78b4bdc7f269,16-07-2025,02:36:36,58504.02,0c70e50c-2598-491d-b446-b327a934fddd,Debit,Clothing,15622.69,Video Banking,"Diglipur, Andaman and Nicobar Islands",Desktop,0,Clean,INR,+91923284XXXXXX,Flight ticket,pii_email_cfbf37338959
9b64d331-17e3-4d8f-bd8d-d740f61fa2cb,pii_full_name_33e25c8ae631,Female,24,Andaman and Nicobar Islands,Diglipur,Diglipur Branch,Savings,8f5e4cb7-0a1e-448d-932d-4cdf17c043ed,21-07-2025,08:35:47,16227.43,feb53e85-a899-4ad3-81ea-400a2e41064c,Transfer,Restaurant,6652.4,ATM Booth Kiosk,"Diglipur, Andaman and Nicobar Islands",ATM,0,Clean,INR,+91923284XXXXXX,Insurance premium,pii_email_cfbf37338959
9b64d331-17e3-4d8f-bd8d-d740f61fa2cb,pii_full_name_33e25c8ae631,Female,24,Andaman and Nicobar Islands,Diglipur,Diglipur Branch,Savings,d97f5b79-c33e-47c4-8e43-561997c25aea,23-07-2025,01:37:04,47069.87,6ed5d7d4-f3f6-41c4-b2ba-168c61c2c3c7,Withdrawal,Restaurant,47613.55,Mobile Banking App,"Diglipur, Andaman and Nicobar Islands",Mobile,0,Clean,INR,+91923284XXXXXX,Train ticket,pii_email_cfbf37338959
9b64d331-17e3-4d8f-bd8d-d740f61fa2cb,pii_full_name_33e25c8ae631,Female,24,Andaman and Nicobar Islands,Diglipur,Diglipur Branch,Savings,0f699659-dcc8-42c5-bd0d-1dc1cd6df6c3,27-07-2025,09:41:50,3629.48,95da37db-3e7f-49cf-840a-b1ed3345ed7f,Bill Payment,Clothing,47250.6,Chip Card,"Diglipur, Andaman and Nicobar Islands",POS,0,Clean,INR,+91923284XXXXXX,Hotel booking,pii_email_cfbf37338959
9b64d331-17e3-4d8f-bd8d-d740f61fa2cb,pii_full_name_33e25c8ae631,Female,24,Andaman and Nicobar Islands,Diglipur,Diglipur Branch,Savings,83ebf0a1-10f7-44f1-9f14-5d2ffe3d7bdb,30-07-2025,09:38:11,36167.16,66536e02-1896-4508-91fd-061b56005086,Bill Payment,Entertainment,5029.66,Contactless Card,"Diglipur, Andaman and Nicobar Islands",Mobile,0,Clean,INR,+91923284XXXXXX,Utility bill,pii_email_cfbf37338959
9b64d331-17e3-4d8f-bd8d-d740f61fa2cb,pii_full_name_33e25c8ae631,Female,24,Andaman and Nicobar Islands,Diglipur,Diglipur Branch,Savings,165ae0c7-b49c-49fd-a16d-88fc8fc01d07,04-08-2025,15:10:31,18972.17,683825cd-1a99-4502-9246-3496ae693889,Credit,Groceries,43934.18,POS Mobile App,"Diglipur, Andaman and Nicobar Islands",Mobile,0,Clean,INR,+91923284XXXXXX,EMI payment,pii_email_cfbf37338959
9b64d331-17e3-4d8f-bd8d-d740f61fa2cb,pii_full_name_33e25c8ae631,Female,24,Andaman and Nicobar Islands,Diglipur,Diglipur Branch,Savings,c5e45a59-3940-4940-a0fe-f21ac30fdd15,28-09-2025,00:25:34,57591.8,edf04746-3743-47d6-8683-6e2bbf353d16,Debit,Clothing,20461.67,Branch Counter,"Diglipur, Andaman and Nicobar Islands",Mobile,0,Clean,INR,+91923284XXXXXX,Cash withdrawal,pii_email_cfbf37338959
9b64d331-17e3-4d8f-bd8d-d740f61fa2cb,pii_full_name_33e25c8ae631,Female,24,Andaman and Nicobar Islands,Diglipur,Diglipur Branch,Savings,d219c6f5-2756-410b-8057-92d6ae8f0c4c,09-10-2025,15:18:57,96868.41,c4c5f3f0-0bf7-4ccf-9ee1-6227aa7c4395,Withdrawal,Groceries,26220.85,ATM Booth Kiosk,"Diglipur, Andaman and Nicobar Islands",Desktop,0,Clean,INR,+91923284XXXXXX,Restaurant dining,pii_email_cfbf37338959
9b64d331-17e3-4d8f-bd8d-d740f61fa2cb,pii_full_name_33e25c8ae631,Female,24,Andaman and Nicobar Islands,Diglipur,Diglipur Branch,Savings,dc0e55b5-1157-4bd6-9297-13a997a83ae9,17-11-2025,03:27:17,19724.31,25f6114a-bad4-4b32-a537-8ce2ea04af5d,Credit,Entertainment,43307.21,ATM,"Diglipur, Andaman and Nicobar Islands",Desktop,0,Clean,INR,+91923284XXXXXX,Jewelry purchase,pii_email_cfbf37338959
9b64d331-17e3-4d8f-bd8d-d740f61fa2cb,pii_full_name_33e25c8ae631,Female,24,Andaman and Nicobar Islands,Diglipur,Diglipur Branch,Savings,e32114f8-def9-4df7-a23e-6ea372951e15,07-12-2025,23:24:46,718.96,817d31c8-ada7-4614-9bfb-60aa3aa291c4,Transfer,Restaurant,43379.11,Digital Wallet,"Diglipur, Andaman and Nicobar Islands",Desktop,0,Clean,INR,+91923284XXXXXX,Bitcoin transaction,pii_email_cfbf37338959
9ba944f0-4ed9-4a61-ad88-9d837f5b3460,pii_full_name_6ab15e9b066b,Female,18,Chandigarh,Chandigarh,Chandigarh Branch,Savings,c2c37d87-51e6-473f-bae2-ed48fb1bcb36,08-02-2025,08:34:59,65836.23,bb8de14c-61ca-4cad-a193-937583d185fa,Credit,Groceries,41087.52,ATM Booth Kiosk,"Chandigarh, Chandigarh",ATM,0,Clean,INR,+91947065XXXXXX,Electricity bill,pii_email_54df6c6d24f0
9ba944f0-4ed9-4a61-ad88-9d837f5b3460,pii_full_name_6ab15e9b066b,Female,18,Chandigarh,Chandigarh,Chandigarh Branch,Savings,ce23c871-2289-4490-b0b5-b0fb300474f3,08-02-2025,12:10:45,98269.57,c7d3c121-84cc-4251-84b8-f220c3a18190,Transfer,Health,81755.78,Digital Wallet,"Chandigarh, Chandigarh",Mobile,0,Clean,INR,+91947065XXXXXX,Hotel booking,pii_email_54df6c6d24f0
9ba944f0-4ed9-4a61-ad88-9d837f5b3460,pii_full_name_6ab15e9b066b,Female,18,Chandigarh,Chandigarh,Chandigarh Branch,Savings,d5c8ade7-bea3-40c3-ad0b-627b892b92df,09-03-2025,07:01:40,32735.59,24658966-f2e5-4279-a5dc-7b7691c8376a,Credit,Groceries,59534.55,Magnetic Strip Card,"Chandigarh, Chandigarh",ATM,0,Clean,INR,+91947065XXXXXX,Movie tickets,pii_email_54df6c6d24f0
9ba944f0-4ed9-4a61-ad88-9d837f5b3460,pii_full_name_6ab15e9b066b,Female,18,Chandigarh,Chandigarh,Chandigarh Branch,Savings,b7b5a529-b424-4197-85b4-756b99ca887b,17-03-2025,13:46:14,59597.38,408b77d5-fbe3-43c5-8454-ff58f5ad17c8,Debit,Electronics,36895.32,Phone Banking,"Chandigarh, Chandigarh",ATM,0,Clean,INR,+91947065XXXXXX,Taxi fare,pii_email_54df6c6d24f0
9ba944f0-4ed9-4a61-ad88-9d837f5b3460,pii_full_name_6ab15e9b066b,Female,18,Chandigarh,Chandigarh,Chandigarh Branch,Savings,c75a1c30-b722-4e55-bf7e-11b854c7b772,16-05-2025,18:59:41,96163.87,dbecbd89-aca1-4731-bf32-e1dec71d5b6f,Credit,Electronics,54251.03,Self-service Banking Machine,"Chandigarh, Chandigarh",POS,0,Clean,INR,+91947065XXXXXX,Salary credit,pii_email_54df6c6d24f0
9ba944f0-4ed9-4a61-ad88-9d837f5b3460,pii_full_name_6ab15e9b066b,Female,18,Chandigarh,Chandigarh,Chandigarh Branch,Savings,bd51f61e-e4ad-4c12-b859-984bca5bfe62,22-05-2025,03:52:07,12794.76,c857aa19-4924-4849-a4b9-7ecf6b1c4210,Credit,Clothing,42367.0,Biometric ATM,"Chandigarh, Chandigarh",Mobile,0,Clean,INR,+91947065XXXXXX,Jewelry purchase,pii_email_54df6c6d24f0
9ba944f0-4ed9-4a61-ad88-9d837f5b3460,pii_full_name_6ab15e9b066b,Female,18,Chandigarh,Chandigarh,Chandigarh Branch,Savings,7654f527-b6a8-4b1b-a615-81fe69e12a1d,03-06-2025,05:22:21,84965.56,414e80e1-1f10-4d57-9428-7a42c864da2a,Credit,Groceries,50863.55,Mobile Banking App,"Chandigarh, Chandigarh",ATM,0,Clean,INR,+91947065XXXXXX,Flight ticket,pii_email_54df6c6d24f0
9ba944f0-4ed9-4a61-ad88-9d837f5b3460,pii_full_name_6ab15e9b066b,Female,18,Chandigarh,Chandigarh,Chandigarh Branch,Savings,3b8e68bf-1180-410d-bb70-b6c6986a2fba,06-06-2025,18:03:54,50736.99,75e7f211-13c7-4670-b67c-733557c3014b,Transfer,Electronics,41969.02,Digital Wallet,"Chandigarh, Chandigarh",Mobile,0,Clean,INR,+91947065XXXXXX,Grocery delivery,pii_email_54df6c6d24f0
9ba944f0-4ed9-4a61-ad88-9d837f5b3460,pii_full_name_6ab15e9b066b,Female,18,Chandigarh,Chandigarh,Chandigarh Branch,Savings,a7164b69-c595-4fa6-8ecc-e945dca54567,11-07-2025,09:42:53,92228.42,45d99494-e11e-4e76-a054-0b7a93800bce,Credit,Restaurant,71928.83,Phone Banking,"Chandigarh, Chandigarh",ATM,0,Clean,INR,+91947065XXXXXX,Restaurant dining,pii_email_54df6c6d24f0
9ba944f0-4ed9-4a61-ad88-9d837f5b3460,pii_full_name_6ab15e9b066b,Female,18,Chandigarh,Chandigarh,Chandigarh Branch,Savings,9dc436ba-a4e1-4ab2-9edc-07fdb368fbe7,20-07-2025,08:03:34,82091.08,346cfaca-401e-4717-a1d8-22254eff0778,Debit,Entertainment,42855.06,Chip Card,"Chandigarh, Chandigarh",ATM,0,Clean,INR,+91947065XXXXXX,Jewelry purchase,pii_email_54df6c6d24f0
9ba944f0-4ed9-4a61-ad88-9d837f5b3460,pii_full_name_6ab15e9b066b,Female,18,Chandigarh,Chandigarh,Chandigarh Branch,Savings,29620857-ccce-4ebd-8ed0-a4822c28f4e9,25-07-2025,08:58:59,82101.75,01e439f4-be6a-4978-a688-66426637dd83,Credit,Groceries,59073.73,Voice Assistant,"Chandigarh, Chandigarh",POS,0,Clean,INR,+91947065XXXXXX,Bus ticket,pii_email_54df6c6d24f0
9ba944f0-4ed9-4a61-ad88-9d837f5b3460,pii_full_name_6ab15e9b066b,Female,18,Chandigarh,Chandigarh,Chandigarh Branch,Savings,30bd5228-523f-47ac-8347-e1d9824138b4,04-09-2025,22:02:03,85761.46,ef65dab6-d30b-452c-a622-affe069fd7b9,Credit,Electronics,34503.9,Contactless Card,"Chandigarh, Chandigarh",POS,0,Clean,INR,+91947065XXXXXX,Flight ticket,pii_email_54df6c6d24f0
9ba944f0-4ed9-4a61-ad88-9d837f5b3460,pii_full_name_6ab15e9b066b,Female,18,Chandigarh,Chandigarh,Chandigarh Branch,Savings,6633b10a-1400-48ce-a26e-81fcea66271e,25-09-2025,02:10:45,84703.83,b07111cb-a5ba-457f-b537-62bb772b022f,Bill Payment,Restaurant,51064.17,Self-service Banking Machine,"Chandigarh, Chandigarh",Desktop,0,Clean,INR,+91947065XXXXXX,Mobile recharge,pii_email_54df6c6d24f0
9ba944f0-4ed9-4a61-ad88-9d837f5b3460,pii_full_name_6ab15e9b066b,Female,18,Chandigarh,Chandigarh,Chandigarh Branch,Savings,0926006b-3540-42b9-9181-1f15b0c547cf,13-10-2025,08:32:55,28127.34,1e8e0464-60a2-4e3d-a257-9aff97be5822,Debit,Restaurant,56260.99,Contactless Card,"Chandigarh, Chandigarh",POS,1,Clean,INR,+91947065XXXXXX,Pharmacy bill,pii_email_54df6c6d24f0
9ba944f0-4ed9-4a61-ad88-9d837f5b3460,pii_full_name_6ab15e9b066b,Female,18,Chandigarh,Chandigarh,Chandigarh Branch,Savings,38799c82-da6a-4dba-9940-99b7fb4a766f,16-10-2025,19:15:33,32210.85,bf5beeff-1148-48e6-9140-865f3bfa349e,Withdrawal,Restaurant,25927.75,Mobile Banking App,"Chandigarh, Chandigarh",POS,0,Clean,INR,+91947065XXXXXX,Flight ticket,pii_email_54df6c6d24f0
9ba944f0-4ed9-4a61-ad88-9d837f5b3460,pii_full_name_6ab15e9b066b,Female,18,Chandigarh,Chandigarh,Chandigarh Branch,Savings,51e5965b-20d6-4119-a43c-4738c8add684,08-11-2025,16:12:37,84549.48,2a6b545d-9812-4155-87e8-2b15571ebe57,Transfer,Clothing,62705.98,ATM,"Chandigarh, Chandigarh",Desktop,0,Clean,INR,+91947065XXXXXX,Restaurant dining,pii_email_54df6c6d24f0
9ba944f0-4ed9-4a61-ad88-9d837f5b3460,pii_full_name_6ab15e9b066b,Female,18,Chandigarh,Chandigarh,Chandigarh Branch,Savings,cf95c465-f9b3-4c63-b7fe-bbf8764ae698,13-12-2025,22:40:00,26656.26,7b942ac3-1b82-4100-ae01-1d5805c01dec,Credit,Groceries,44634.65,Digital Wallet,"Chandigarh, Chandigarh",POS,1,Clean,INR,+91947065XXXXXX,Taxi fare,pii_email_54df6c6d24f0
9db452f8-763b-4547-8746-21e43097300b,pii_full_name_b87cfeb61e2f,Female,63,Gujarat,Ahmedabad,Ahmedabad Branch,Savings,0865ea05-5f4b-40fa-8c64-54c4c865b8dc,04-02-2025,15:29:53,33257.4,bf91f355-b67f-4357-9add-ce4dd1f4efae,Bill Payment,Electronics,9318.82,POS Mobile App,"Ahmedabad, Gujarat",ATM,0,Clean,INR,+91922874XXXXXX,Hotel booking,pii_email_5dce75c3a8b7
9db452f8-763b-4547-8746-21e43097300b,pii_full_name_b87cfeb61e2f,Female,63,Gujarat,Ahmedabad,Ahmedabad Branch,Savings,f8c6d7a0-a771-4d51-8ea7-0efa11cd283d,20-03-2025,01:40:06,22117.95,be28043c-5341-4400-9323-11cb890abcf9,Bill Payment,Entertainment,12644.56,QR Code Scanner,"Ahmedabad, Gujarat",POS,0,Clean,INR,+91922874XXXXXX,Bitcoin transaction,pii_email_5dce75c3a8b7
9db452f8-763b-4547-8746-21e43097300b,pii_full_name_b87cfeb61e2f,Female,63,Gujarat,Ahmedabad,Ahmedabad Branch,Savings,0f518a71-1535-4f2c-a23d-63a9cf6cbbb4,17-04-2025,12:51:36,9704.23,10edad1e-aca4-4646-8b49-256376fe297a,Transfer,Groceries,10289.24,Video Banking,"Ahmedabad, Gujarat",Desktop,0,Clean,INR,+91922874XXXXXX,Salary credit,pii_email_5dce75c3a8b7
9ddf2612-6a52-4a17-b875-b786b0b43fc6,pii_full_name_337f1f044c98,Male,32,Andaman and Nicobar Islands,Diglipur,Diglipur Branch,Checking,8ba45d90-f614-43c5-bb7b-3bfb6d5f7a7c,22-02-2025,13:44:08,62789.61,6505de46-0076-476f-aac7-faf872ac2442,Withdrawal,Health,23539.71,Phone Banking,"Diglipur, Andaman and Nicobar Islands",ATM,0,Clean,INR,+91914835XXXXXX,Debt repayment,pii_email_bd9b89f87f63
9ddf2612-6a52-4a17-b875-b786b0b43fc6,pii_full_name_337f1f044c98,Male,32,Andaman and Nicobar Islands,Diglipur,Diglipur Branch,Checking,4bee469a-ea80-4522-b44d-c42441d0a7d5,14-03-2025,18:50:48,42424.55,e2b6f028-c04c-48fa-8bbe-da1d041bb959,Credit,Groceries,29056.25,ATM,"Diglipur, Andaman and Nicobar Islands",Desktop,0,Clean,INR,+91914835XXXXXX,Taxi fare,pii_email_bd9b89f87f63
9ddf2612-6a52-4a17-b875-b786b0b43fc6,pii_full_name_337f1f044c98,Male,32,Andaman and Nicobar Islands,Diglipur,Diglipur Branch,Checking,37cc9e8e-2af7-4768-91a7-52a5049d6420,01-07-2025,09:16:06,54834.07,5d233ae6-f406-4760-89f2-76e7040e167f,Credit,Health,29818.67,Phone Banking,"Diglipur, Andaman and Nicobar Islands",Desktop,0,Clean,INR,+91914835XXXXXX,Bitcoin transaction,pii_email_bd9b89f87f63
9ddf2612-6a52-4a17-b875-b786b0b43fc6,pii_full_name_337f1f044c98,Male,32,Andaman and Nicobar Islands,Diglipur,Diglipur Branch,Checking,4fd2f359-89d3-425c-8d13-ab151c2598d8,21-07-2025,16:35:25,65283.61,c87defe8-7e0e-4ae2-ab50-1767f1e7fe55,Credit,Health,30068.07,Virtual Card,"Diglipur, Andaman and Nicobar Islands",Desktop,0,Clean,INR,+91914835XXXXXX,Grocery delivery,pii_email_bd9b89f87f63
9ddf2612-6a52-4a17-b875-b786b0b43fc6,pii_full_name_337f1f044c98,Male,32,Andaman and Nicobar Islands,Diglipur,Diglipur Branch,Checking,1eeda8de-431d-4142-bf9b-e4c81ec4af83,19-10-2025,00:50:20,95836.93,445ce81d-2191-4529-ab3c-624dbccdbe87,Debit,Clothing,20484.38,Debit/Credit Card,"Diglipur, Andaman and Nicobar Islands",Desktop,0,Clean,INR,+91914835XXXXXX,Train ticket,pii_email_bd9b89f87f63
9ddf2612-6a52-4a17-b875-b786b0b43fc6,pii_full_name_337f1f044c98,Male,32,Andaman and Nicobar Islands,Diglipur,Diglipur Branch,Checking,b7da8913-9a75-40b5-8544-41f1bc1f1581,28-10-2025,09:55:07,79397.71,6616be8d-3be5-42ce-bb65-849431702735,Withdrawal,Clothing,12544.61,Voice Assistant,"Diglipur, Andaman and Nicobar Islands",Mobile,0,Clean,INR,+91914835XXXXXX,Bus ticket,pii_email_bd9b89f87f63
9ddf2612-6a52-4a17-b875-b786b0b43fc6,pii_full_name_337f1f044c98,Male,32,Andaman and Nicobar Islands,Diglipur,Diglipur Branch,Checking,5e005089-2c2b-4900-a699-38e476279c84,08-12-2025,18:38:50,47209.85,8b9afaab-678a-442c-abe4-14d8b507d531,Debit,Clothing,24335.27,Virtual Card,"Diglipur, Andaman and Nicobar Islands",ATM,0,Clean,INR,+91914835XXXXXX,Pharmacy bill,pii_email_bd9b89f87f63
9e0ae97b-3cef-4906-9c05-5a416c23c639,pii_full_name_bdfbd3be6688,Female,50,Kerala,Thiruvananthapuram,Thiruvananthapuram Branch,Checking,35e9d903-cc9c-43be-86ca-9b1d14ce0ab9,02-01-2025,21:36:18,98409.74,fcc81f00-fe02-4599-bed4-7478fdfdba39,Bill Payment,Restaurant,5029.66,Biometric ATM,"Thiruvananthapuram, Kerala",POS,0,Clean,INR,+91945111XXXXXX,Taxi fare,pii_email_3f6bb47cb5d0
9e0ae97b-3cef-4906-9c05-5a416c23c639,pii_full_name_bdfbd3be6688,Female,50,Kerala,Thiruvananthapuram,Thiruvananthapuram Branch,Checking,360e2a22-ee8d-46d3-b14a-0080e1c9c6b9,20-01-2025,18:12:16,93227.03,8609a83b-9e21-499b-8f3b-8d816eb1178d,Bill Payment,Restaurant,12437.85,ATM Booth Kiosk,"Thiruvananthapuram, Kerala",Mobile,0,Clean,INR,+91945111XXXXXX,Gas bill,pii_email_3f6bb47cb5d0
9e0ae97b-3cef-4906-9c05-5a416c23c639,pii_full_name_bdfbd3be6688,Female,50,Kerala,Thiruvananthapuram,Thiruvananthapuram Branch,Checking,db369450-286f-4326-81b6-b6e08909296f,28-04-2025,15:41:40,57470.96,2d200826-0584-433a-bfe9-484f65b60280,Credit,Restaurant,19687.67,Video Banking,"Thiruvananthapuram, Kerala",POS,0,Clean,INR,+91945111XXXXXX,Salary credit,pii_email_3f6bb47cb5d0
9e0ae97b-3cef-4906-9c05-5a416c23c639,pii_full_name_bdfbd3be6688,Female,50,Kerala,Thiruvananthapuram,Thiruvananthapuram Branch,Checking,b43eae5d-3bad-49ab-8720-12de99a40938,08-05-2025,01:41:22,1177.72,7e2461f9-1163-4f21-8656-ffffe7de8175,Credit,Electronics,21760.55,Video Banking,"Thiruvananthapuram, Kerala",ATM,0,Clean,INR,+91945111XXXXXX,Grocery delivery,pii_email_3f6bb47cb5d0
9e0ae97b-3cef-4906-9c05-5a416c23c639,pii_full_name_bdfbd3be6688,Female,50,Kerala,Thiruvananthapuram,Thiruvananthapuram Branch,Checking,916db874-e719-4efb-8a5f-fc43cdb6e2b1,17-05-2025,19:44:29,25224.9,48e40024-8951-4bba-ac2c-c70073580e61,Transfer,Entertainment,8288.22,Self-service Banking Machine,"Thiruvananthapuram, Kerala",Mobile,0,Clean,INR,+91945111XXXXXX,Online shopping,pii_email_3f6bb47cb5d0
9e0ae97b-3cef-4906-9c05-5a416c23c639,pii_full_name_bdfbd3be6688,Female,50,Kerala,Thiruvananthapuram,Thiruvananthapuram Branch,Checking,993c177f-5b20-45ed-b2ed-c0bc5f745bfb,08-06-2025,14:11:14,26908.64,55849fc7-123a-4e6b-b806-8b92e8681d70,Debit,Health,5597.35,Virtual Card,"Thiruvananthapuram, Kerala",Mobile,0,Clean,INR,+91945111XXXXXX,Bus ticket,pii_email_3f6bb47cb5d0
9e0ae97b-3cef-4906-9c05-5a416c23c639,pii_full_name_bdfbd3be6688,Female,50,Kerala,Thiruvananthapuram,Thiruvananthapuram Branch,Checking,a5b3e79a-8773-49e6-80c1-11af3f4d34da,13-06-2025,22:26:23,35769.71,c21f5519-c92c-49fb-bffb-6be0e9b21116,Withdrawal,Entertainment,21642.78,Virtual Card,"Thiruvananthapuram, Kerala",Desktop,0,Clean,INR,+91945111XXXXXX,Mobile recharge,pii_email_3f6bb47cb5d0
9e0ae97b-3cef-4906-9c05-5a416c23c639,pii_full_name_bdfbd3be6688,Female,50,Kerala,Thiruvananthapuram,Thiruvananthapuram Branch,Checking,6ad574fd-1222-47ec-b29e-5d786a62b7f3,30-06-2025,03:09:34,9774.83,700eac37-85ec-4874-aa9e-b4a82734276a,Debit,Groceries,13940.57,Phone Banking,"Thiruvananthapuram, Kerala",ATM,0,Clean,INR,+91945111XXXXXX,Train ticket,pii_email_3f6bb47cb5d0
9e0ae97b-3cef-4906-9c05-5a416c23c639,pii_full_name_bdfbd3be6688,Female,50,Kerala,Thiruvananthapuram,Thiruvananthapuram Branch,Checking,ede517e2-faa8-4579-81a5-d8b8292e5bb8,30-07-2025,09:20:12,55320.86,651b9352-7b8b-40fb-85fd-80feb4beded2,Transfer,Health,25219.75,UPI,"Thiruvananthapuram, Kerala",Mobile,0,Clean,INR,+91945111XXXXXX,Cash withdrawal,pii_email_3f6bb47cb5d0
9e0ae97b-3cef-4906-9c05-5a416c23c639,pii_full_name_bdfbd3be6688,Female,50,Kerala,Thiruvananthapuram,Thiruvananthapuram Branch,Checking,7db81252-28bc-486b-ac89-2be8dec1da92,31-07-2025,14:12:11,7360.67,7c3883fd-c89b-4adb-8bf0-575c81300889,Credit,Health,5765.73,UPI,"Thiruvananthapuram, Kerala",Desktop,0,Clean,INR,+91945111XXXXXX,Bus ticket,pii_email_3f6bb47cb5d0
9e0ae97b-3cef-4906-9c05-5a416c23c639,pii_full_name_bdfbd3be6688,Female,50,Kerala,Thiruvananthapuram,Thiruvananthapuram Branch,Checking,5c6412ac-8c94-4090-876f-5f01d2df4555,30-11-2025,01:12:09,87770.21,8cd250e3-c4e9-4d22-994e-4fb8075d30e2,Withdrawal,Groceries,5029.66,Phone Banking,"Thiruvananthapuram, Kerala",Desktop,0,Clean,INR,+91945111XXXXXX,Electricity bill,pii_email_3f6bb47cb5d0
9e1ac828-189a-4635-bf78-2b34d45c6d0b,pii_full_name_d389872964a3,Male,54,Andaman and Nicobar Islands,Diglipur,Diglipur Branch,Business,af0b56e8-51b6-474c-8bac-e4764146d060,21-03-2025,11:19:17,15986.45,d171d411-325f-4c1e-90ed-7ac7a85f0395,Bill Payment,Health,5029.66,Branch Counter,"Diglipur, Andaman and Nicobar Islands",Mobile,0,Clean,INR,+91974644XXXXXX,EMI payment,pii_email_6ed0dbd08461
9e1ac828-189a-4635-bf78-2b34d45c6d0b,pii_full_name_d389872964a3,Male,54,Andaman and Nicobar Islands,Diglipur,Diglipur Branch,Business,8f7cdaf4-99b5-41b8-966e-54269b91063f,15-06-2025,11:38:35,98503.49,0dc01922-01ea-49fd-ac5b-4e7cbc88e8dc,Withdrawal,Electronics,5029.66,ATM Booth Kiosk,"Diglipur, Andaman and Nicobar Islands",Desktop,0,Clean,INR,+91974644XXXXXX,Bus ticket,pii_email_6ed0dbd08461
9e1ac828-189a-4635-bf78-2b34d45c6d0b,pii_full_name_d389872964a3,Male,54,Andaman and Nicobar Islands,Diglipur,Diglipur Branch,Business,e8e38eef-7f45-4a49-991b-e23dd89af54f,14-07-2025,16:49:24,22048.68,2575b38f-f65d-47cf-ac64-667455679684,Bill Payment,Health,6312.75,Digital Wallet,"Diglipur, Andaman and Nicobar Islands",ATM,0,Clean,INR,+91974644XXXXXX,Hotel booking,pii_email_6ed0dbd08461
9e3e46da-bda1-4aaa-be71-b937de91306c,pii_full_name_7980541ad4b8,Female,46,Tamil Nadu,Coimbatore,Coimbatore Branch,Savings,2d576309-a5f6-4d04-a2a9-0e7ff2d8e7b5,09-01-2025,00:01:18,58508.39,a518e7a4-310d-4bf5-bc96-c3331e870ec3,Debit,Restaurant,10291.43,Voice Assistant,"Coimbatore, Tamil Nadu",POS,0,Clean,INR,+91949734XXXXXX,Food delivery,pii_email_3744985dce6a
9e3e46da-bda1-4aaa-be71-b937de91306c,pii_full_name_7980541ad4b8,Female,46,Tamil Nadu,Coimbatore,Coimbatore Branch,Savings,18c2d796-8e1d-4264-86f4-e92de9ad1a06,26-02-2025,05:59:21,9352.99,5d19c55e-28a5-41da-a1e9-480388fbeb38,Debit,Entertainment,10644.93,Magnetic Strip Card,"Coimbatore, Tamil Nadu",ATM,0,Clean,INR,+91949734XXXXXX,Food delivery,pii_email_3744985dce6a
9e3e46da-bda1-4aaa-be71-b937de91306c,pii_full_name_7980541ad4b8,Female,46,Tamil Nadu,Coimbatore,Coimbatore Branch,Savings,7fba071b-f51e-4ce1-8405-5a46746c69d3,14-03-2025,05:24:18,63641.62,fbe27652-2ce7-4efa-9dea-501743a26145,Withdrawal,Groceries,5029.66,QR Code Scanner,"Coimbatore, Tamil Nadu",Mobile,0,Clean,INR,+91949734XXXXXX,Insurance premium,pii_email_3744985dce6a
9e3e46da-bda1-4aaa-be71-b937de91306c,pii_full_name_7980541ad4b8,Female,46,Tamil Nadu,Coimbatore,Coimbatore Branch,Savings,9dfe44c8-96c5-413b-944f-ec76feb64ddf,28-03-2025,18:17:25,49571.27,c81d8a10-c3f7-4a4f-9c34-0d8bb4171a14,Debit,Entertainment,5334.3,ATM,"Coimbatore, Tamil Nadu",POS,0,Clean,INR,+91949734XXXXXX,Insurance premium,pii_email_3744985dce6a
9e3e46da-bda1-4aaa-be71-b937de91306c,pii_full_name_7980541ad4b8,Female,46,Tamil Nadu,Coimbatore,Coimbatore Branch,Savings,da148239-bd45-4557-a3f2-52a34bbb129a,04-04-2025,17:44:22,55153.65,6274c4d2-e75a-4013-882f-bec926647a81,Debit,Groceries,14763.51,POS Mobile App,"Coimbatore, Tamil Nadu",POS,0,Clean,INR,+91949734XXXXXX,Train ticket,pii_email_3744985dce6a
9e3e46da-bda1-4aaa-be71-b937de91306c,pii_full_name_7980541ad4b8,Female,46,Tamil Nadu,Coimbatore,Coimbatore Branch,Savings,fd15b893-11e5-4bd6-90b1-8b971824eb69,05-04-2025,00:46:17,83213.56,2051dc1f-04f4-4316-a4b0-373c84c1a247,Debit,Clothing,5029.66,Mobile Banking App,"Coimbatore, Tamil Nadu",Desktop,0,Clean,INR,+91949734XXXXXX,Restaurant dining,pii_email_3744985dce6a
9e3e46da-bda1-4aaa-be71-b937de91306c,pii_full_name_7980541ad4b8,Female,46,Tamil Nadu,Coimbatore,Coimbatore Branch,Savings,01be628b-c97c-4687-9044-2abb22f2393c,25-04-2025,08:41:50,94935.08,23c2731e-2558-4b62-8675-f9ad6d8cb16d,Debit,Clothing,7867.38,Video Banking,"Coimbatore, Tamil Nadu",ATM,0,Clean,INR,+91949734XXXXXX,Electricity bill,pii_email_3744985dce6a
9e3e46da-bda1-4aaa-be71-b937de91306c,pii_full_name_7980541ad4b8,Female,46,Tamil Nadu,Coimbatore,Coimbatore Branch,Savings,f06ba7ca-3f79-4013-a8e4-3754c0085af8,05-05-2025,10:15:58,69844.17,2bf72108-7fcc-4604-939d-94f9c122aba4,Withdrawal,Electronics,5029.66,Mobile Banking App,"Coimbatore, Tamil Nadu",POS,0,Clean,INR,+91949734XXXXXX,Movie tickets,pii_email_3744985dce6a
9e3e46da-bda1-4aaa-be71-b937de91306c,pii_full_name_7980541ad4b8,Female,46,Tamil Nadu,Coimbatore,Coimbatore Branch,Savings,f2616062-d797-4b8b-b515-9c574510b308,08-05-2025,23:45:34,62459.27,96914979-ac17-4755-ac4d-893f9dfb6c9c,Credit,Health,11580.23,UPI,"Coimbatore, Tamil Nadu",Mobile,0,Clean,INR,+91949734XXXXXX,Electricity bill,pii_email_3744985dce6a
9e3e46da-bda1-4aaa-be71-b937de91306c,pii_full_name_7980541ad4b8,Female,46,Tamil Nadu,Coimbatore,Coimbatore Branch,Savings,89b2c699-87eb-4250-a370-5f91916c093a,22-06-2025,22:55:25,60343.76,cc1de654-97d1-4227-8504-823f230a6530,Debit,Health,17360.89,Internet Banking,"Coimbatore, Tamil Nadu",POS,0,Clean,INR,+91949734XXXXXX,Pharmacy bill,pii_email_3744985dce6a
9e3e46da-bda1-4aaa-be71-b937de91306c,pii_full_name_7980541ad4b8,Female,46,Tamil Nadu,Coimbatore,Coimbatore Branch,Savings,ba8b9d78-202a-4075-9c01-b0af48eecadd,12-07-2025,16:11:03,10947.03,9461cb67-3454-41ba-8594-8c90e31b485d,Withdrawal,Restaurant,10502.28,POS Mobile App,"Coimbatore, Tamil Nadu",Desktop,0,Clean,INR,+91949734XXXXXX,Debt repayment,pii_email_3744985dce6a
9e3e46da-bda1-4aaa-be71-b937de91306c,pii_full_name_7980541ad4b8,Female,46,Tamil Nadu,Coimbatore,Coimbatore Branch,Savings,8c6f4d7f-d366-489f-af7d-bea9b0b06764,18-07-2025,15:20:18,82748.85,b518cf48-1d41-4dd4-839a-aebdc0fdbad7,Transfer,Electronics,16142.27,Debit/Credit Card,"Coimbatore, Tamil Nadu",Mobile,0,Clean,INR,+91949734XXXXXX,Flight ticket,pii_email_3744985dce6a
9e3e46da-bda1-4aaa-be71-b937de91306c,pii_full_name_7980541ad4b8,Female,46,Tamil Nadu,Coimbatore,Coimbatore Branch,Savings,b2a29a74-1ff2-4253-b689-0b3760d201ad,29-07-2025,17:28:38,57120.08,2e8d6e31-9449-496a-8d65-0f8026b8db88,Transfer,Electronics,20278.87,POS Mobile App,"Coimbatore, Tamil Nadu",Desktop,0,Clean,INR,+91949734XXXXXX,EMI payment,pii_email_3744985dce6a
9e3e46da-bda1-4aaa-be71-b937de91306c,pii_full_name_7980541ad4b8,Female,46,Tamil Nadu,Coimbatore,Coimbatore Branch,Savings,05e4b6f4-aed9-4f52-846a-5aae6a2326d5,03-08-2025,21:35:48,31665.28,22d66b3f-751e-4847-8235-4e2bcc0f286e,Bill Payment,Restaurant,11596.98,UPI,"Coimbatore, Tamil Nadu",POS,0,Clean,INR,+91949734XXXXXX,Insurance premium,pii_email_3744985dce6a
9e3e46da-bda1-4aaa-be71-b937de91306c,pii_full_name_7980541ad4b8,Female,46,Tamil Nadu,Coimbatore,Coimbatore Branch,Savings,849ebe9a-365f-479e-930f-89bacec372a6,21-10-2025,01:57:25,67466.17,9f0fb11d-03bf-4aa4-891b-02049feb3ba8,Credit,Groceries,23395.26,Virtual Card,"Coimbatore, Tamil Nadu",ATM,0,Clean,INR,+91949734XXXXXX,Flight ticket,pii_email_3744985dce6a
9e3e46da-bda1-4aaa-be71-b937de91306c,pii_full_name_7980541ad4b8,Female,46,Tamil Nadu,Coimbatore,Coimbatore Branch,Savings,859461dc-9c69-4604-a61c-ed72b7c1cf5e,28-10-2025,07:15:17,81630.01,19e305a8-8a63-410f-8bdd-e2fde003f3a8,Bill Payment,Electronics,5029.66,POS Mobile App,"Coimbatore, Tamil Nadu",Desktop,0,Clean,INR,+91949734XXXXXX,Salary credit,pii_email_3744985dce6a
9e3e46da-bda1-4aaa-be71-b937de91306c,pii_full_name_7980541ad4b8,Female,46,Tamil Nadu,Coimbatore,Coimbatore Branch,Savings,d256bf24-6f54-4c26-9354-cb86d2612c51,05-11-2025,06:32:04,85830.07,c8a654a2-e3cd-493d-87c5-fdbf8aebe96b,Debit,Electronics,16648.65,POS Mobile App,"Coimbatore, Tamil Nadu",Mobile,0,Clean,INR,+91949734XXXXXX,Bitcoin transaction,pii_email_3744985dce6a
9e3e46da-bda1-4aaa-be71-b937de91306c,pii_full_name_7980541ad4b8,Female,46,Tamil Nadu,Coimbatore,Coimbatore Branch,Savings,b22eb7f3-97fd-4cbe-993b-c14766897737,15-11-2025,15:24:31,39342.21,c0b7ff1b-c513-4363-8450-0c91c7d32649,Credit,Electronics,8963.88,Biometric ATM,"Coimbatore, Tamil Nadu",Mobile,0,Clean,INR,+91949734XXXXXX,Debt repayment,pii_email_3744985dce6a
9e3e46da-bda1-4aaa-be71-b937de91306c,pii_full_name_7980541ad4b8,Female,46,Tamil Nadu,Coimbatore,Coimbatore Branch,Savings,61fade3f-8a25-40bb-90a1-5511c81fb515,04-12-2025,00:18:53,20764.59,729d556d-0323-4b7c-845d-2e5c036ccb18,Transfer,Groceries,7106.12,Virtual Card,"Coimbatore, Tamil Nadu",Mobile,0,Clean,INR,+91949734XXXXXX,Hotel booking,pii_email_3744985dce6a
9e3e46da-bda1-4aaa-be71-b937de91306c,pii_full_name_7980541ad4b8,Female,46,Tamil Nadu,Coimbatore,Coimbatore Branch,Savings,636fe97d-25c3-412e-b120-f90e65eaff36,11-12-2025,12:07:55,56029.83,6727f9df-881f-4e6d-8115-ef3dd17e7e69,Transfer,Entertainment,14566.86,Video Banking,"Coimbatore, Tamil Nadu",ATM,0,Clean,INR,+91949734XXXXXX,Electricity bill,pii_email_3744985dce6a
a22885c9-3a76-4b63-9602-9e81da50ebc6,pii_full_name_9c011843119c,Female,37,Bihar,Patna,Patna Branch,Savings,1ae15620-80f7-406d-b00b-66159d8aeff1,19-01-2025,22:39:48,94310.97,2d728b2d-5f05-4f02-9a6d-54ec07c013ca,Withdrawal,Restaurant,50618.51,Self-service Banking Machine,"Patna, Bihar",Mobile,0,Clean,INR,+91936790XXXXXX,Cash withdrawal,pii_email_17c0fa9b641f
a22885c9-3a76-4b63-9602-9e81da50ebc6,pii_full_name_9c011843119c,Female,37,Bihar,Patna,Patna Branch,Savings,6066c8e0-d6ea-41be-87b9-24c93d5c5c69,01-03-2025,18:20:42,71522.53,e5caa420-0342-414c-82ad-ba4734fca1e5,Debit,Electronics,46367.99,Voice Assistant,"Patna, Bihar",Mobile,0,Clean,INR,+91936790XXXXXX,Bitcoin transaction,pii_email_17c0fa9b641f
a22885c9-3a76-4b63-9602-9e81da50ebc6,pii_full_name_9c011843119c,Female,37,Bihar,Patna,Patna Branch,Savings,3cad582a-cd6d-4765-966f-ea3582a5e447,02-03-2025,07:55:03,12980.53,70372546-cdc7-4acf-ac9d-98fcc48ab1e0,Bill Payment,Health,97213.46,Phone Banking,"Patna, Bihar",Desktop,0,Clean,INR,+91936790XXXXXX,Jewelry purchase,pii_email_17c0fa9b641f
a22885c9-3a76-4b63-9602-9e81da50ebc6,pii_full_name_9c011843119c,Female,37,Bihar,Patna,Patna Branch,Savings,3c16b523-ad73-42e4-b7bf-d69d19a99ae4,03-03-2025,17:37:54,71446.06,255bafb7-eecf-4687-ad86-6f848810cfaf,Transfer,Electronics,89762.8,Biometric ATM,"Patna, Bihar",Mobile,0,Clean,INR,+91936790XXXXXX,Electricity bill,pii_email_17c0fa9b641f
a22885c9-3a76-4b63-9602-9e81da50ebc6,pii_full_name_9c011843119c,Female,37,Bihar,Patna,Patna Branch,Savings,62697122-bc6f-48e3-aa77-7198602320d2,08-03-2025,10:02:27,28964.48,dcbdd6fe-520e-4806-b56b-48e5dadd12e8,Withdrawal,Entertainment,57514.56,POS Mobile Device,"Patna, Bihar",POS,0,Clean,INR,+91936790XXXXXX,Mutual fund investment,pii_email_17c0fa9b641f
a22885c9-3a76-4b63-9602-9e81da50ebc6,pii_full_name_9c011843119c,Female,37,Bihar,Patna,Patna Branch,Savings,72685265-a35f-4a2f-b02d-890c54265227,20-04-2025,07:04:50,97924.93,2934e6f1-60bc-41b8-9081-8abd0abc907e,Credit,Groceries,60411.0,Voice Assistant,"Patna, Bihar",Desktop,0,Clean,INR,+91936790XXXXXX,Mutual fund investment,pii_email_17c0fa9b641f
a22885c9-3a76-4b63-9602-9e81da50ebc6,pii_full_name_9c011843119c,Female,37,Bihar,Patna,Patna Branch,Savings,cf2d7e09-8a33-4262-bd69-cc5c9cdc70ac,02-05-2025,23:57:45,87487.13,76b84a8f-d881-4a05-87f8-30b3687ada92,Credit,Clothing,98511.51,Mobile Banking App,"Patna, Bihar",POS,0,Clean,INR,+91936790XXXXXX,Bus ticket,pii_email_17c0fa9b641f
a22885c9-3a76-4b63-9602-9e81da50ebc6,pii_full_name_9c011843119c,Female,37,Bihar,Patna,Patna Branch,Savings,a56b93ca-0075-43ab-af34-9f7b254a620e,07-05-2025,10:14:09,63511.85,9e449286-98cd-467b-8922-166b486ce5c5,Debit,Entertainment,83387.31,Branch Counter,"Patna, Bihar",Mobile,0,Clean,INR,+91936790XXXXXX,Train ticket,pii_email_17c0fa9b641f
a22885c9-3a76-4b63-9602-9e81da50ebc6,pii_full_name_9c011843119c,Female,37,Bihar,Patna,Patna Branch,Savings,29a2e8f4-843c-4db0-be53-78bc46b457f0,09-05-2025,04:09:41,55159.5,610a3e70-0a4a-4f2b-8743-9d757df412dd,Debit,Health,82618.19,Branch Counter,"Patna, Bihar",ATM,0,Clean,INR,+91936790XXXXXX,Grocery delivery,pii_email_17c0fa9b641f
a22885c9-3a76-4b63-9602-9e81da50ebc6,pii_full_name_9c011843119c,Female,37,Bihar,Patna,Patna Branch,Savings,fc49132b-27cf-4c26-b82f-ca19045c1eca,10-05-2025,02:10:49,34836.9,abfd650b-85e3-4a45-9fc1-2a369a1eebe0,Debit,Groceries,88134.14,Branch Counter,"Patna, Bihar",Mobile,0,Clean,INR,+91936790XXXXXX,Utility bill,pii_email_17c0fa9b641f
a22885c9-3a76-4b63-9602-9e81da50ebc6,pii_full_name_9c011843119c,Female,37,Bihar,Patna,Patna Branch,Savings,63941305-568e-4ab2-816f-19fc64a1b151,12-05-2025,19:48:59,69915.04,8c3c684b-053e-496f-a294-682017a4bd6b,Transfer,Clothing,81231.91,ATM,"Patna, Bihar",Mobile,0,Clean,INR,+91936790XXXXXX,Taxi fare,pii_email_17c0fa9b641f
a22885c9-3a76-4b63-9602-9e81da50ebc6,pii_full_name_9c011843119c,Female,37,Bihar,Patna,Patna Branch,Savings,0b2a7d4e-8c1c-46ae-b1d0-a8d98656e7b8,25-05-2025,06:16:27,85253.23,c91c1381-d772-48be-982b-43a26460ac99,Withdrawal,Restaurant,57948.83,Voice Assistant,"Patna, Bihar",POS,0,Clean,INR,+91936790XXXXXX,Grocery delivery,pii_email_17c0fa9b641f
a22885c9-3a76-4b63-9602-9e81da50ebc6,pii_full_name_9c011843119c,Female,37,Bihar,Patna,Patna Branch,Savings,9ac90851-69d5-4633-80cd-b1b9694f3a5e,07-06-2025,12:26:43,15472.89,b7fed1e1-bb91-4bf8-bf0e-efca7aca34f5,Bill Payment,Electronics,60049.61,POS Mobile Device,"Patna, Bihar",Mobile,0,Clean,INR,+91936790XXXXXX,Bus ticket,pii_email_17c0fa9b641f
a22885c9-3a76-4b63-9602-9e81da50ebc6,pii_full_name_9c011843119c,Female,37,Bihar,Patna,Patna Branch,Savings,6bde4e03-0b55-4951-ade6-9d99123e4a41,15-06-2025,09:51:55,93281.97,b5aa4324-9f3e-471a-aa28-fb6f4b0400b8,Bill Payment,Health,67786.22,Chip Card,"Patna, Bihar",Mobile,0,Clean,INR,+91936790XXXXXX,Jewelry purchase,pii_email_17c0fa9b641f
a22885c9-3a76-4b63-9602-9e81da50ebc6,pii_full_name_9c011843119c,Female,37,Bihar,Patna,Patna Branch,Savings,eca92cd9-cc52-4c81-81f6-11852ab69427,21-06-2025,00:38:18,41174.89,e4cc4fed-fa9c-40d6-801c-ee32457ff307,Withdrawal,Clothing,77114.42,Digital Wallet,"Patna, Bihar",Desktop,0,Clean,INR,+91936790XXXXXX,Flight ticket,pii_email_17c0fa9b641f
a22885c9-3a76-4b63-9602-9e81da50ebc6,pii_full_name_9c011843119c,Female,37,Bihar,Patna,Patna Branch,Savings,888b2a33-09d5-4bb7-83c2-bddebca20fd4,22-06-2025,00:04:17,13120.71,4c882340-8674-450a-a974-ab91d3c9eba9,Bill Payment,Electronics,66474.15,Virtual Card,"Patna, Bihar",Mobile,0,Clean,INR,+91936790XXXXXX,Debt repayment,pii_email_17c0fa9b641f
a22885c9-3a76-4b63-9602-9e81da50ebc6,pii_full_name_9c011843119c,Female,37,Bihar,Patna,Patna Branch,Savings,39464847-8a6a-4840-8208-410f7265b35d,06-09-2025,08:06:31,74749.66,08acfc23-6f47-4370-b61d-7b41a8f2f3c7,Withdrawal,Electronics,89738.49,Phone Banking,"Patna, Bihar",Desktop,0,Clean,INR,+91936790XXXXXX,Movie tickets,pii_email_17c0fa9b641f
a22885c9-3a76-4b63-9602-9e81da50ebc6,pii_full_name_9c011843119c,Female,37,Bihar,Patna,Patna Branch,Savings,0bb51134-ba47-4607-8e46-f5fbb5545924,15-10-2025,20:03:43,36480.67,751746c2-f8e3-4ecb-b2ee-c96cc00cfe1e,Transfer,Health,61596.9,POS Mobile Device,"Patna, Bihar",ATM,0,Clean,INR,+91936790XXXXXX,Hotel booking,pii_email_17c0fa9b641f
a22885c9-3a76-4b63-9602-9e81da50ebc6,pii_full_name_9c011843119c,Female,37,Bihar,Patna,Patna Branch,Savings,bfe75a1c-6e8a-4fb3-83e6-e1f5cf67ed59,27-10-2025,12:23:43,39943.08,709177d9-e503-44d4-b62b-3f6b267ba786,Debit,Groceries,53520.25,Chip Card,"Patna, Bihar",POS,0,Clean,INR,+91936790XXXXXX,Mobile recharge,pii_email_17c0fa9b641f
a22885c9-3a76-4b63-9602-9e81da50ebc6,pii_full_name_9c011843119c,Female,37,Bihar,Patna,Patna Branch,Savings,cce4e46b-7152-4a4e-97ec-647133b1c453,01-12-2025,06:09:20,91469.02,500d4bc4-0e06-4835-ad20-39c1f01ddd98,Withdrawal,Groceries,74240.41,Chip Card,"Patna, Bihar",Mobile,0,Clean,INR,+91936790XXXXXX,Gas bill,pii_email_17c0fa9b641f
a38e5745-c3af-4bfe-9bd4-b42e59698ac4,pii_full_name_d1c09af8a24d,Female,64,Lakshadweep,Kavaratti,Kavaratti Branch,Checking,e356b1a1-87c1-4bf7-900c-8ae716b57f0a,04-01-2025,11:55:41,62027.39,405bee7d-8066-4dcc-8193-fc5c4c6c1bd0,Withdrawal,Groceries,45130.46,ATM,"Kavaratti, Lakshadweep",Mobile,0,Clean,INR,+91996027XXXXXX,Bus ticket,pii_email_52e14be95bea
a38e5745-c3af-4bfe-9bd4-b42e59698ac4,pii_full_name_d1c09af8a24d,Female,64,Lakshadweep,Kavaratti,Kavaratti Branch,Checking,55991b0f-ad1a-41af-b262-91075b72e6ce,05-01-2025,17:02:26,7401.22,7d5e7936-d4ef-4abf-a3d6-6d328165e933,Debit,Clothing,63332.18,Voice Assistant,"Kavaratti, Lakshadweep",POS,0,Clean,INR,+91996027XXXXXX,Jewelry purchase,pii_email_52e14be95bea
a38e5745-c3af-4bfe-9bd4-b42e59698ac4,pii_full_name_d1c09af8a24d,Female,64,Lakshadweep,Kavaratti,Kavaratti Branch,Checking,92d71ac9-317b-436b-af17-7cac66362af5,12-02-2025,18:45:26,86743.61,a9d09833-696d-4b44-b9a1-89e29de693bc,Credit,Restaurant,81061.77,Debit/Credit Card,"Kavaratti, Lakshadweep",Mobile,0,Clean,INR,+91996027XXXXXX,Bitcoin transaction,pii_email_52e14be95bea
a38e5745-c3af-4bfe-9bd4-b42e59698ac4,pii_full_name_d1c09af8a24d,Female,64,Lakshadweep,Kavaratti,Kavaratti Branch,Checking,205619fb-62ec-4d17-80a4-4c3a53b3cb9d,22-02-2025,09:31:27,77292.71,ed2c25d6-0734-4523-9bdb-bfbbe803e9fc,Transfer,Restaurant,72387.41,Virtual Card,"Kavaratti, Lakshadweep",Desktop,0,Clean,INR,+91996027XXXXXX,Cash withdrawal,pii_email_52e14be95bea
a38e5745-c3af-4bfe-9bd4-b42e59698ac4,pii_full_name_d1c09af8a24d,Female,64,Lakshadweep,Kavaratti,Kavaratti Branch,Checking,6b877afe-857b-44dd-8f08-10560d44602d,10-03-2025,05:37:02,93383.4,cb2d22c6-da49-40f0-b33e-99ff0b127be4,Transfer,Health,54468.8,Virtual Card,"Kavaratti, Lakshadweep",Mobile,0,Clean,INR,+91996027XXXXXX,Electricity bill,pii_email_52e14be95bea
a38e5745-c3af-4bfe-9bd4-b42e59698ac4,pii_full_name_d1c09af8a24d,Female,64,Lakshadweep,Kavaratti,Kavaratti Branch,Checking,1085d8ae-6e43-4470-bf85-4fd87b17a6a3,06-04-2025,01:11:21,16344.99,c9b5bf1e-6fc1-4266-99bb-bf6dce50b2fb,Credit,Health,56103.29,UPI,"Kavaratti, Lakshadweep",Mobile,0,Clean,INR,+91996027XXXXXX,Bitcoin transaction,pii_email_52e14be95bea
a38e5745-c3af-4bfe-9bd4-b42e59698ac4,pii_full_name_d1c09af8a24d,Female,64,Lakshadweep,Kavaratti,Kavaratti Branch,Checking,d68d0cf6-6492-4b6b-b491-e57ab44104ba,12-05-2025,23:28:58,83490.09,87fb1a40-9beb-4e20-9775-551985e0eb27,Withdrawal,Restaurant,60232.49,POS Mobile Device,"Kavaratti, Lakshadweep",Desktop,0,Clean,INR,+91996027XXXXXX,Bitcoin transaction,pii_email_52e14be95bea
a38e5745-c3af-4bfe-9bd4-b42e59698ac4,pii_full_name_d1c09af8a24d,Female,64,Lakshadweep,Kavaratti,Kavaratti Branch,Checking,98dc06d9-c35a-406d-acc1-34635766f423,29-06-2025,23:52:42,79690.07,f138a161-0f18-4f77-8242-07f7be8c80fa,Credit,Entertainment,64072.3,Video Banking,"Kavaratti, Lakshadweep",ATM,0,Clean,INR,+91996027XXXXXX,Train ticket,pii_email_52e14be95bea
a38e5745-c3af-4bfe-9bd4-b42e59698ac4,pii_full_name_d1c09af8a24d,Female,64,Lakshadweep,Kavaratti,Kavaratti Branch,Checking,5b4d1791-241f-4742-9bfb-9b0224e3b0d1,03-09-2025,15:50:47,55530.14,f5146d05-04a0-41b8-b3bd-e599c11e3a58,Credit,Clothing,65785.51,Mobile Banking App,"Kavaratti, Lakshadweep",Mobile,0,Clean,INR,+91996027XXXXXX,Mobile recharge,pii_email_52e14be95bea
a38e5745-c3af-4bfe-9bd4-b42e59698ac4,pii_full_name_d1c09af8a24d,Female,64,Lakshadweep,Kavaratti,Kavaratti Branch,Checking,1043449e-f134-4067-95bc-1147075e4fdd,05-09-2025,16:46:35,7941.15,07a39923-1eaa-414d-8f6e-d7add619e43a,Bill Payment,Groceries,51333.19,Magnetic Strip Card,"Kavaratti, Lakshadweep",ATM,0,Clean,INR,+91996027XXXXXX,Online shopping,pii_email_52e14be95bea
a38e5745-c3af-4bfe-9bd4-b42e59698ac4,pii_full_name_d1c09af8a24d,Female,64,Lakshadweep,Kavaratti,Kavaratti Branch,Checking,c5edc792-d049-4f67-bd98-2cbf53280a84,07-09-2025,16:41:26,11273.66,09f7378e-e9bc-45ac-93fa-ed9b777cd0d0,Bill Payment,Clothing,64658.14,Phone Banking,"Kavaratti, Lakshadweep",POS,0,Clean,INR,+91996027XXXXXX,Gym membership,pii_email_52e14be95bea
a38e5745-c3af-4bfe-9bd4-b42e59698ac4,pii_full_name_d1c09af8a24d,Female,64,Lakshadweep,Kavaratti,Kavaratti Branch,Checking,3381ceb5-ea3e-4ed4-9ef0-76faf83dd62e,30-10-2025,15:32:42,52493.22,28900c26-0582-47ce-829d-c07a27fc02e1,Transfer,Electronics,68581.5,Voice Assistant,"Kavaratti, Lakshadweep",ATM,0,Clean,INR,+91996027XXXXXX,Grocery delivery,pii_email_52e14be95bea
a38e5745-c3af-4bfe-9bd4-b42e59698ac4,pii_full_name_d1c09af8a24d,Female,64,Lakshadweep,Kavaratti,Kavaratti Branch,Checking,dcb7c122-6639-445c-98ee-1f2c6e269c0d,21-11-2025,13:49:25,67071.09,38f46b08-469b-4267-9b67-1dc4486969e5,Withdrawal,Health,52127.31,Mobile Banking App,"Kavaratti, Lakshadweep",POS,0,Clean,INR,+91996027XXXXXX,Food delivery,pii_email_52e14be95bea
a43115d9-0050-423d-ab7b-504e781d8fa9,pii_full_name_eeefea2ab9ff,Male,51,Andaman and Nicobar Islands,Diglipur,Diglipur Branch,Checking,d9cf15ea-7a9c-4276-954d-9b70ded135f0,04-01-2025,20:30:20,62885.27,df964700-521e-4ff1-8ce1-82401a31cc9b,Debit,Restaurant,5029.66,Mobile Banking App,"Diglipur, Andaman and Nicobar Islands",ATM,0,Clean,INR,+91945247XXXXXX,Debt repayment,pii_email_626c6bb08e2e
a43115d9-0050-423d-ab7b-504e781d8fa9,pii_full_name_eeefea2ab9ff,Male,51,Andaman and Nicobar Islands,Diglipur,Diglipur Branch,Checking,488fa646-1194-4992-b273-a0d7c3de81a7,09-01-2025,16:53:00,64886.3,64eecdf4-5b59-4cde-b729-2f1a3eefddc6,Bill Payment,Clothing,21375.31,Internet Banking,"Diglipur, Andaman and Nicobar Islands",Desktop,0,Clean,INR,+91945247XXXXXX,Jewelry purchase,pii_email_626c6bb08e2e
a43115d9-0050-423d-ab7b-504e781d8fa9,pii_full_name_eeefea2ab9ff,Male,51,Andaman and Nicobar Islands,Diglipur,Diglipur Branch,Checking,084b556a-91cc-4562-8307-23d9c67ccdcd,09-01-2025,23:14:35,71337.04,f85445d6-9558-45fd-875e-8513c7682a71,Withdrawal,Restaurant,21441.3,Contactless Card,"Diglipur, Andaman and Nicobar Islands",ATM,0,Clean,INR,+91945247XXXXXX,Mobile recharge,pii_email_626c6bb08e2e
a43115d9-0050-423d-ab7b-504e781d8fa9,pii_full_name_eeefea2ab9ff,Male,51,Andaman and Nicobar Islands,Diglipur,Diglipur Branch,Checking,e251736c-28b7-4de8-ada4-052c76a3a2d9,15-01-2025,04:12:50,48438.8,43bb4003-ea4c-4cdc-975b-f369abfc80d5,Withdrawal,Entertainment,5029.66,Internet Banking,"Diglipur, Andaman and Nicobar Islands",POS,0,Clean,INR,+91945247XXXXXX,Salary credit,pii_email_626c6bb08e2e
a43115d9-0050-423d-ab7b-504e781d8fa9,pii_full_name_eeefea2ab9ff,Male,51,Andaman and Nicobar Islands,Diglipur,Diglipur Branch,Checking,4abb7d64-031a-413d-9598-c264ea6c0e4b,15-01-2025,14:02:18,14395.89,a616f2ea-ae19-4082-982c-137be2aa87e9,Withdrawal,Entertainment,27863.94,QR Code Scanner,"Diglipur, Andaman and Nicobar Islands",ATM,0,Clean,INR,+91945247XXXXXX,Utility bill,pii_email_626c6bb08e2e
a43115d9-0050-423d-ab7b-504e781d8fa9,pii_full_name_eeefea2ab9ff,Male,51,Andaman and Nicobar Islands,Diglipur,Diglipur Branch,Checking,79dca528-2cf5-47a5-aa11-b5a1db6d4ed9,07-02-2025,15:51:14,37013.67,608e0a0a-267c-4739-8884-168483b5bbe6,Credit,Restaurant,8731.03,QR Code Scanner,"Diglipur, Andaman and Nicobar Islands",Desktop,0,Clean,INR,+91945247XXXXXX,Utility bill,pii_email_626c6bb08e2e
a43115d9-0050-423d-ab7b-504e781d8fa9,pii_full_name_eeefea2ab9ff,Male,51,Andaman and Nicobar Islands,Diglipur,Diglipur Branch,Checking,5037f075-63e6-45ca-ad3f-f8e06e402b0b,02-03-2025,07:16:39,93156.6,66a34ad4-8d12-4a47-bcae-affc87414d05,Debit,Health,12125.64,ATM,"Diglipur, Andaman and Nicobar Islands",Mobile,1,Clean,INR,+91945247XXXXXX,Restaurant dining,pii_email_626c6bb08e2e
a43115d9-0050-423d-ab7b-504e781d8fa9,pii_full_name_eeefea2ab9ff,Male,51,Andaman and Nicobar Islands,Diglipur,Diglipur Branch,Checking,a7065a79-d178-4062-adf7-4ab6cf9905ae,23-03-2025,18:02:08,10525.93,c674dc40-51d8-454a-ab99-bd0eb2b51039,Transfer,Clothing,29303.53,ATM Booth Kiosk,"Diglipur, Andaman and Nicobar Islands",POS,0,Clean,INR,+91945247XXXXXX,Pharmacy bill,pii_email_626c6bb08e2e
a43115d9-0050-423d-ab7b-504e781d8fa9,pii_full_name_eeefea2ab9ff,Male,51,Andaman and Nicobar Islands,Diglipur,Diglipur Branch,Checking,0760c23b-3bd9-4a98-9ec6-79b3758ea78d,02-04-2025,13:03:52,46621.25,f6e306d9-cd74-42b0-b563-2012e42b2163,Debit,Entertainment,5029.66,UPI,"Diglipur, Andaman and Nicobar Islands",ATM,0,Clean,INR,+91945247XXXXXX,Jewelry purchase,pii_email_626c6bb08e2e
a43115d9-0050-423d-ab7b-504e781d8fa9,pii_full_name_eeefea2ab9ff,Male,51,Andaman and Nicobar Islands,Diglipur,Diglipur Branch,Checking,ee73c8e8-b283-4edf-9c3c-a52ae7f0914b,05-05-2025,16:20:50,64519.92,7a0df5ac-d1f1-4185-97a2-92257b1b6287,Withdrawal,Entertainment,5029.66,Magnetic Strip Card,"Diglipur, Andaman and Nicobar Islands",Mobile,0,Clean,INR,+91945247XXXXXX,Bus ticket,pii_email_626c6bb08e2e
a43115d9-0050-423d-ab7b-504e781d8fa9,pii_full_name_eeefea2ab9ff,Male,51,Andaman and Nicobar Islands,Diglipur,Diglipur Branch,Checking,291c4f63-a70b-4bc4-a024-cb3634438c93,30-06-2025,23:51:42,29009.14,d7c2f5c3-2dd7-4c01-83bc-05646fab7355,Transfer,Electronics,18359.68,Mobile Banking App,"Diglipur, Andaman and Nicobar Islands",Mobile,0,Clean,INR,+91945247XXXXXX,Salary credit,pii_email_626c6bb08e2e
a43115d9-0050-423d-ab7b-504e781d8fa9,pii_full_name_eeefea2ab9ff,Male,51,Andaman and Nicobar Islands,Diglipur,Diglipur Branch,Checking,482ff0ee-69e7-4ed5-8409-a777d813c279,12-09-2025,01:45:02,98912.58,e6cc8587-0f37-449b-aa45-aa2b73a03118,Credit,Health,28250.94,Mobile Banking App,"Diglipur, Andaman and Nicobar Islands",ATM,0,Clean,INR,+91945247XXXXXX,Flight ticket,pii_email_626c6bb08e2e
a43115d9-0050-423d-ab7b-504e781d8fa9,pii_full_name_eeefea2ab9ff,Male,51,Andaman and Nicobar Islands,Diglipur,Diglipur Branch,Checking,ee03443e-3f17-4d2f-b048-25632be941e6,16-09-2025,11:50:14,60270.07,2874b202-cd70-48aa-ae06-76d6a7ab19a3,Debit,Entertainment,6098.64,Voice Assistant,"Diglipur, Andaman and Nicobar Islands",ATM,0,Clean,INR,+91945247XXXXXX,Movie tickets,pii_email_626c6bb08e2e
a43115d9-0050-423d-ab7b-504e781d8fa9,pii_full_name_eeefea2ab9ff,Male,51,Andaman and Nicobar Islands,Diglipur,Diglipur Branch,Checking,f444988c-e42a-4eeb-bf7c-94060e306d20,04-10-2025,14:13:41,67277.38,2e458f89-a606-42e7-b0ed-2a0ae5dadfc3,Transfer,Entertainment,15458.76,Mobile Banking App,"Diglipur, Andaman and Nicobar Islands",Desktop,0,Clean,INR,+91945247XXXXXX,Bus ticket,pii_email_626c6bb08e2e
a43115d9-0050-423d-ab7b-504e781d8fa9,pii_full_name_eeefea2ab9ff,Male,51,Andaman and Nicobar Islands,Diglipur,Diglipur Branch,Checking,53e045a3-2c22-4228-920a-291d64ef757a,16-11-2025,21:14:58,24767.49,44ac6734-7138-4d8a-8c3e-0c2369589772,Withdrawal,Groceries,18898.56,ATM,"Diglipur, Andaman and Nicobar Islands",Mobile,0,Clean,INR,+91945247XXXXXX,Grocery delivery,pii_email_626c6bb08e2e
a59d8706-48f7-4d38-be03-ac06517cb747,pii_full_name_81c37877f38f,Male,30,Punjab,Ludhiana,Ludhiana Branch,Checking,f500cd79-0a8b-460c-bc37-2fe354806e50,01-01-2025,13:29:20,9159.34,e3becaf3-1751-476b-80b5-90743fea521b,Credit,Clothing,93432.95,Virtual Card,"Ludhiana, Punjab",ATM,0,Clean,INR,+91914494XXXXXX,Mutual fund investment,pii_email_f85dce37d1d7
a59d8706-48f7-4d38-be03-ac06517cb747,pii_full_name_81c37877f38f,Male,30,Punjab,Ludhiana,Ludhiana Branch,Checking,4f43e1ab-0f1c-4e72-95d7-9173c7eb9508,26-07-2025,00:13:23,29655.3,8f77d76f-12f8-450f-af2b-1c58e92d7683,Withdrawal,Entertainment,96798.03,UPI,"Ludhiana, Punjab",Desktop,0,Clean,INR,+91914494XXXXXX,Gym membership,pii_email_f85dce37d1d7
a59d8706-48f7-4d38-be03-ac06517cb747,pii_full_name_81c37877f38f,Male,30,Punjab,Ludhiana,Ludhiana Branch,Checking,820956cd-ac0b-4a4f-bb1f-3933d7dfba3d,16-09-2025,18:23:54,5239.79,a8c7ff8d-f6ba-4d8c-b7a8-7f03a36bc64a,Credit,Groceries,97322.01,ATM Booth Kiosk,"Ludhiana, Punjab",Mobile,0,Clean,INR,+91914494XXXXXX,Gas bill,pii_email_f85dce37d1d7
a59d8706-48f7-4d38-be03-ac06517cb747,pii_full_name_81c37877f38f,Male,30,Punjab,Ludhiana,Ludhiana Branch,Checking,0dff8920-fd8e-494d-9b49-575a0bc4511b,08-10-2025,06:27:40,19052.11,4d3fe4c9-c97f-459a-bdfd-1e6d258eaa7b,Transfer,Electronics,99227.22,Biometric ATM,"Ludhiana, Punjab",POS,0,Clean,INR,+91914494XXXXXX,Restaurant dining,pii_email_f85dce37d1d7
a59d8706-48f7-4d38-be03-ac06517cb747,pii_full_name_81c37877f38f,Male,30,Punjab,Ludhiana,Ludhiana Branch,Checking,ac31e035-a0ff-4364-bdb0-a60e064ae8e8,20-10-2025,21:41:38,33875.51,43337f88-d47a-4d19-8b56-de60bca1ad2c,Bill Payment,Electronics,82767.5,ATM Booth Kiosk,"Ludhiana, Punjab",ATM,0,Clean,INR,+91914494XXXXXX,Jewelry purchase,pii_email_f85dce37d1d7
a59d8706-48f7-4d38-be03-ac06517cb747,pii_full_name_81c37877f38f,Male,30,Punjab,Ludhiana,Ludhiana Branch,Checking,25ca13c0-b9ba-4b4b-aeb3-5a7016b37933,12-11-2025,08:40:50,72778.96,1a17d686-5a67-4021-bea3-5f7f1d46badd,Bill Payment,Groceries,86155.06,Magnetic Strip Card,"Ludhiana, Punjab",ATM,0,Clean,INR,+91914494XXXXXX,Cash withdrawal,pii_email_f85dce37d1d7
a59d8706-48f7-4d38-be03-ac06517cb747,pii_full_name_81c37877f38f,Male,30,Punjab,Ludhiana,Ludhiana Branch,Checking,d17532dd-ef35-4df7-b533-a95fea958967,07-12-2025,10:53:56,53742.65,479a385c-47b7-49d5-8562-8dd0694ea96b,Withdrawal,Electronics,68724.1,Video Banking,"Ludhiana, Punjab",Desktop,1,Clean,INR,+91914494XXXXXX,Taxi fare,pii_email_f85dce37d1d7
a59d8706-48f7-4d38-be03-ac06517cb747,pii_full_name_81c37877f38f,Male,30,Punjab,Ludhiana,Ludhiana Branch,Checking,c648b0f9-a09b-4605-a207-3b9f01c916a7,07-12-2025,17:04:24,86691.36,a030813f-3af1-498e-b293-585979d2f37b,Debit,Restaurant,74098.37,Internet Banking,"Ludhiana, Punjab",Desktop,0,Clean,INR,+91914494XXXXXX,Train ticket,pii_email_f85dce37d1d7
a59d8706-48f7-4d38-be03-ac06517cb747,pii_full_name_81c37877f38f,Male,30,Punjab,Ludhiana,Ludhiana Branch,Checking,39a7a32f-8363-4b20-81cc-bd9c8de03e25,16-12-2025,00:50:33,67102.0,be428765-cc5b-4bc7-9573-4578321dc08a,Debit,Restaurant,92517.02,Magnetic Strip Card,"Ludhiana, Punjab",Desktop,1,Clean,INR,+91914494XXXXXX,Taxi fare,pii_email_f85dce37d1d7
a59d8706-48f7-4d38-be03-ac06517cb747,pii_full_name_81c37877f38f,Male,30,Punjab,Ludhiana,Ludhiana Branch,Checking,eef84bbd-a27c-4636-a32c-5e894b920b32,02-07-2025,21:47:26,384.43,4e60edd5-cf54-487c-a839-745540fa9d28,Transfer,Groceries,90447.89,Chip Card,"Ludhiana, Punjab",Mobile,1,Money Laundering,INR,+91914494XXXXXX,Gym membership,pii_email_f85dce37d1d7
a59d8706-48f7-4d38-be03-ac06517cb747,pii_full_name_81c37877f38f,Male,30,Punjab,Ludhiana,Ludhiana Branch,Checking,ce33ec81-b599-4dd6-bbc1-ff79efade3cc,02-07-2025,21:47:26,540.75,5287cb5d-385c-4fad-8ec9-3831a001be10,Bill Payment,Groceries,95388.63,POS Mobile App,"Ludhiana, Punjab",Mobile,1,Money Laundering,INR,+91914494XXXXXX,Salary credit,pii_email_f85dce37d1d7
a59d8706-48f7-4d38-be03-ac06517cb747,pii_full_name_81c37877f38f,Male,30,Punjab,Ludhiana,Ludhiana Branch,Checking,c2f29fe4-af47-424a-a541-0c00c7fb85c8,02-07-2025,21:47:26,253.71,5d0483d7-d3b8-4610-a51b-cbcbe2160e19,Bill Payment,Groceries,86491.43,Voice Assistant,"Ludhiana, Punjab",ATM,1,Money Laundering,INR,+91914494XXXXXX,EMI payment,pii_email_f85dce37d1d7
a59d8706-48f7-4d38-be03-ac06517cb747,pii_full_name_81c37877f38f,Male,30,Punjab,Ludhiana,Ludhiana Branch,Checking,7543c4c7-3734-4cbe-a5ff-fe6825bfb98d,02-07-2025,21:47:26,713.45,57775ab2-1b7a-4038-b37a-80077dc684e7,Bill Payment,Health,90829.5,Debit/Credit Card,"Ludhiana, Punjab",ATM,1,Money Laundering,INR,+91914494XXXXXX,Cash withdrawal,pii_email_f85dce37d1d7
a59d8706-48f7-4d38-be03-ac06517cb747,pii_full_name_81c37877f38f,Male,30,Punjab,Ludhiana,Ludhiana Branch,Checking,11f2d97c-28f0-4813-a5e4-22ea98e39085,02-07-2025,21:47:26,200.0,36d4b32f-7ca5-4e00-8cce-15a12f8f3ddd,Transfer,Health,101188.69,Video Banking,"Ludhiana, Punjab",Desktop,1,Money Laundering,INR,+91914494XXXXXX,Restaurant dining,pii_email_f85dce37d1d7
a891dd4c-1ba7-4781-8403-f6720bd76f43,pii_full_name_144ab98193c4,Female,53,Punjab,Ludhiana,Ludhiana Branch,Checking,ffa261c3-b952-405c-83c8-0684d43cd2fd,10-01-2025,13:04:32,97793.82,3c0c30ba-1693-48ee-ad64-2a929c29588a,Credit,Restaurant,31051.85,Voice Assistant,"Ludhiana, Punjab",Mobile,0,Clean,INR,+91911605XXXXXX,Bus ticket,pii_email_69d9a00ccc46
a891dd4c-1ba7-4781-8403-f6720bd76f43,pii_full_name_144ab98193c4,Female,53,Punjab,Ludhiana,Ludhiana Branch,Checking,02ce26d5-1ebd-4884-848a-cd89115620cc,26-01-2025,09:49:40,68163.85,5bec5657-c261-4713-bbe0-4adb32e041c9,Transfer,Health,24753.64,Phone Banking,"Ludhiana, Punjab",POS,0,Clean,INR,+91911605XXXXXX,Cash withdrawal,pii_email_69d9a00ccc46
a891dd4c-1ba7-4781-8403-f6720bd76f43,pii_full_name_144ab98193c4,Female,53,Punjab,Ludhiana,Ludhiana Branch,Checking,02e19741-0a98-48c9-beb5-88d673d0ef14,11-02-2025,14:30:55,53636.05,73c1f3b6-2999-4183-8b65-b71ae09b439d,Credit,Clothing,36415.46,Branch Counter,"Ludhiana, Punjab",Mobile,0,Clean,INR,+91911605XXXXXX,Mutual fund investment,pii_email_69d9a00ccc46
a891dd4c-1ba7-4781-8403-f6720bd76f43,pii_full_name_144ab98193c4,Female,53,Punjab,Ludhiana,Ludhiana Branch,Checking,85ae4112-9377-4111-bcd6-a042e57e33aa,17-02-2025,01:10:43,34811.68,40c7202d-f800-4495-a1ca-dba9a92a8cab,Bill Payment,Entertainment,21272.47,Internet Banking,"Ludhiana, Punjab",Mobile,0,Clean,INR,+91911605XXXXXX,Food delivery,pii_email_69d9a00ccc46
a891dd4c-1ba7-4781-8403-f6720bd76f43,pii_full_name_144ab98193c4,Female,53,Punjab,Ludhiana,Ludhiana Branch,Checking,c5ff8419-6f56-412b-b361-8a61f630b24e,23-02-2025,00:44:25,43713.13,7a5e109e-2e1e-4093-9f27-b3d11a7cd22e,Withdrawal,Groceries,41067.97,Contactless Card,"Ludhiana, Punjab",Desktop,0,Clean,INR,+91911605XXXXXX,Utility bill,pii_email_69d9a00ccc46
a891dd4c-1ba7-4781-8403-f6720bd76f43,pii_full_name_144ab98193c4,Female,53,Punjab,Ludhiana,Ludhiana Branch,Checking,01c708dc-cb65-4a20-84a6-673cb8c138b8,28-03-2025,15:59:56,67277.38,d9431cd8-30cc-4a65-9b37-412a4bdd97ac,Credit,Electronics,45439.29,POS Mobile Device,"Ludhiana, Punjab",Mobile,0,Clean,INR,+91911605XXXXXX,Jewelry purchase,pii_email_69d9a00ccc46
a891dd4c-1ba7-4781-8403-f6720bd76f43,pii_full_name_144ab98193c4,Female,53,Punjab,Ludhiana,Ludhiana Branch,Checking,98aa45f0-b56b-4db3-ae13-e31739ff86c8,03-06-2025,08:56:31,53027.68,89546d32-c646-46cc-ac35-51c2d3b72a8f,Debit,Restaurant,45309.27,POS Mobile App,"Ludhiana, Punjab",POS,0,Clean,INR,+91911605XXXXXX,Gym membership,pii_email_69d9a00ccc46
a891dd4c-1ba7-4781-8403-f6720bd76f43,pii_full_name_144ab98193c4,Female,53,Punjab,Ludhiana,Ludhiana Branch,Checking,3c98f48c-547c-4344-976a-119035973c77,27-07-2025,03:06:17,57870.65,761638f7-fb42-431b-8886-42af900f930f,Credit,Restaurant,10816.73,POS Mobile Device,"Ludhiana, Punjab",Desktop,0,Clean,INR,+91911605XXXXXX,EMI payment,pii_email_69d9a00ccc46
a891dd4c-1ba7-4781-8403-f6720bd76f43,pii_full_name_144ab98193c4,Female,53,Punjab,Ludhiana,Ludhiana Branch,Checking,cd73008e-49c2-4612-adca-6a9df87e4ded,18-08-2025,06:01:31,39986.22,73b935a1-d0ac-4bcd-9e16-344cf7186bb4,Bill Payment,Restaurant,5029.66,Video Banking,"Ludhiana, Punjab",ATM,0,Clean,INR,+91911605XXXXXX,Train ticket,pii_email_69d9a00ccc46
a891dd4c-1ba7-4781-8403-f6720bd76f43,pii_full_name_144ab98193c4,Female,53,Punjab,Ludhiana,Ludhiana Branch,Checking,82d2b4ab-d5e7-4fe7-bbdb-60f334ea73f1,23-08-2025,02:47:04,24520.98,21f70028-44a4-44e3-bc29-9927ca5fd87b,Debit,Restaurant,5029.66,POS Mobile Device,"Ludhiana, Punjab",Mobile,0,Clean,INR,+91911605XXXXXX,Salary credit,pii_email_69d9a00ccc46
a891dd4c-1ba7-4781-8403-f6720bd76f43,pii_full_name_144ab98193c4,Female,53,Punjab,Ludhiana,Ludhiana Branch,Checking,e65365c4-48dc-4816-b3a3-c40026720490,19-10-2025,09:54:34,33476.93,b14fa27c-d027-4f9d-9f7c-961f2a45a3ec,Debit,Clothing,38711.55,Branch Counter,"Ludhiana, Punjab",Desktop,0,Clean,INR,+91911605XXXXXX,Insurance premium,pii_email_69d9a00ccc46
a891dd4c-1ba7-4781-8403-f6720bd76f43,pii_full_name_144ab98193c4,Female,53,Punjab,Ludhiana,Ludhiana Branch,Checking,426ed78e-3bf0-48d1-8f09-39e0e19c2558,27-10-2025,14:29:39,56437.85,cdea8fdc-c7e0-48d5-ad8b-dde732579fde,Transfer,Entertainment,42059.24,Contactless Card,"Ludhiana, Punjab",Mobile,1,Clean,INR,+91911605XXXXXX,Online shopping,pii_email_69d9a00ccc46
a891dd4c-1ba7-4781-8403-f6720bd76f43,pii_full_name_144ab98193c4,Female,53,Punjab,Ludhiana,Ludhiana Branch,Checking,ba5d0cbb-2c1f-41cf-900e-d27f06873f1b,26-11-2025,23:32:13,95440.63,81d722f2-5d3e-4755-92e8-046634344704,Credit,Health,50612.04,Chip Card,"Ludhiana, Punjab",Mobile,0,Clean,INR,+91911605XXXXXX,Jewelry purchase,pii_email_69d9a00ccc46
a891dd4c-1ba7-4781-8403-f6720bd76f43,pii_full_name_144ab98193c4,Female,53,Punjab,Ludhiana,Ludhiana Branch,Checking,7bcdfe73-5c65-4af5-a9a8-7a9785b32eb2,25-12-2025,07:14:58,68850.54,2092524e-b1e9-4180-84b4-3710ffd4a27b,Credit,Clothing,17701.78,Voice Assistant,"Ludhiana, Punjab",Desktop,0,Clean,INR,+91911605XXXXXX,Salary credit,pii_email_69d9a00ccc46
a891dd4c-1ba7-4781-8403-f6720bd76f43,pii_full_name_144ab98193c4,Female,53,Punjab,Ludhiana,Ludhiana Branch,Checking,63be5a7c-4907-4558-80b8-67ed7aa5b412,26-12-2025,00:00:50,2354.73,ea3250b6-31ea-4b00-86d2-1b046c072a27,Transfer,Groceries,17937.25,Biometric ATM,"Ludhiana, Punjab",Mobile,0,Clean,INR,+91911605XXXXXX,Bitcoin transaction,pii_email_69d9a00ccc46
a970af3e-9886-427e-904d-72e4996062d1,pii_full_name_05312e4b92d4,Female,50,Andaman and Nicobar Islands,Port Blair,Port Blair Branch,Checking,55f8dce7-7fc2-4098-b01f-c9703ba56a31,09-01-2025,11:04:53,62825.86,1d89f5ca-4053-456c-9fb6-09fa149e5279,Withdrawal,Restaurant,10303.04,ATM Booth Kiosk,"Port Blair, Andaman and Nicobar Islands",Desktop,0,Clean,INR,+91944754XXXXXX,Insurance premium,pii_email_c352bf486944
a970af3e-9886-427e-904d-72e4996062d1,pii_full_name_05312e4b92d4,Female,50,Andaman and Nicobar Islands,Port Blair,Port Blair Branch,Checking,6958c9b5-faab-4e71-9398-ea5a6b5bf740,04-03-2025,22:33:40,58720.12,f6b10d69-27a5-4c76-9518-23a69b1f820a,Bill Payment,Restaurant,9136.78,Internet Banking,"Port Blair, Andaman and Nicobar Islands",POS,0,Clean,INR,+91944754XXXXXX,Salary credit,pii_email_c352bf486944
a970af3e-9886-427e-904d-72e4996062d1,pii_full_name_05312e4b92d4,Female,50,Andaman and Nicobar Islands,Port Blair,Port Blair Branch,Checking,0a2c8660-0c08-4a0a-b3b8-0b1a4f7faaf0,10-03-2025,01:41:00,16670.09,4aef15ad-95c9-47ff-b17b-a0739e815ad0,Credit,Electronics,10803.79,Self-service Banking Machine,"Port Blair, Andaman and Nicobar Islands",POS,0,Clean,INR,+91944754XXXXXX,EMI payment,pii_email_c352bf486944
a970af3e-9886-427e-904d-72e4996062d1,pii_full_name_05312e4b92d4,Female,50,Andaman and Nicobar Islands,Port Blair,Port Blair Branch,Checking,cf0dd0fe-a2b4-4eab-9834-e00fedb068b4,31-03-2025,16:37:22,41533.36,9bef074c-bf3c-416b-af42-f801e90c6053,Withdrawal,Electronics,6650.45,ATM Booth Kiosk,"Port Blair, Andaman and Nicobar Islands",Mobile,0,Clean,INR,+91944754XXXXXX,Movie tickets,pii_email_c352bf486944
a970af3e-9886-427e-904d-72e4996062d1,pii_full_name_05312e4b92d4,Female,50,Andaman and Nicobar Islands,Port Blair,Port Blair Branch,Checking,fc931de5-eff3-4eeb-bef4-dc98354de81a,31-05-2025,15:29:03,83013.34,2f911868-929b-4531-8e0d-9814367d13e0,Withdrawal,Health,16585.63,POS Mobile App,"Port Blair, Andaman and Nicobar Islands",POS,1,Clean,INR,+91944754XXXXXX,Salary credit,pii_email_c352bf486944
a970af3e-9886-427e-904d-72e4996062d1,pii_full_name_05312e4b92d4,Female,50,Andaman and Nicobar Islands,Port Blair,Port Blair Branch,Checking,aabd5ba7-91cd-4a00-8815-cbf4750c7506,04-09-2025,14:30:46,96905.78,c91e1417-109d-4e84-ab0b-a5e56529793e,Bill Payment,Electronics,5029.66,Magnetic Strip Card,"Port Blair, Andaman and Nicobar Islands",Desktop,0,Clean,INR,+91944754XXXXXX,Cash withdrawal,pii_email_c352bf486944
a970af3e-9886-427e-904d-72e4996062d1,pii_full_name_05312e4b92d4,Female,50,Andaman and Nicobar Islands,Port Blair,Port Blair Branch,Checking,ee536676-0b04-4610-abda-f2baeed5c009,03-11-2025,09:42:56,23354.8,ad2dca66-e4c1-41a5-8298-3b5251e7a6dd,Credit,Electronics,11652.08,Internet Banking,"Port Blair, Andaman and Nicobar Islands",POS,0,Clean,INR,+91944754XXXXXX,Mobile recharge,pii_email_c352bf486944
a970af3e-9886-427e-904d-72e4996062d1,pii_full_name_05312e4b92d4,Female,50,Andaman and Nicobar Islands,Port Blair,Port Blair Branch,Checking,f3558ef8-892c-4591-8cce-708fd9b2bd72,17-12-2025,17:15:39,33567.12,67fd1ad7-0096-484d-aad2-54a4945e0751,Credit,Health,15008.79,Mobile Banking App,"Port Blair, Andaman and Nicobar Islands",ATM,0,Clean,INR,+91944754XXXXXX,Bus ticket,pii_email_c352bf486944
a970af3e-9886-427e-904d-72e4996062d1,pii_full_name_05312e4b92d4,Female,50,Andaman and Nicobar Islands,Port Blair,Port Blair Branch,Checking,3d027916-5fbb-4ab6-aed7-c01d6338cdc9,31-12-2025,15:57:13,9864.45,24455dc3-3b9b-4492-9719-c5c004a3bf3d,Bill Payment,Entertainment,9316.6,Mobile Banking App,"Port Blair, Andaman and Nicobar Islands",POS,0,Clean,INR,+91944754XXXXXX,Jewelry purchase,pii_email_c352bf486944
ab5bb567-e6ba-4b16-8508-500739d26980,pii_full_name_c775733b21b2,Male,56,Tamil Nadu,Coimbatore,Coimbatore Branch,Savings,a251a17f-897a-47a4-9767-23e47c36fbbf,12-01-2025,19:58:53,59141.19,2b432aa7-9d26-4e0a-b0d8-2ef187755b91,Credit,Electronics,39819.03,Voice Assistant,"Coimbatore, Tamil Nadu",Desktop,0,Clean,INR,+91944698XXXXXX,Flight ticket,pii_email_48cf0bef36ef
ab5bb567-e6ba-4b16-8508-500739d26980,pii_full_name_c775733b21b2,Male,56,Tamil Nadu,Coimbatore,Coimbatore Branch,Savings,b0618926-c7f4-4d0c-a1a9-e28c7c0a6d0a,16-02-2025,10:43:08,31116.63,e27724f7-3b43-4af4-bb28-fbf1f2de4429,Bill Payment,Health,61755.19,Branch Counter,"Coimbatore, Tamil Nadu",Desktop,0,Clean,INR,+91944698XXXXXX,EMI payment,pii_email_48cf0bef36ef
ab5bb567-e6ba-4b16-8508-500739d26980,pii_full_name_c775733b21b2,Male,56,Tamil Nadu,Coimbatore,Coimbatore Branch,Savings,05e13cc4-7902-48bb-b4e8-3b470dab0c28,03-04-2025,05:16:25,4152.84,d6cfa80c-264d-4038-8680-d9515cd209a1,Credit,Entertainment,48624.08,Self-service Banking Machine,"Coimbatore, Tamil Nadu",Desktop,0,Clean,INR,+91944698XXXXXX,Gas bill,pii_email_48cf0bef36ef
ab5bb567-e6ba-4b16-8508-500739d26980,pii_full_name_c775733b21b2,Male,56,Tamil Nadu,Coimbatore,Coimbatore Branch,Savings,76a23918-fa63-4d26-a756-18b7b16b6160,17-04-2025,04:47:06,83897.68,61f8ebb6-812c-4a25-a025-2001431b8fe0,Transfer,Electronics,48208.8,POS Mobile App,"Coimbatore, Tamil Nadu",POS,0,Clean,INR,+91944698XXXXXX,Pharmacy bill,pii_email_48cf0bef36ef
ab5bb567-e6ba-4b16-8508-500739d26980,pii_full_name_c775733b21b2,Male,56,Tamil Nadu,Coimbatore,Coimbatore Branch,Savings,6ba3d5f0-d008-4cf5-a74a-e95a0aedf64a,28-04-2025,15:15:57,57766.93,ba570844-9d4f-49b2-a1ad-13350eaac3c7,Bill Payment,Entertainment,39066.3,Debit/Credit Card,"Coimbatore, Tamil Nadu",Mobile,0,Clean,INR,+91944698XXXXXX,Pharmacy bill,pii_email_48cf0bef36ef
ab5bb567-e6ba-4b16-8508-500739d26980,pii_full_name_c775733b21b2,Male,56,Tamil Nadu,Coimbatore,Coimbatore Branch,Savings,7c98222e-27a5-4de7-9bef-2ae23e1e66dd,03-06-2025,02:07:51,78331.38,767c0331-9de1-4c9b-9317-a7aed3624675,Bill Payment,Health,44842.99,ATM,"Coimbatore, Tamil Nadu",ATM,1,Clean,INR,+91944698XXXXXX,Movie tickets,pii_email_48cf0bef36ef
ab5bb567-e6ba-4b16-8508-500739d26980,pii_full_name_c775733b21b2,Male,56,Tamil Nadu,Coimbatore,Coimbatore Branch,Savings,5a0d237e-7551-4a61-a8bc-3ceb9699054f,03-06-2025,13:06:32,74109.37,d89e2d33-27ac-43af-954f-77e60426731a,Bill Payment,Health,31655.36,UPI,"Coimbatore, Tamil Nadu",Desktop,0,Clean,INR,+91944698XXXXXX,Grocery delivery,pii_email_48cf0bef36ef
ab5bb567-e6ba-4b16-8508-500739d26980,pii_full_name_c775733b21b2,Male,56,Tamil Nadu,Coimbatore,Coimbatore Branch,Savings,976eac1d-ea09-4955-bd19-a33a1792074b,22-08-2025,08:22:14,33057.41,a5047216-ebb1-4b22-b955-44d6434b7f30,Credit,Restaurant,29761.9,Branch Counter,"Coimbatore, Tamil Nadu",ATM,0,Clean,INR,+91944698XXXXXX,EMI payment,pii_email_48cf0bef36ef
ab5bb567-e6ba-4b16-8508-500739d26980,pii_full_name_c775733b21b2,Male,56,Tamil Nadu,Coimbatore,Coimbatore Branch,Savings,a0f8bab2-80fb-4280-ae55-dce519001527,25-09-2025,07:01:35,41430.11,67478424-1eb2-436c-960d-2df072cb7c51,Credit,Groceries,33904.91,QR Code Scanner,"Coimbatore, Tamil Nadu",ATM,0,Clean,INR,+91944698XXXXXX,Food delivery,pii_email_48cf0bef36ef
ab5bb567-e6ba-4b16-8508-500739d26980,pii_full_name_c775733b21b2,Male,56,Tamil Nadu,Coimbatore,Coimbatore Branch,Savings,809b6118-4544-47a4-a06c-2ef15ec2522b,01-10-2025,09:47:19,90718.26,95ced875-3627-41ea-a829-6a37f7217377,Credit,Electronics,64866.85,POS Mobile Device,"Coimbatore, Tamil Nadu",Desktop,0,Clean,INR,+91944698XXXXXX,Gym membership,pii_email_48cf0bef36ef
ab5bb567-e6ba-4b16-8508-500739d26980,pii_full_name_c775733b21b2,Male,56,Tamil Nadu,Coimbatore,Coimbatore Branch,Savings,ec126de8-458f-478a-9ffd-583f99516ae4,13-10-2025,16:11:25,51992.01,d36e0446-8863-4a37-a6c1-a6f2663c3db6,Withdrawal,Health,26456.16,Magnetic Strip Card,"Coimbatore, Tamil Nadu",Mobile,1,Clean,INR,+91944698XXXXXX,Food delivery,pii_email_48cf0bef36ef
ab5bb567-e6ba-4b16-8508-500739d26980,pii_full_name_c775733b21b2,Male,56,Tamil Nadu,Coimbatore,Coimbatore Branch,Savings,5ace8d57-1efb-46ed-a759-810c668509c5,04-12-2025,20:02:01,90790.62,3008d7cb-213b-4974-b598-c527233cc6e6,Bill Payment,Health,52676.13,Self-service Banking Machine,"Coimbatore, Tamil Nadu",Mobile,0,Clean,INR,+91944698XXXXXX,Utility bill,pii_email_48cf0bef36ef
ab886224-65e4-4eda-b719-1a0060b0d3af,pii_full_name_a6e49a3bc333,Female,49,Rajasthan,Jaipur,Jaipur Branch,Business,c673c07e-799c-47ac-9f90-d8ba68526148,15-03-2025,08:44:02,67761.87,9b31c89f-473e-4d2d-8944-1adc104765c5,Withdrawal,Restaurant,22306.46,Internet Banking,"Jaipur, Rajasthan",Desktop,0,Clean,INR,+91920267XXXXXX,Restaurant dining,pii_email_98c94c29dc1d
ab886224-65e4-4eda-b719-1a0060b0d3af,pii_full_name_a6e49a3bc333,Female,49,Rajasthan,Jaipur,Jaipur Branch,Business,d55fccac-cc49-4930-930f-a9e3cb784a8d,16-03-2025,08:32:27,91307.95,7850973d-87f5-4830-addc-bc558b8c2adc,Withdrawal,Entertainment,23911.13,Biometric ATM,"Jaipur, Rajasthan",Desktop,1,Clean,INR,+91920267XXXXXX,Mobile recharge,pii_email_98c94c29dc1d
ab886224-65e4-4eda-b719-1a0060b0d3af,pii_full_name_a6e49a3bc333,Female,49,Rajasthan,Jaipur,Jaipur Branch,Business,6eccfd2d-8e19-4ea2-b58a-409ccb23a2e1,04-04-2025,07:23:18,34432.91,5e0a11c5-1ceb-477b-a7e5-d2f42883e7b0,Transfer,Electronics,23987.41,Magnetic Strip Card,"Jaipur, Rajasthan",POS,0,Clean,INR,+91920267XXXXXX,Gym membership,pii_email_98c94c29dc1d
ab886224-65e4-4eda-b719-1a0060b0d3af,pii_full_name_a6e49a3bc333,Female,49,Rajasthan,Jaipur,Jaipur Branch,Business,753257f2-7d35-4f05-a07f-8d3b29b8871e,21-05-2025,09:43:23,37774.02,e3667305-04a8-45d5-9d8d-971fdf560b39,Withdrawal,Entertainment,41438.21,Internet Banking,"Jaipur, Rajasthan",Desktop,0,Clean,INR,+91920267XXXXXX,EMI payment,pii_email_98c94c29dc1d
ab886224-65e4-4eda-b719-1a0060b0d3af,pii_full_name_a6e49a3bc333,Female,49,Rajasthan,Jaipur,Jaipur Branch,Business,7ee37b12-09d6-48f4-bcf8-0429ad123686,22-05-2025,20:55:46,39129.87,dbd249a8-6f4c-4f12-8fa8-a4be5ea710b4,Bill Payment,Health,45215.61,ATM,"Jaipur, Rajasthan",ATM,0,Clean,INR,+91920267XXXXXX,Online shopping,pii_email_98c94c29dc1d
ab886224-65e4-4eda-b719-1a0060b0d3af,pii_full_name_a6e49a3bc333,Female,49,Rajasthan,Jaipur,Jaipur Branch,Business,3c8ebd93-8f9b-41a2-b222-130a022a5470,10-06-2025,06:14:25,17623.39,6bf8fc43-38fb-4821-ab9e-b71c0217a830,Bill Payment,Electronics,20544.12,Internet Banking,"Jaipur, Rajasthan",POS,0,Clean,INR,+91920267XXXXXX,Bus ticket,pii_email_98c94c29dc1d
ab886224-65e4-4eda-b719-1a0060b0d3af,pii_full_name_a6e49a3bc333,Female,49,Rajasthan,Jaipur,Jaipur Branch,Business,85f32237-fcaa-4016-9ae3-896f469a538a,25-06-2025,04:20:32,51715.11,6b30ea4d-2558-4f23-91c5-f5954d41480a,Credit,Restaurant,29082.65,Branch Counter,"Jaipur, Rajasthan",ATM,0,Clean,INR,+91920267XXXXXX,Insurance premium,pii_email_98c94c29dc1d
ab886224-65e4-4eda-b719-1a0060b0d3af,pii_full_name_a6e49a3bc333,Female,49,Rajasthan,Jaipur,Jaipur Branch,Business,4c5c1914-d320-43cc-8385-402b4c766cb5,13-07-2025,05:08:02,1664.61,c064c54e-5de0-4064-8984-fa986a9a5903,Bill Payment,Health,49128.59,Voice Assistant,"Jaipur, Rajasthan",Mobile,0,Clean,INR,+91920267XXXXXX,Mutual fund investment,pii_email_98c94c29dc1d
ab886224-65e4-4eda-b719-1a0060b0d3af,pii_full_name_a6e49a3bc333,Female,49,Rajasthan,Jaipur,Jaipur Branch,Business,f81434dd-4395-4b7f-b69e-f4406fec2bb2,20-08-2025,15:29:14,82865.95,fe6ae5ba-f149-4819-8920-5d7c4b659b02,Withdrawal,Electronics,33041.93,Video Banking,"Jaipur, Rajasthan",Mobile,0,Clean,INR,+91920267XXXXXX,Mutual fund investment,pii_email_98c94c29dc1d
ab886224-65e4-4eda-b719-1a0060b0d3af,pii_full_name_a6e49a3bc333,Female,49,Rajasthan,Jaipur,Jaipur Branch,Business,95393e7d-a71b-41dc-bfce-5039c311a90a,19-10-2025,00:07:02,1096.81,ad5c4341-f5e0-4d2a-95e7-e5b77ebd4c76,Debit,Electronics,41328.52,Mobile Banking App,"Jaipur, Rajasthan",POS,0,Clean,INR,+91920267XXXXXX,Jewelry purchase,pii_email_98c94c29dc1d
ab886224-65e4-4eda-b719-1a0060b0d3af,pii_full_name_a6e49a3bc333,Female,49,Rajasthan,Jaipur,Jaipur Branch,Business,8142dc60-54c5-4061-b28e-245f48476c7b,02-11-2025,12:38:51,61301.62,3eb603ed-b512-4787-ac05-337600e65b25,Transfer,Restaurant,30117.57,Video Banking,"Jaipur, Rajasthan",ATM,0,Clean,INR,+91920267XXXXXX,Salary credit,pii_email_98c94c29dc1d
b068039f-b9d3-4f7d-9bb6-0f775a02e48e,pii_full_name_37b28a70f19f,Male,29,Chandigarh,Chandigarh,Chandigarh Branch,Savings,163a6ae3-7548-4c32-9949-3d5e4966631b,04-01-2025,08:59:53,96544.58,0318d439-a4c5-4344-995f-8bb866cf0fd4,Withdrawal,Health,5029.66,ATM,"Chandigarh, Chandigarh",ATM,0,Clean,INR,+91986908XXXXXX,Utility bill,pii_email_bcd6bb6471c0
b068039f-b9d3-4f7d-9bb6-0f775a02e48e,pii_full_name_37b28a70f19f,Male,29,Chandigarh,Chandigarh,Chandigarh Branch,Savings,f0a06f9a-f841-401e-b082-ed951503613c,07-01-2025,14:29:15,20368.82,388d0c61-94dd-4f3c-a851-6924a37fb483,Credit,Clothing,7066.54,UPI,"Chandigarh, Chandigarh",POS,0,Clean,INR,+91986908XXXXXX,Online shopping,pii_email_bcd6bb6471c0
b068039f-b9d3-4f7d-9bb6-0f775a02e48e,pii_full_name_37b28a70f19f,Male,29,Chandigarh,Chandigarh,Chandigarh Branch,Savings,00eb9366-583e-4fe8-9cc5-569422721e60,18-02-2025,15:43:59,18327.75,83905bad-dbac-425c-ac64-cffacf72fb75,Debit,Entertainment,5233.77,Chip Card,"Chandigarh, Chandigarh",ATM,0,Clean,INR,+91986908XXXXXX,Cash withdrawal,pii_email_bcd6bb6471c0
b068039f-b9d3-4f7d-9bb6-0f775a02e48e,pii_full_name_37b28a70f19f,Male,29,Chandigarh,Chandigarh,Chandigarh Branch,Savings,23b2eb15-13a4-46a8-b184-24364a1ead5f,23-02-2025,17:39:10,59518.68,c2b4f1c7-bd7b-4a65-889e-772a77d07dbc,Transfer,Groceries,18124.01,Digital Wallet,"Chandigarh, Chandigarh",Desktop,0,Clean,INR,+91986908XXXXXX,Jewelry purchase,pii_email_bcd6bb6471c0
b068039f-b9d3-4f7d-9bb6-0f775a02e48e,pii_full_name_37b28a70f19f,Male,29,Chandigarh,Chandigarh,Chandigarh Branch,Savings,3291b999-15e0-41e4-8f9f-c9d5c4c09a0e,11-04-2025,18:13:35,59052.96,6f817774-749f-42ad-b807-a7ddebf715ce,Bill Payment,Electronics,5029.66,Magnetic Strip Card,"Chandigarh, Chandigarh",ATM,0,Clean,INR,+91986908XXXXXX,Movie tickets,pii_email_bcd6bb6471c0
b068039f-b9d3-4f7d-9bb6-0f775a02e48e,pii_full_name_37b28a70f19f,Male,29,Chandigarh,Chandigarh,Chandigarh Branch,Savings,2cdf5caa-fb85-4079-9cc2-5688fcf963a7,14-06-2025,08:19:02,71372.59,e027aa21-f685-427d-9291-f4ce7085d8d5,Bill Payment,Entertainment,7089.34,POS Mobile App,"Chandigarh, Chandigarh",ATM,0,Clean,INR,+91986908XXXXXX,Pharmacy bill,pii_email_bcd6bb6471c0
b068039f-b9d3-4f7d-9bb6-0f775a02e48e,pii_full_name_37b28a70f19f,Male,29,Chandigarh,Chandigarh,Chandigarh Branch,Savings,15fd74b4-4a82-41cf-b3c6-bf1835dd4f32,17-07-2025,19:43:15,37531.22,ddfd2176-d48d-49f2-99d0-b035e02f9581,Transfer,Groceries,12172.14,Self-service Banking Machine,"Chandigarh, Chandigarh",ATM,0,Clean,INR,+91986908XXXXXX,Gym membership,pii_email_bcd6bb6471c0
b068039f-b9d3-4f7d-9bb6-0f775a02e48e,pii_full_name_37b28a70f19f,Male,29,Chandigarh,Chandigarh,Chandigarh Branch,Savings,9f26858c-9c5c-451a-b34a-cce34c318c55,10-08-2025,00:08:25,33893.61,c2c0d0d2-b851-4d54-97ea-c25f36bbf315,Credit,Groceries,8419.02,Mobile Banking App,"Chandigarh, Chandigarh",ATM,0,Clean,INR,+91986908XXXXXX,Salary credit,pii_email_bcd6bb6471c0
b068039f-b9d3-4f7d-9bb6-0f775a02e48e,pii_full_name_37b28a70f19f,Male,29,Chandigarh,Chandigarh,Chandigarh Branch,Savings,e30c2e6b-ef55-4bf4-92de-fad298892784,11-10-2025,19:32:32,8099.74,302d59c9-fe40-4ae7-81d2-fbd4840f9766,Bill Payment,Clothing,5029.66,Virtual Card,"Chandigarh, Chandigarh",POS,0,Clean,INR,+91986908XXXXXX,EMI payment,pii_email_bcd6bb6471c0
b068039f-b9d3-4f7d-9bb6-0f775a02e48e,pii_full_name_37b28a70f19f,Male,29,Chandigarh,Chandigarh,Chandigarh Branch,Savings,c5a03d03-72d8-4b41-992e-12bc05f5622b,18-10-2025,17:35:13,23778.81,d9788cc3-b1e2-48c6-939c-49324a4f1449,Debit,Entertainment,5029.66,POS Mobile App,"Chandigarh, Chandigarh",POS,0,Clean,INR,+91986908XXXXXX,Taxi fare,pii_email_bcd6bb6471c0
b068039f-b9d3-4f7d-9bb6-0f775a02e48e,pii_full_name_37b28a70f19f,Male,29,Chandigarh,Chandigarh,Chandigarh Branch,Savings,db777bef-9a72-438d-9db4-904289eca44d,07-12-2025,02:43:17,38974.17,d80b181d-39b6-4067-8e1f-e767a9e6fa4b,Debit,Restaurant,14226.59,Chip Card,"Chandigarh, Chandigarh",Desktop,0,Clean,INR,+91986908XXXXXX,Jewelry purchase,pii_email_bcd6bb6471c0
b23dab8b-6bf1-48d4-8a1a-5098b863c230,pii_full_name_da49dbda2b06,Female,56,Kerala,Kochi,Kochi Branch,Business,57b5b8f9-db8e-4738-8e79-43fc0fdfe105,08-02-2025,01:41:56,49588.53,3b1b27df-7f11-472c-972a-28842506670d,Bill Payment,Electronics,72381.01,ATM,"Kochi, Kerala",POS,0,Clean,INR,+91933793XXXXXX,Bitcoin transaction,pii_email_88cf4ed89520
b23dab8b-6bf1-48d4-8a1a-5098b863c230,pii_full_name_da49dbda2b06,Female,56,Kerala,Kochi,Kochi Branch,Business,964f899f-6463-43e4-af29-98ab11dd19eb,24-02-2025,01:34:25,22432.88,292b21b5-42eb-417d-888f-01a9e0806838,Withdrawal,Clothing,52746.35,ATM Booth Kiosk,"Kochi, Kerala",POS,0,Clean,INR,+91933793XXXXXX,Grocery delivery,pii_email_88cf4ed89520
b23dab8b-6bf1-48d4-8a1a-5098b863c230,pii_full_name_da49dbda2b06,Female,56,Kerala,Kochi,Kochi Branch,Business,37bd00e4-338e-4212-a84b-cdb41c7f5dd7,24-02-2025,19:49:24,64907.15,ca0fb9c6-202a-49c3-9bac-d2c30ed8e780,Bill Payment,Clothing,46255.63,UPI,"Kochi, Kerala",Desktop,0,Clean,INR,+91933793XXXXXX,Restaurant dining,pii_email_88cf4ed89520
b23dab8b-6bf1-48d4-8a1a-5098b863c230,pii_full_name_da49dbda2b06,Female,56,Kerala,Kochi,Kochi Branch,Business,62be5d21-082d-41a5-b2ad-13ef851c9af6,22-03-2025,04:13:33,53293.08,efacf7ec-70c8-42a3-a5e5-405cd6b33278,Bill Payment,Entertainment,60292.39,Video Banking,"Kochi, Kerala",Mobile,0,Clean,INR,+91933793XXXXXX,Food delivery,pii_email_88cf4ed89520
b23dab8b-6bf1-48d4-8a1a-5098b863c230,pii_full_name_da49dbda2b06,Female,56,Kerala,Kochi,Kochi Branch,Business,6b833bff-8e13-4676-8ec9-0d5179893e14,03-04-2025,14:26:04,78938.2,0b492ac4-5a58-4c50-a325-9adf9ce36db7,Withdrawal,Clothing,45011.53,ATM,"Kochi, Kerala",Mobile,0,Clean,INR,+91933793XXXXXX,Hotel booking,pii_email_88cf4ed89520
b23dab8b-6bf1-48d4-8a1a-5098b863c230,pii_full_name_da49dbda2b06,Female,56,Kerala,Kochi,Kochi Branch,Business,9dc8a346-2bc4-4100-96d8-b30df67692d5,07-05-2025,08:07:59,15149.78,567643d3-d665-4a09-9eef-09190ca0b875,Debit,Health,86364.85,Virtual Card,"Kochi, Kerala",Mobile,0,Clean,INR,+91933793XXXXXX,Bus ticket,pii_email_88cf4ed89520
b23dab8b-6bf1-48d4-8a1a-5098b863c230,pii_full_name_da49dbda2b06,Female,56,Kerala,Kochi,Kochi Branch,Business,bf23ce09-e1a5-49ae-a10d-c7dfaa8ab6ba,23-05-2025,21:07:14,78744.0,f69c3656-2211-4896-9e8d-9a1e69595c32,Credit,Electronics,54989.64,Branch Counter,"Kochi, Kerala",POS,1,Clean,INR,+91933793XXXXXX,Salary credit,pii_email_88cf4ed89520
b23dab8b-6bf1-48d4-8a1a-5098b863c230,pii_full_name_da49dbda2b06,Female,56,Kerala,Kochi,Kochi Branch,Business,07597788-0554-4b13-b6e7-149863b9db3d,28-05-2025,15:07:00,67593.17,1800a7f8-20e3-40c1-97a3-af18dd27342b,Debit,Entertainment,65621.69,Debit/Credit Card,"Kochi, Kerala",Desktop,0,Clean,INR,+91933793XXXXXX,Mobile recharge,pii_email_88cf4ed89520
b23dab8b-6bf1-48d4-8a1a-5098b863c230,pii_full_name_da49dbda2b06,Female,56,Kerala,Kochi,Kochi Branch,Business,31c5546f-a36a-4ff3-baf3-229c606cd24c,07-06-2025,04:56:58,51130.35,5a63ff03-b308-49f5-bc2e-efa12e683dbd,Withdrawal,Electronics,31417.88,Video Banking,"Kochi, Kerala",Mobile,0,Clean,INR,+91933793XXXXXX,Bus ticket,pii_email_88cf4ed89520
b23dab8b-6bf1-48d4-8a1a-5098b863c230,pii_full_name_da49dbda2b06,Female,56,Kerala,Kochi,Kochi Branch,Business,bf130b7d-3b94-4e61-9d42-53437b5b5cdd,09-06-2025,04:40:11,19245.69,96693938-e46b-4e01-8562-119c86af3ebb,Withdrawal,Groceries,80221.28,Internet Banking,"Kochi, Kerala",POS,0,Clean,INR,+91933793XXXXXX,Grocery delivery,pii_email_88cf4ed89520
b23dab8b-6bf1-48d4-8a1a-5098b863c230,pii_full_name_da49dbda2b06,Female,56,Kerala,Kochi,Kochi Branch,Business,3d720038-94cc-46ac-a88b-e726400b5d76,29-06-2025,01:18:37,76585.45,5685106f-f01f-40a5-bb62-7f139e221905,Transfer,Electronics,87879.82,Mobile Banking App,"Kochi, Kerala",Desktop,0,Clean,INR,+91933793XXXXXX,Flight ticket,pii_email_88cf4ed89520
b23dab8b-6bf1-48d4-8a1a-5098b863c230,pii_full_name_da49dbda2b06,Female,56,Kerala,Kochi,Kochi Branch,Business,a944e4e3-f61a-4b9f-937d-25c98c4bb343,09-08-2025,05:32:09,45434.64,6a9d3d4b-f46e-4199-b505-231e63cef04e,Bill Payment,Health,40462.23,Debit/Credit Card,"Kochi, Kerala",ATM,0,Clean,INR,+91933793XXXXXX,Gym membership,pii_email_88cf4ed89520
b23dab8b-6bf1-48d4-8a1a-5098b863c230,pii_full_name_da49dbda2b06,Female,56,Kerala,Kochi,Kochi Branch,Business,5a3fa106-4e3b-4267-87b5-46a8d6e0f9e9,31-08-2025,09:04:18,96118.34,23593b80-4173-413d-9a8d-0aae00fce935,Debit,Entertainment,50680.55,POS Mobile Device,"Kochi, Kerala",Desktop,0,Clean,INR,+91933793XXXXXX,Mobile recharge,pii_email_88cf4ed89520
b23dab8b-6bf1-48d4-8a1a-5098b863c230,pii_full_name_da49dbda2b06,Female,56,Kerala,Kochi,Kochi Branch,Business,3ac9144c-d069-4137-b661-faf434ebff72,02-09-2025,09:24:46,31537.45,3691adda-2323-4b0a-a06a-a09cd2194a63,Credit,Electronics,43615.98,Voice Assistant,"Kochi, Kerala",Desktop,0,Clean,INR,+91933793XXXXXX,Debt repayment,pii_email_88cf4ed89520
b23dab8b-6bf1-48d4-8a1a-5098b863c230,pii_full_name_da49dbda2b06,Female,56,Kerala,Kochi,Kochi Branch,Business,e8e84473-9706-4508-8449-56891db0a9e8,06-10-2025,12:16:30,12031.97,1acda5d1-83f8-475f-8354-3a00754f3de9,Transfer,Electronics,44819.17,Video Banking,"Kochi, Kerala",Desktop,0,Clean,INR,+91933793XXXXXX,Flight ticket,pii_email_88cf4ed89520
b23dab8b-6bf1-48d4-8a1a-5098b863c230,pii_full_name_da49dbda2b06,Female,56,Kerala,Kochi,Kochi Branch,Business,e73c7679-452e-45b2-83a9-318cd6d0e03c,03-11-2025,15:42:33,56748.56,121fb36f-287c-4b11-b29f-6fd13c997d5b,Withdrawal,Electronics,45005.7,QR Code Scanner,"Kochi, Kerala",Desktop,0,Clean,INR,+91933793XXXXXX,Debt repayment,pii_email_88cf4ed89520
b23dab8b-6bf1-48d4-8a1a-5098b863c230,pii_full_name_da49dbda2b06,Female,56,Kerala,Kochi,Kochi Branch,Business,6126b9ff-cd81-40b3-a695-6cb094d2ec85,21-11-2025,01:53:15,97247.18,00fc6694-3ceb-410c-89a2-59e38e4dcdfd,Withdrawal,Groceries,36530.91,Phone Banking,"Kochi, Kerala",POS,0,Clean,INR,+91933793XXXXXX,Online shopping,pii_email_88cf4ed89520
b23dab8b-6bf1-48d4-8a1a-5098b863c230,pii_full_name_da49dbda2b06,Female,56,Kerala,Kochi,Kochi Branch,Business,6baeb43d-918f-440f-8598-fb615fd9fe1c,28-11-2025,19:22:24,21037.1,6cfbf12a-7292-45b8-b55c-6797fd00cdfe,Transfer,Groceries,47115.24,POS Mobile Device,"Kochi, Kerala",ATM,0,Clean,INR,+91933793XXXXXX,Bitcoin transaction,pii_email_88cf4ed89520
b23dab8b-6bf1-48d4-8a1a-5098b863c230,pii_full_name_da49dbda2b06,Female,56,Kerala,Kochi,Kochi Branch,Business,2ee6e38f-7c7f-4df5-b0ce-613db57f196d,01-12-2025,05:21:43,80861.71,c1939bc3-515d-45e7-ba41-33b09dd9c83f,Credit,Restaurant,52905.35,Chip Card,"Kochi, Kerala",POS,0,Clean,INR,+91933793XXXXXX,Gym membership,pii_email_88cf4ed89520
b23dab8b-6bf1-48d4-8a1a-5098b863c230,pii_full_name_da49dbda2b06,Female,56,Kerala,Kochi,Kochi Branch,Business,bb7b76d7-6b8d-4c55-aa75-7bc3b174d029,07-12-2025,03:48:47,90249.83,1a0907e2-5b23-46e7-b658-511d7f04e493,Withdrawal,Restaurant,77339.86,ATM,"Kochi, Kerala",ATM,0,Clean,INR,+91933793XXXXXX,Bus ticket,pii_email_88cf4ed89520
b4ca5590-13d4-4261-9aa0-ce2aa8a4e38c,pii_full_name_b1e247bcba83,Male,38,Uttar Pradesh,Kanpur,Kanpur Branch,Checking,46c39701-da95-4090-9b2f-be7958bb344c,13-01-2025,05:37:01,8232.28,76f55863-fe66-4de9-b11b-44fa45182ecb,Bill Payment,Groceries,17514.31,Virtual Card,"Kanpur, Uttar Pradesh",ATM,0,Clean,INR,+91937446XXXXXX,Cash withdrawal,pii_email_e6e1f980914c
b4ca5590-13d4-4261-9aa0-ce2aa8a4e38c,pii_full_name_b1e247bcba83,Male,38,Uttar Pradesh,Kanpur,Kanpur Branch,Checking,49d81b55-440e-4581-8563-015acd0784ad,13-01-2025,08:27:05,70206.32,1f2f360e-ceda-4b87-92a9-f6b9f891221f,Debit,Groceries,39991.81,Digital Wallet,"Kanpur, Uttar Pradesh",POS,0,Clean,INR,+91937446XXXXXX,Train ticket,pii_email_e6e1f980914c
b4ca5590-13d4-4261-9aa0-ce2aa8a4e38c,pii_full_name_b1e247bcba83,Male,38,Uttar Pradesh,Kanpur,Kanpur Branch,Checking,eaa2dd03-55c0-412f-8490-4c9c1f6a814e,10-02-2025,20:59:56,24259.66,250203fe-11a9-47cc-a295-16adda612cd2,Debit,Restaurant,18389.24,POS Mobile Device,"Kanpur, Uttar Pradesh",POS,0,Clean,INR,+91937446XXXXXX,Salary credit,pii_email_e6e1f980914c
b4ca5590-13d4-4261-9aa0-ce2aa8a4e38c,pii_full_name_b1e247bcba83,Male,38,Uttar Pradesh,Kanpur,Kanpur Branch,Checking,e8841ebf-4612-4356-a5ab-130659c2ac32,11-02-2025,10:08:13,92245.11,12172116-9bdc-4ce0-bb98-b84f57ee0feb,Withdrawal,Groceries,22019.28,ATM,"Kanpur, Uttar Pradesh",ATM,0,Clean,INR,+91937446XXXXXX,Mobile recharge,pii_email_e6e1f980914c
b4ca5590-13d4-4261-9aa0-ce2aa8a4e38c,pii_full_name_b1e247bcba83,Male,38,Uttar Pradesh,Kanpur,Kanpur Branch,Checking,d9d1c6b7-ca28-4b30-ab57-e4d7aaec2232,20-02-2025,04:05:12,25048.49,10215668-ea62-425d-b138-d963f08d493a,Transfer,Entertainment,49285.92,Digital Wallet,"Kanpur, Uttar Pradesh",ATM,1,Clean,INR,+91937446XXXXXX,Cash withdrawal,pii_email_e6e1f980914c
b4ca5590-13d4-4261-9aa0-ce2aa8a4e38c,pii_full_name_b1e247bcba83,Male,38,Uttar Pradesh,Kanpur,Kanpur Branch,Checking,c64798a4-f2d6-41ce-8ad3-44eb969b4219,10-03-2025,05:01:39,64034.67,a4799664-a184-4d17-bba4-98277df98eae,Debit,Entertainment,11110.84,Mobile Banking App,"Kanpur, Uttar Pradesh",POS,0,Clean,INR,+91937446XXXXXX,Taxi fare,pii_email_e6e1f980914c
b4ca5590-13d4-4261-9aa0-ce2aa8a4e38c,pii_full_name_b1e247bcba83,Male,38,Uttar Pradesh,Kanpur,Kanpur Branch,Checking,c1c03df7-cb0e-49e4-bb3f-6d9773efca5e,02-05-2025,11:53:05,87480.27,9401b946-0042-44da-b86e-290e8f232006,Withdrawal,Health,31243.79,Internet Banking,"Kanpur, Uttar Pradesh",POS,0,Clean,INR,+91937446XXXXXX,Cash withdrawal,pii_email_e6e1f980914c
b4ca5590-13d4-4261-9aa0-ce2aa8a4e38c,pii_full_name_b1e247bcba83,Male,38,Uttar Pradesh,Kanpur,Kanpur Branch,Checking,1e089588-da5d-4a0c-a610-a66053064667,05-05-2025,06:01:14,12040.71,f784ab62-1803-4a0c-8ad2-002a19d197db,Bill Payment,Restaurant,20815.21,Internet Banking,"Kanpur, Uttar Pradesh",ATM,0,Clean,INR,+91937446XXXXXX,Hotel booking,pii_email_e6e1f980914c
b4ca5590-13d4-4261-9aa0-ce2aa8a4e38c,pii_full_name_b1e247bcba83,Male,38,Uttar Pradesh,Kanpur,Kanpur Branch,Checking,6d0edefa-d8c3-4cb5-a8b4-c034e1c93177,19-05-2025,08:10:01,22734.79,b468b9a7-dba1-4a80-8f31-1ea5cbc1d40b,Bill Payment,Clothing,47012.45,Virtual Card,"Kanpur, Uttar Pradesh",ATM,0,Clean,INR,+91937446XXXXXX,Bitcoin transaction,pii_email_e6e1f980914c
b4ca5590-13d4-4261-9aa0-ce2aa8a4e38c,pii_full_name_b1e247bcba83,Male,38,Uttar Pradesh,Kanpur,Kanpur Branch,Checking,d9a5385a-ef3c-476b-af3c-3dea5d083613,15-07-2025,21:06:24,32165.68,5609b894-3e72-407a-ba2b-b24814d11159,Credit,Clothing,12747.21,Branch Counter,"Kanpur, Uttar Pradesh",Mobile,0,Clean,INR,+91937446XXXXXX,Movie tickets,pii_email_e6e1f980914c
b4ca5590-13d4-4261-9aa0-ce2aa8a4e38c,pii_full_name_b1e247bcba83,Male,38,Uttar Pradesh,Kanpur,Kanpur Branch,Checking,6dc40958-e37d-4869-94f2-8e9a83850c08,30-07-2025,02:01:27,15081.47,18c0d82f-3972-448f-b1ec-e944e2381542,Transfer,Clothing,23460.11,Voice Assistant,"Kanpur, Uttar Pradesh",Mobile,0,Clean,INR,+91937446XXXXXX,Pharmacy bill,pii_email_e6e1f980914c
b4ca5590-13d4-4261-9aa0-ce2aa8a4e38c,pii_full_name_b1e247bcba83,Male,38,Uttar Pradesh,Kanpur,Kanpur Branch,Checking,ef5e4fd7-71ad-4b4e-b732-a6b11fe75e55,02-08-2025,21:51:14,66586.37,63038f8a-7e78-4c32-9de1-26f8124697ed,Withdrawal,Restaurant,9530.64,Internet Banking,"Kanpur, Uttar Pradesh",Mobile,0,Clean,INR,+91937446XXXXXX,Movie tickets,pii_email_e6e1f980914c
b4ca5590-13d4-4261-9aa0-ce2aa8a4e38c,pii_full_name_b1e247bcba83,Male,38,Uttar Pradesh,Kanpur,Kanpur Branch,Checking,7bc5f64e-b0cd-40e4-a950-36c15086389e,14-08-2025,06:50:29,62475.41,6fe4660e-8c04-4ee1-bdf0-e83f1acf9e16,Credit,Health,25721.03,Self-service Banking Machine,"Kanpur, Uttar Pradesh",ATM,0,Clean,INR,+91937446XXXXXX,Gas bill,pii_email_e6e1f980914c
b4ca5590-13d4-4261-9aa0-ce2aa8a4e38c,pii_full_name_b1e247bcba83,Male,38,Uttar Pradesh,Kanpur,Kanpur Branch,Checking,74bf0663-f122-4a07-a2b4-67d712b06b4d,14-10-2025,03:25:27,72708.34,3cd440e4-1ed6-49de-8e57-d3c34ee2d537,Bill Payment,Entertainment,16189.28,POS Mobile App,"Kanpur, Uttar Pradesh",Mobile,0,Clean,INR,+91937446XXXXXX,Debt repayment,pii_email_e6e1f980914c
b4ca5590-13d4-4261-9aa0-ce2aa8a4e38c,pii_full_name_b1e247bcba83,Male,38,Uttar Pradesh,Kanpur,Kanpur Branch,Checking,48a16ddb-db30-4d76-8ec0-ed2d84d22419,10-11-2025,14:36:31,83626.41,c64af96b-1c8d-455f-86cd-67e278cb2785,Credit,Health,19473.49,UPI,"Kanpur, Uttar Pradesh",POS,0,Clean,INR,+91937446XXXXXX,Salary credit,pii_email_e6e1f980914c
b4ca5590-13d4-4261-9aa0-ce2aa8a4e38c,pii_full_name_b1e247bcba83,Male,38,Uttar Pradesh,Kanpur,Kanpur Branch,Checking,58182ebf-434a-41db-bb13-5226c6b732e1,10-11-2025,21:34:29,55903.29,d85e0d9b-6446-4854-a16f-f9fc61046db1,Transfer,Groceries,18337.54,ATM Booth Kiosk,"Kanpur, Uttar Pradesh",Desktop,0,Clean,INR,+91937446XXXXXX,Electricity bill,pii_email_e6e1f980914c
b4ca5590-13d4-4261-9aa0-ce2aa8a4e38c,pii_full_name_b1e247bcba83,Male,38,Uttar Pradesh,Kanpur,Kanpur Branch,Checking,85cb6639-13b5-4421-8ca5-cab4f6581244,09-12-2025,04:20:55,35627.27,e1ce904e-60c9-47d8-924a-7110b9e95acc,Credit,Electronics,21951.97,Biometric ATM,"Kanpur, Uttar Pradesh",POS,0,Clean,INR,+91937446XXXXXX,EMI payment,pii_email_e6e1f980914c
b5b7ab11-9eba-490f-b554-38160cbc2d59,pii_full_name_a203758593b7,Female,48,Andaman and Nicobar Islands,Port Blair,Port Blair Branch,Savings,2be035c2-4980-40c6-b301-3cfb32262f6a,20-02-2025,09:40:09,88323.16,558bbbd2-f95f-4756-9d60-a92cbb2f3bcd,Bill Payment,Electronics,20764.91,ATM,"Port Blair, Andaman and Nicobar Islands",Mobile,0,Clean,INR,+91984182XXXXXX,Utility bill,pii_email_73500a901ad2
b5b7ab11-9eba-490f-b554-38160cbc2d59,pii_full_name_a203758593b7,Female,48,Andaman and Nicobar Islands,Port Blair,Port Blair Branch,Savings,19ccd2f0-6f37-42dc-bbb7-0eb59de8b5ac,20-03-2025,06:39:27,16663.57,e4c213aa-d7bb-4dec-92ad-1bad833445c7,Debit,Electronics,27628.27,Branch Counter,"Port Blair, Andaman and Nicobar Islands",ATM,0,Clean,INR,+91984182XXXXXX,Salary credit,pii_email_73500a901ad2
b5b7ab11-9eba-490f-b554-38160cbc2d59,pii_full_name_a203758593b7,Female,48,Andaman and Nicobar Islands,Port Blair,Port Blair Branch,Savings,cb44e421-9301-4565-b6b4-00079ef432b7,04-04-2025,06:59:21,20834.93,274e31af-24e1-4879-a8b5-c40985f8963d,Credit,Groceries,29294.63,QR Code Scanner,"Port Blair, Andaman and Nicobar Islands",Mobile,0,Clean,INR,+91984182XXXXXX,Taxi fare,pii_email_73500a901ad2
b5b7ab11-9eba-490f-b554-38160cbc2d59,pii_full_name_a203758593b7,Female,48,Andaman and Nicobar Islands,Port Blair,Port Blair Branch,Savings,19a7df2a-892b-4403-b039-ce76b7fd0f56,04-07-2025,15:12:50,71164.24,a24f3f4c-830d-4bd4-909f-6661a7c0d9f2,Credit,Restaurant,23753.83,UPI,"Port Blair, Andaman and Nicobar Islands",Desktop,0,Clean,INR,+91984182XXXXXX,Cash withdrawal,pii_email_73500a901ad2
b5b7ab11-9eba-490f-b554-38160cbc2d59,pii_full_name_a203758593b7,Female,48,Andaman and Nicobar Islands,Port Blair,Port Blair Branch,Savings,98691694-6c45-4a6b-a589-72c0d37885bf,25-11-2025,11:45:29,19689.53,737f53a8-8fb1-4276-8277-3b7c6ba89833,Transfer,Groceries,29597.22,Self-service Banking Machine,"Port Blair, Andaman and Nicobar Islands",Mobile,0,Clean,INR,+91984182XXXXXX,Bus ticket,pii_email_73500a901ad2
b5b7ab11-9eba-490f-b554-38160cbc2d59,pii_full_name_a203758593b7,Female,48,Andaman and Nicobar Islands,Port Blair,Port Blair Branch,Savings,b8358a0e-2007-4850-af1c-5e26b808119a,17-12-2025,00:20:15,41275.0,35f0882e-bfaf-4811-b68d-0546d4bcdb36,Withdrawal,Electronics,16637.41,Chip Card,"Port Blair, Andaman and Nicobar Islands",Mobile,0,Clean,INR,+91984182XXXXXX,Food delivery,pii_email_73500a901ad2
b6b53653-6d3b-4d5b-8b8e-0aeee28dd4d5,pii_full_name_b75bdf76d278,Female,40,Karnataka,Mysore,Mysore Branch,Checking,f064cea0-0515-4797-8275-dd55bf490dcd,16-01-2025,07:11:34,44300.32,866109b3-6875-4db2-bea2-241c903d8d35,Debit,Electronics,48743.93,Mobile Banking App,"Mysore, Karnataka",POS,0,Clean,INR,+91989909XXXXXX,Taxi fare,pii_email_be6aefb27143
b6b53653-6d3b-4d5b-8b8e-0aeee28dd4d5,pii_full_name_b75bdf76d278,Female,40,Karnataka,Mysore,Mysore Branch,Checking,50c83dfd-d04f-45cf-b155-cc60a0b402ea,29-01-2025,22:52:13,57559.12,28dbb802-e4c6-43ac-b6b6-6e66387c43bb,Transfer,Health,31908.36,UPI,"Mysore, Karnataka",Mobile,0,Clean,INR,+91989909XXXXXX,Movie tickets,pii_email_be6aefb27143
b6b53653-6d3b-4d5b-8b8e-0aeee28dd4d5,pii_full_name_b75bdf76d278,Female,40,Karnataka,Mysore,Mysore Branch,Checking,33d9181c-4040-41ed-b79b-e4a7b9fe3844,14-03-2025,00:31:53,56713.4,ed50fac6-368f-4a11-a861-bc549be80028,Credit,Clothing,45468.01,Branch Counter,"Mysore, Karnataka",Mobile,0,Clean,INR,+91989909XXXXXX,Food delivery,pii_email_be6aefb27143
b6b53653-6d3b-4d5b-8b8e-0aeee28dd4d5,pii_full_name_b75bdf76d278,Female,40,Karnataka,Mysore,Mysore Branch,Checking,52c39009-0ec8-4109-84ae-5b23bde69259,03-04-2025,19:29:18,78883.16,8f874b8b-f7d2-41c3-b84d-4f3888439e7f,Credit,Clothing,39796.67,ATM,"Mysore, Karnataka",Mobile,0,Clean,INR,+91989909XXXXXX,Restaurant dining,pii_email_be6aefb27143
b6b53653-6d3b-4d5b-8b8e-0aeee28dd4d5,pii_full_name_b75bdf76d278,Female,40,Karnataka,Mysore,Mysore Branch,Checking,bd4e1b44-24d2-4ad7-9191-ae1a18a7992d,02-06-2025,01:08:27,65742.06,71a10787-0b3b-493f-bc31-3bb9c6d87bb3,Credit,Electronics,55318.14,ATM,"Mysore, Karnataka",Mobile,0,Clean,INR,+91989909XXXXXX,Debt repayment,pii_email_be6aefb27143
b6b53653-6d3b-4d5b-8b8e-0aeee28dd4d5,pii_full_name_b75bdf76d278,Female,40,Karnataka,Mysore,Mysore Branch,Checking,2129faaf-f157-4409-9bfe-3130ba9a3d1b,18-06-2025,09:23:17,12592.25,562e8407-983b-4b77-90bd-21be5cf09c97,Debit,Entertainment,26152.45,Magnetic Strip Card,"Mysore, Karnataka",POS,0,Clean,INR,+91989909XXXXXX,Mutual fund investment,pii_email_be6aefb27143
b6b53653-6d3b-4d5b-8b8e-0aeee28dd4d5,pii_full_name_b75bdf76d278,Female,40,Karnataka,Mysore,Mysore Branch,Checking,f5343e31-42b6-4492-88ca-25add25aa141,10-12-2025,20:10:26,77059.52,66484b4a-90e4-4e1f-b4a5-ec39df8b8ecc,Transfer,Electronics,53173.97,Debit/Credit Card,"Mysore, Karnataka",POS,0,Clean,INR,+91989909XXXXXX,Salary credit,pii_email_be6aefb27143
b87a2b9d-ee77-4f50-95de-73718ebe88e9,pii_full_name_6217addf2fa2,Male,52,Rajasthan,Udaipur,Udaipur Branch,Checking,441a507d-1c47-41a6-ad61-55b669b3a1d4,22-01-2025,18:53:04,49913.3,64eea85f-b209-43e5-9f2e-7ac140a3d1a6,Withdrawal,Entertainment,68815.73,Self-service Banking Machine,"Udaipur, Rajasthan",Desktop,0,Clean,INR,+91962796XXXXXX,Jewelry purchase,pii_email_759db240e176
b87a2b9d-ee77-4f50-95de-73718ebe88e9,pii_full_name_6217addf2fa2,Male,52,Rajasthan,Udaipur,Udaipur Branch,Checking,31168194-bcf5-426b-ad01-9e1bdec20618,16-03-2025,02:58:01,33544.66,5db3aba8-257d-4d37-87ac-ec1147034472,Credit,Electronics,75943.66,Magnetic Strip Card,"Udaipur, Rajasthan",POS,0,Clean,INR,+91962796XXXXXX,Debt repayment,pii_email_759db240e176
b87a2b9d-ee77-4f50-95de-73718ebe88e9,pii_full_name_6217addf2fa2,Male,52,Rajasthan,Udaipur,Udaipur Branch,Checking,5d6647d2-680b-4285-b6ec-d3c7935b2b1c,30-05-2025,23:08:04,92202.91,0bad3a68-da2b-4174-8df5-09dd37375795,Bill Payment,Entertainment,72589.19,POS Mobile Device,"Udaipur, Rajasthan",Mobile,0,Clean,INR,+91962796XXXXXX,Insurance premium,pii_email_759db240e176
b87a2b9d-ee77-4f50-95de-73718ebe88e9,pii_full_name_6217addf2fa2,Male,52,Rajasthan,Udaipur,Udaipur Branch,Checking,5661eee5-15dc-4ae6-bd19-33c25208d844,05-06-2025,03:27:56,177.97,df815ed4-4396-4d98-82f9-23458e553a3b,Credit,Health,81809.48,Branch Counter,"Udaipur, Rajasthan",Mobile,0,Clean,INR,+91962796XXXXXX,Electricity bill,pii_email_759db240e176
b87a2b9d-ee77-4f50-95de-73718ebe88e9,pii_full_name_6217addf2fa2,Male,52,Rajasthan,Udaipur,Udaipur Branch,Checking,0019e1a2-47e5-48c9-8f02-9abb617eb21a,27-09-2025,10:18:22,23709.83,bf4c1b2b-691d-45f6-b5a5-5edae76869c4,Bill Payment,Electronics,81791.69,Magnetic Strip Card,"Udaipur, Rajasthan",Mobile,1,Clean,INR,+91962796XXXXXX,Gym membership,pii_email_759db240e176
b87a2b9d-ee77-4f50-95de-73718ebe88e9,pii_full_name_6217addf2fa2,Male,52,Rajasthan,Udaipur,Udaipur Branch,Checking,3526389a-332e-47b6-911c-c4da363f7e2d,02-10-2025,09:42:54,129451.15,c273de0a-8965-4982-a6a4-bfe88516aa5b,Credit,Unknown Merchant,0.0,,"Udaipur, Rajasthan",Desktop,1,APP Fraud,,,Invoice settlement - immediate action required,pii_email_759db240e176
b87a2b9d-ee77-4f50-95de-73718ebe88e9,pii_full_name_6217addf2fa2,Male,52,Rajasthan,Udaipur,Udaipur Branch,Checking,48fee7f8-9792-46e2-b57b-946637e442da,04-10-2025,12:11:26,190888.55,833eec85-ed5b-40cc-b362-8b861ab8ba48,Transfer,Consulting Services,0.0,,"Udaipur, Rajasthan",Desktop,1,APP Fraud,,,Urgent payment requested by bank,pii_email_759db240e176
b87a2b9d-ee77-4f50-95de-73718ebe88e9,pii_full_name_6217addf2fa2,Male,52,Rajasthan,Udaipur,Udaipur Branch,Checking,914a22e7-2c6b-41b1-a7f9-be6b15f8cbb3,04-10-2025,14:23:17,112933.23,37662d77-a675-4083-9d66-d21da2ded754,Withdrawal,Investment Services,0.0,,"Udaipur, Rajasthan",Desktop,1,APP Fraud,,,Invoice settlement - immediate action required,pii_email_759db240e176
b87a2b9d-ee77-4f50-95de-73718ebe88e9,pii_full_name_6217addf2fa2,Male,52,Rajasthan,Udaipur,Udaipur Branch,Checking,4342993a-748e-498f-8cde-f1d15689a23f,05-10-2025,13:50:24,161988.52,39cccf1a-bc01-4552-b09c-0bff149f3b03,Transfer,Tech Support,0.0,,"Udaipur, Rajasthan",Desktop,1,APP Fraud,,,Insurance premium - urgent,pii_email_759db240e176
b87a2b9d-ee77-4f50-95de-73718ebe88e9,pii_full_name_6217addf2fa2,Male,52,Rajasthan,Udaipur,Udaipur Branch,Checking,ffa60a00-805d-4be0-863d-be2f63a4e900,06-11-2025,12:15:36,21365.99,727ac1ed-9434-43d4-b710-f86afd8019db,Bill Payment,Restaurant,73807.06,Video Banking,"Udaipur, Rajasthan",ATM,0,Clean,INR,+91962796XXXXXX,Bus ticket,pii_email_759db240e176
b87a2b9d-ee77-4f50-95de-73718ebe88e9,pii_full_name_6217addf2fa2,Male,52,Rajasthan,Udaipur,Udaipur Branch,Checking,66a37a72-0642-4ac7-be1d-2982524e2d0b,11-11-2025,15:27:17,22781.73,f8d5b4d9-dcf0-4208-9ad2-aafa67a2f8b8,Transfer,Entertainment,84162.67,Magnetic Strip Card,"Udaipur, Rajasthan",POS,0,Clean,INR,+91962796XXXXXX,Electricity bill,pii_email_759db240e176
b8ae14cf-23e1-454f-a160-4501868a74d5,pii_full_name_321d576adb89,Male,46,Tamil Nadu,Madurai,Madurai Branch,Savings,131b57b2-bb1c-4b1a-8673-a059531d7575,01-01-2025,21:27:47,40562.21,594d071d-5cd4-4365-9a57-4f4eab1071f4,Credit,Groceries,39303.75,QR Code Scanner,"Madurai, Tamil Nadu",Desktop,0,Clean,INR,+91918335XXXXXX,Bitcoin transaction,pii_email_5eafb5c2b026
b8ae14cf-23e1-454f-a160-4501868a74d5,pii_full_name_321d576adb89,Male,46,Tamil Nadu,Madurai,Madurai Branch,Savings,65a96ca3-43c0-44ef-9ab0-7a70114262d2,09-01-2025,16:20:47,5344.71,33c89fba-05f6-43c0-933c-928cc9cf6a0d,Withdrawal,Entertainment,57350.59,Digital Wallet,"Madurai, Tamil Nadu",Mobile,0,Clean,INR,+91918335XXXXXX,Bus ticket,pii_email_5eafb5c2b026
b8ae14cf-23e1-454f-a160-4501868a74d5,pii_full_name_321d576adb89,Male,46,Tamil Nadu,Madurai,Madurai Branch,Savings,289482bd-333e-4018-b64f-4cc34dcea003,22-02-2025,02:54:35,53884.87,9e36de4d-74bf-4914-b875-f1359902786c,Transfer,Health,50821.84,UPI,"Madurai, Tamil Nadu",ATM,0,Clean,INR,+91918335XXXXXX,Electricity bill,pii_email_5eafb5c2b026
b8ae14cf-23e1-454f-a160-4501868a74d5,pii_full_name_321d576adb89,Male,46,Tamil Nadu,Madurai,Madurai Branch,Savings,dfff0d2b-1de6-4b2b-9f12-aeb046742604,22-03-2025,03:12:06,50946.32,822ada09-2700-4355-b966-2347b66b0d41,Withdrawal,Groceries,41302.77,Digital Wallet,"Madurai, Tamil Nadu",POS,0,Clean,INR,+91918335XXXXXX,Debt repayment,pii_email_5eafb5c2b026
b8ae14cf-23e1-454f-a160-4501868a74d5,pii_full_name_321d576adb89,Male,46,Tamil Nadu,Madurai,Madurai Branch,Savings,26f7da4d-e861-4346-abff-3c754fb5a74a,26-03-2025,00:23:52,78501.93,8ff47510-016e-4ba0-9558-e689233d0c8b,Debit,Entertainment,46397.4,Contactless Card,"Madurai, Tamil Nadu",POS,0,Clean,INR,+91918335XXXXXX,Utility bill,pii_email_5eafb5c2b026
b8ae14cf-23e1-454f-a160-4501868a74d5,pii_full_name_321d576adb89,Male,46,Tamil Nadu,Madurai,Madurai Branch,Savings,3fc7e66e-ab5a-4948-809c-954b44791ecc,07-09-2025,11:29:27,60552.39,578b4208-9166-4326-8e79-dd4f184a8d81,Withdrawal,Clothing,35247.53,Branch Counter,"Madurai, Tamil Nadu",Mobile,0,Clean,INR,+91918335XXXXXX,Movie tickets,pii_email_5eafb5c2b026
b8ae14cf-23e1-454f-a160-4501868a74d5,pii_full_name_321d576adb89,Male,46,Tamil Nadu,Madurai,Madurai Branch,Savings,1f7f6f0d-3a43-4b36-ae04-2aca4956adb8,13-10-2025,05:57:01,70632.2,6f5b4845-2a96-45ed-8a90-8703065ea114,Transfer,Restaurant,57885.06,QR Code Scanner,"Madurai, Tamil Nadu",POS,0,Clean,INR,+91918335XXXXXX,Mobile recharge,pii_email_5eafb5c2b026
b8ae14cf-23e1-454f-a160-4501868a74d5,pii_full_name_321d576adb89,Male,46,Tamil Nadu,Madurai,Madurai Branch,Savings,268b396c-f9b3-4e04-bc8c-7733adcbb9ca,27-10-2025,10:35:18,26433.12,4a55480d-b60a-4120-afce-7d66f6221f68,Debit,Restaurant,54247.59,QR Code Scanner,"Madurai, Tamil Nadu",Desktop,1,Clean,INR,+91918335XXXXXX,Pharmacy bill,pii_email_5eafb5c2b026
b8ae14cf-23e1-454f-a160-4501868a74d5,pii_full_name_321d576adb89,Male,46,Tamil Nadu,Madurai,Madurai Branch,Savings,d1399c14-b116-4a3e-9e6f-cc9c7a7b8646,21-11-2025,05:22:51,61296.02,b4ed9e60-d2f5-4d98-8c8f-ed796ffa3080,Transfer,Electronics,45433.35,QR Code Scanner,"Madurai, Tamil Nadu",POS,0,Clean,INR,+91918335XXXXXX,Mobile recharge,pii_email_5eafb5c2b026
b98c6077-5ebc-491a-8057-92f18d6791fe,pii_full_name_4463c3841332,Male,44,Madhya Pradesh,Bhopal,Bhopal Branch,Savings,35a32542-c7c1-4468-9289-3c195238a5f4,21-01-2025,22:11:56,15691.3,ed3ef9c8-4a66-45e1-b9dd-6464d8496a9e,Credit,Restaurant,62261.12,Magnetic Strip Card,"Bhopal, Madhya Pradesh",Mobile,0,Clean,INR,+91937663XXXXXX,EMI payment,pii_email_b899ac043919
b98c6077-5ebc-491a-8057-92f18d6791fe,pii_full_name_4463c3841332,Male,44,Madhya Pradesh,Bhopal,Bhopal Branch,Savings,50a5f9f6-0bf4-4e5f-ac5f-19c47a569beb,24-01-2025,21:05:47,95816.44,4d37a77b-30cf-4c46-93fc-1da80124939c,Withdrawal,Restaurant,70091.8,QR Code Scanner,"Bhopal, Madhya Pradesh",Mobile,0,Clean,INR,+91937663XXXXXX,Taxi fare,pii_email_b899ac043919
b98c6077-5ebc-491a-8057-92f18d6791fe,pii_full_name_4463c3841332,Male,44,Madhya Pradesh,Bhopal,Bhopal Branch,Savings,bfd72e5b-3f08-44c7-bb68-e1880f4b9148,15-02-2025,07:54:36,6427.64,f4495796-9916-4abd-bdd5-39ae90c3cc80,Bill Payment,Entertainment,58905.94,Virtual Card,"Bhopal, Madhya Pradesh",Mobile,0,Clean,INR,+91937663XXXXXX,EMI payment,pii_email_b899ac043919
b98c6077-5ebc-491a-8057-92f18d6791fe,pii_full_name_4463c3841332,Male,44,Madhya Pradesh,Bhopal,Bhopal Branch,Savings,99326cec-372a-4af2-bab2-c072866ace0e,15-02-2025,10:13:20,41401.24,c7f76f69-da62-4507-ae4f-e8acdf0be475,Bill Payment,Entertainment,54765.82,Self-service Banking Machine,"Bhopal, Madhya Pradesh",Mobile,0,Clean,INR,+91937663XXXXXX,Insurance premium,pii_email_b899ac043919
b98c6077-5ebc-491a-8057-92f18d6791fe,pii_full_name_4463c3841332,Male,44,Madhya Pradesh,Bhopal,Bhopal Branch,Savings,860c82b2-a9d7-4088-87d8-4a444a2c24ea,16-02-2025,20:30:38,48568.65,87ba1d21-edd1-41a0-aabd-c11d56ba5fcb,Transfer,Entertainment,82353.77,Magnetic Strip Card,"Bhopal, Madhya Pradesh",ATM,0,Clean,INR,+91937663XXXXXX,Debt repayment,pii_email_b899ac043919
b98c6077-5ebc-491a-8057-92f18d6791fe,pii_full_name_4463c3841332,Male,44,Madhya Pradesh,Bhopal,Bhopal Branch,Savings,a440958c-d4ae-46b2-81ef-859e56cfa7bc,16-04-2025,02:30:52,11284.9,648012d2-143b-4ac7-a883-37657996a993,Credit,Groceries,91520.17,Branch Counter,"Bhopal, Madhya Pradesh",Mobile,0,Clean,INR,+91937663XXXXXX,Flight ticket,pii_email_b899ac043919
b98c6077-5ebc-491a-8057-92f18d6791fe,pii_full_name_4463c3841332,Male,44,Madhya Pradesh,Bhopal,Bhopal Branch,Savings,9ae21810-9555-4be9-b65f-eb51baf4794e,20-04-2025,07:23:19,41089.44,e55cdef3-c249-41b9-9726-3a82bbd2b402,Withdrawal,Restaurant,86154.53,QR Code Scanner,"Bhopal, Madhya Pradesh",POS,0,Clean,INR,+91937663XXXXXX,Restaurant dining,pii_email_b899ac043919
b98c6077-5ebc-491a-8057-92f18d6791fe,pii_full_name_4463c3841332,Male,44,Madhya Pradesh,Bhopal,Bhopal Branch,Savings,2d83d5cc-0363-48ae-818f-6bde6f64e624,24-04-2025,04:38:10,55466.78,957c1deb-2c3a-443e-af1e-591a60914f01,Transfer,Clothing,60312.5,QR Code Scanner,"Bhopal, Madhya Pradesh",Desktop,0,Clean,INR,+91937663XXXXXX,EMI payment,pii_email_b899ac043919
b98c6077-5ebc-491a-8057-92f18d6791fe,pii_full_name_4463c3841332,Male,44,Madhya Pradesh,Bhopal,Bhopal Branch,Savings,604f86a0-9740-4f5e-b828-333bb88f8cca,16-05-2025,11:40:37,97636.12,bd89aab5-566f-4af9-a650-23babc05c635,Withdrawal,Clothing,52497.5,Internet Banking,"Bhopal, Madhya Pradesh",Desktop,0,Clean,INR,+91937663XXXXXX,Jewelry purchase,pii_email_b899ac043919
b98c6077-5ebc-491a-8057-92f18d6791fe,pii_full_name_4463c3841332,Male,44,Madhya Pradesh,Bhopal,Bhopal Branch,Savings,5e0afc32-8cdf-4067-9003-303a7043ea59,04-06-2025,13:13:43,64810.92,05680c76-8621-42c9-bc40-ef3c6931e25c,Withdrawal,Entertainment,79673.44,Magnetic Strip Card,"Bhopal, Madhya Pradesh",Mobile,0,Clean,INR,+91937663XXXXXX,Mutual fund investment,pii_email_b899ac043919
b98c6077-5ebc-491a-8057-92f18d6791fe,pii_full_name_4463c3841332,Male,44,Madhya Pradesh,Bhopal,Bhopal Branch,Savings,734b188e-76d1-4acf-b20c-453824fbe5f6,19-06-2025,17:56:31,4487.6,0c14d78d-23e6-4f0c-a2b8-285f15b7fdff,Debit,Electronics,59548.71,Mobile Banking App,"Bhopal, Madhya Pradesh",POS,0,Clean,INR,+91937663XXXXXX,Electricity bill,pii_email_b899ac043919
b98c6077-5ebc-491a-8057-92f18d6791fe,pii_full_name_4463c3841332,Male,44,Madhya Pradesh,Bhopal,Bhopal Branch,Savings,edc64cca-12a1-4bd0-a264-8b0321ed3584,13-07-2025,19:46:17,12566.88,183dd558-dd96-49c2-b736-0ca33de553b5,Bill Payment,Clothing,90263.48,Digital Wallet,"Bhopal, Madhya Pradesh",POS,0,Clean,INR,+91937663XXXXXX,Restaurant dining,pii_email_b899ac043919
b98c6077-5ebc-491a-8057-92f18d6791fe,pii_full_name_4463c3841332,Male,44,Madhya Pradesh,Bhopal,Bhopal Branch,Savings,3ed4f652-f0fa-4257-91d4-3d447414f712,15-07-2025,01:26:30,84020.71,1a25eb3c-f996-4c5a-9d35-88f66f71815f,Credit,Entertainment,60691.99,Virtual Card,"Bhopal, Madhya Pradesh",Mobile,0,Clean,INR,+91937663XXXXXX,EMI payment,pii_email_b899ac043919
b98c6077-5ebc-491a-8057-92f18d6791fe,pii_full_name_4463c3841332,Male,44,Madhya Pradesh,Bhopal,Bhopal Branch,Savings,6aafd626-8f71-45e6-9187-09958abe5b98,10-08-2025,20:29:27,25097.92,d3f3feea-3a71-4ac2-b5e3-f9aca3ee3db0,Credit,Entertainment,77496.91,POS Mobile App,"Bhopal, Madhya Pradesh",POS,0,Clean,INR,+91937663XXXXXX,Insurance premium,pii_email_b899ac043919
b98c6077-5ebc-491a-8057-92f18d6791fe,pii_full_name_4463c3841332,Male,44,Madhya Pradesh,Bhopal,Bhopal Branch,Savings,4ef1e980-0ebf-49cb-a3f4-dec3c78871a9,20-08-2025,13:43:41,80379.02,011f342a-4152-468a-ba69-423d63046ca5,Credit,Restaurant,90391.68,Chip Card,"Bhopal, Madhya Pradesh",Mobile,1,Clean,INR,+91937663XXXXXX,Jewelry purchase,pii_email_b899ac043919
b98c6077-5ebc-491a-8057-92f18d6791fe,pii_full_name_4463c3841332,Male,44,Madhya Pradesh,Bhopal,Bhopal Branch,Savings,8dd2833f-6997-4fca-bce0-ad0c54a3ce16,02-09-2025,16:40:51,29623.13,46f80815-e370-4880-b046-1e362f9c5c3e,Bill Payment,Restaurant,59997.47,POS Mobile Device,"Bhopal, Madhya Pradesh",POS,0,Clean,INR,+91937663XXXXXX,Gym membership,pii_email_b899ac043919
b98c6077-5ebc-491a-8057-92f18d6791fe,pii_full_name_4463c3841332,Male,44,Madhya Pradesh,Bhopal,Bhopal Branch,Savings,d0b9b92d-6a42-4e95-9806-d3806ea83007,05-11-2025,18:11:55,71320.19,9afa8bf1-544b-46a6-be36-f2be432094c2,Bill Payment,Groceries,62959.78,QR Code Scanner,"Bhopal, Madhya Pradesh",POS,0,Clean,INR,+91937663XXXXXX,Bus ticket,pii_email_b899ac043919
b98c6077-5ebc-491a-8057-92f18d6791fe,pii_full_name_4463c3841332,Male,44,Madhya Pradesh,Bhopal,Bhopal Branch,Savings,4168526c-e976-44ba-9dee-6e81d4203d09,28-12-2025,00:32:14,80225.81,ed7457f7-efbe-4960-8126-c02faa127f37,Withdrawal,Clothing,52289.92,Chip Card,"Bhopal, Madhya Pradesh",ATM,0,Clean,INR,+91937663XXXXXX,Food delivery,pii_email_b899ac043919
bdf107b1-5bda-463b-ae63-ad49097a13f3,pii_full_name_26191e97a8e0,Male,70,Andaman and Nicobar Islands,Port Blair,Port Blair Branch,Business,4f4ccfc1-7716-4aa4-b73b-23ef431cdaa4,13-03-2025,10:15:38,72105.4,ff047118-adbc-445d-85fe-ba9650154374,Bill Payment,Electronics,5029.66,Chip Card,"Port Blair, Andaman and Nicobar Islands",Desktop,0,Clean,INR,+91946939XXXXXX,Jewelry purchase,pii_email_b31ce8611a78
bdf107b1-5bda-463b-ae63-ad49097a13f3,pii_full_name_26191e97a8e0,Male,70,Andaman and Nicobar Islands,Port Blair,Port Blair Branch,Business,86941d50-f1a1-49d7-96b2-e964f65845a7,26-03-2025,18:22:50,70938.07,8961e8b3-9567-4866-841e-090f62016c0f,Bill Payment,Health,5029.66,Magnetic Strip Card,"Port Blair, Andaman and Nicobar Islands",Desktop,0,Clean,INR,+91946939XXXXXX,Debt repayment,pii_email_b31ce8611a78
bdf107b1-5bda-463b-ae63-ad49097a13f3,pii_full_name_26191e97a8e0,Male,70,Andaman and Nicobar Islands,Port Blair,Port Blair Branch,Business,78724dca-7cd1-49cf-bfa8-3a24a468ca5a,22-06-2025,07:21:52,54025.98,814f9b0f-0e4c-4651-b9fd-066ba5edcd2c,Withdrawal,Clothing,5790.53,Digital Wallet,"Port Blair, Andaman and Nicobar Islands",POS,0,Clean,INR,+91946939XXXXXX,Flight ticket,pii_email_b31ce8611a78
bdf107b1-5bda-463b-ae63-ad49097a13f3,pii_full_name_26191e97a8e0,Male,70,Uttar Pradesh,Kanpur,Port Blair Branch,Business,aa205af2-f998-4ff5-a516-401b69c93dc3,09-07-2025,02:00:00,2.08,26a4cbcd-34ac-4824-bbbf-863a54c73208,Debit,Entertainment,5029.66,Unknown Mobile Device,"Kanpur, Uttar Pradesh",POS,1,Account Takeover,INR,+91946939XXXXXX,Device registration,pii_email_b31ce8611a78
bdf107b1-5bda-463b-ae63-ad49097a13f3,pii_full_name_26191e97a8e0,Male,70,Uttar Pradesh,Kanpur,Port Blair Branch,Business,335a11e5-9a98-47f8-b168-a73facadc1da,09-07-2025,02:23:00,3.51,c856adba-e02e-4dd1-aaf8-980d5f5f69bf,Debit,Entertainment,5029.66,Unknown Mobile Device,"Kanpur, Uttar Pradesh",POS,1,Account Takeover,INR,+91946939XXXXXX,Device registration,pii_email_b31ce8611a78
bdf107b1-5bda-463b-ae63-ad49097a13f3,pii_full_name_26191e97a8e0,Male,70,Uttar Pradesh,Kanpur,Port Blair Branch,Business,2b7f1e22-81ab-4a6d-8447-fbc5436cc227,09-07-2025,03:47:00,0.0,40b8faee-db44-4ad5-9fd0-8536522abba5,Credit,Digital Services,5029.66,Unknown Mobile Device,"Kanpur, Uttar Pradesh",POS,1,Account Takeover,INR,+91946939XXXXXX,Device registration,pii_email_b31ce8611a78
bdf107b1-5bda-463b-ae63-ad49097a13f3,pii_full_name_26191e97a8e0,Male,70,Uttar Pradesh,Kanpur,Port Blair Branch,Business,dda1f253-28a4-429e-8793-bb16baec46d3,09-07-2025,04:00:00,19544.73,8ad7574f-1827-4a29-9abf-7600a1b3714f,Withdrawal,Electronics,-15370.072603559242,Unknown Mobile Device,"Kanpur, Uttar Pradesh",POS,1,Account Takeover,INR,+91946939XXXXXX,Money transfer,pii_email_b31ce8611a78
bdf107b1-5bda-463b-ae63-ad49097a13f3,pii_full_name_26191e97a8e0,Male,70,Uttar Pradesh,Kanpur,Port Blair Branch,Business,62075424-0730-4f0d-931e-5039469a8211,09-07-2025,04:12:00,8861.08,47d990ee-0fa0-4289-ba09-2bca56b9c9c7,Withdrawal,Entertainment,-2274.9062554188367,Unknown Mobile Device,"Kanpur, Uttar Pradesh",POS,1,Account Takeover,INR,+91946939XXXXXX,Money transfer,pii_email_b31ce8611a78
bdf107b1-5bda-463b-ae63-ad49097a13f3,pii_full_name_26191e97a8e0,Male,70,Uttar Pradesh,Kanpur,Port Blair Branch,Business,2b849c53-b058-4284-a59a-17fc18818192,09-07-2025,05:00:00,10299.56,7864a1f4-f08a-46a1-8758-27216a0f0ef1,Transfer,Clothing,-14167.9689321734,Unknown Mobile Device,"Kanpur, Uttar Pradesh",POS,1,Account Takeover,INR,+91946939XXXXXX,Money transfer,pii_email_b31ce8611a78
bdf107b1-5bda-463b-ae63-ad49097a13f3,pii_full_name_26191e97a8e0,Male,70,Uttar Pradesh,Kanpur,Port Blair Branch,Business,816efc34-3a18-4429-a4fa-6a4ad2a3c1c9,09-07-2025,05:20:00,21021.76,d7e5018c-6da1-47a2-9214-819f0dd63c98,Withdrawal,Clothing,-6018.863739850978,Unknown Mobile Device,"Kanpur, Uttar Pradesh",POS,1,Account Takeover,INR,+91946939XXXXXX,Purchase,pii_email_b31ce8611a78
bdf107b1-5bda-463b-ae63-ad49097a13f3,pii_full_name_26191e97a8e0,Male,70,Uttar Pradesh,Kanpur,Port Blair Branch,Business,637fa73c-4956-41a2-a7ba-3ce36ab9e3bb,09-07-2025,18:00:00,62119.95,16aed5a8-21ab-4937-a8b3-6f93b7a779c1,Withdrawal,Electronics,0.0,ATM Booth Kiosk,"Kanpur, Uttar Pradesh",POS,1,Account Takeover,INR,+91946939XXXXXX,Cash withdrawal,pii_email_b31ce8611a78
bdf107b1-5bda-463b-ae63-ad49097a13f3,pii_full_name_26191e97a8e0,Male,70,Uttar Pradesh,Kanpur,Port Blair Branch,Business,f2b6d0c8-8d43-430f-9ceb-f79fbd42e3d8,09-07-2025,18:03:00,63211.66,b55ade45-2e81-4576-acf0-0dceb16a4f3b,Withdrawal,Electronics,0.0,Unknown Mobile Device,"Kanpur, Uttar Pradesh",ATM,1,Account Takeover,INR,+91946939XXXXXX,Cash withdrawal,pii_email_b31ce8611a78
bdf107b1-5bda-463b-ae63-ad49097a13f3,pii_full_name_26191e97a8e0,Male,70,Uttar Pradesh,Kanpur,Port Blair Branch,Business,59c00d65-14b5-441b-be3e-3bd43294a6fa,09-07-2025,18:12:00,69182.21,91a077a4-8875-476b-a28a-35342417e967,Withdrawal,Groceries,0.0,ATM Booth Kiosk,"Kanpur, Uttar Pradesh",POS,1,Account Takeover,INR,+91946939XXXXXX,ATM withdrawal,pii_email_b31ce8611a78
bdf107b1-5bda-463b-ae63-ad49097a13f3,pii_full_name_26191e97a8e0,Male,70,Uttar Pradesh,Kanpur,Port Blair Branch,Business,067f2df7-baf3-4b96-a345-6ba90d034fe6,09-07-2025,18:20:00,79455.4,92cf1809-ada7-4190-8395-b160bf9135bd,Debit,Health,0.0,Unknown Mobile Device,"Kanpur, Uttar Pradesh",ATM,1,Account Takeover,INR,+91946939XXXXXX,P2P transfer,pii_email_b31ce8611a78
bdf107b1-5bda-463b-ae63-ad49097a13f3,pii_full_name_26191e97a8e0,Male,70,Uttar Pradesh,Kanpur,Port Blair Branch,Business,c50937ef-d9a7-46d8-88c2-fc25000f266f,09-07-2025,18:36:00,51719.9,2454ad55-6a1d-4200-ac28-0aab68ccd512,Transfer,Groceries,0.0,Unknown Mobile Device,"Kanpur, Uttar Pradesh",ATM,1,Account Takeover,INR,+91946939XXXXXX,Transfer to new payee,pii_email_b31ce8611a78
bdf107b1-5bda-463b-ae63-ad49097a13f3,pii_full_name_26191e97a8e0,Male,70,Uttar Pradesh,Kanpur,Port Blair Branch,Business,769904cb-14d3-467c-8d41-99dae7703a19,10-07-2025,07:00:00,0.0,050eaf73-c3ea-43cc-98a6-caca47c527cc,Credit,Digital Services,0.0,Unknown Mobile Device,"Kanpur, Uttar Pradesh",POS,1,Account Takeover,INR,+91-7717765450,Contact update,pii_email_b31ce8611a78
bdf107b1-5bda-463b-ae63-ad49097a13f3,pii_full_name_26191e97a8e0,Male,70,Andaman and Nicobar Islands,Port Blair,Port Blair Branch,Business,16ccf1fa-118a-4c44-ab7b-6c71296f39b7,10-08-2025,12:22:28,61634.65,d589ab33-7a7a-4fdd-a167-c2220e09767c,Credit,Entertainment,11193.12,Internet Banking,"Port Blair, Andaman and Nicobar Islands",POS,0,Clean,INR,+91946939XXXXXX,Mutual fund investment,pii_email_b31ce8611a78
bdf107b1-5bda-463b-ae63-ad49097a13f3,pii_full_name_26191e97a8e0,Male,70,Andaman and Nicobar Islands,Port Blair,Port Blair Branch,Business,90883f91-4a74-451f-a6f7-b82a5deee38d,20-10-2025,07:26:46,46917.82,03c2f4f0-edcb-4ac1-b5a1-f51bc80d88bd,Withdrawal,Entertainment,5029.66,Video Banking,"Port Blair, Andaman and Nicobar Islands",Desktop,0,Clean,INR,+91946939XXXXXX,Electricity bill,pii_email_b31ce8611a78
bdf107b1-5bda-463b-ae63-ad49097a13f3,pii_full_name_26191e97a8e0,Male,70,Andaman and Nicobar Islands,Port Blair,Port Blair Branch,Business,5acf6f79-5175-4f68-bb10-8aa3e3280f92,27-12-2025,12:17:20,29848.51,07ebef9f-72b7-4821-a992-1355b16c7131,Transfer,Groceries,9289.24,UPI,"Port Blair, Andaman and Nicobar Islands",POS,0,Clean,INR,+91946939XXXXXX,Flight ticket,pii_email_b31ce8611a78
bf97794a-c547-4499-a34a-bafeef170809,pii_full_name_3b49484e204b,Male,34,Tamil Nadu,Chennai,Chennai Branch,Business,e9279bae-d699-42d4-8f93-903e87b8695a,01-11-2025,07:43:20,96907.97,09554cb7-e296-4a25-910d-5ec17586d622,Transfer,Clothing,96356.03,POS Mobile App,"Chennai, Tamil Nadu",POS,0,Clean,INR,+91995680XXXXXX,Bus ticket,pii_email_e845711e4369
bf97794a-c547-4499-a34a-bafeef170809,pii_full_name_3b49484e204b,Male,34,Tamil Nadu,Chennai,Chennai Branch,Business,78916f04-45f4-4c5a-a52b-fe27341815cc,07-11-2025,17:15:22,66372.93,f30e522e-2fdc-4452-b4dc-52a2f61adb69,Credit,Health,86665.24,POS Mobile Device,"Chennai, Tamil Nadu",POS,0,Clean,INR,+91995680XXXXXX,Cash withdrawal,pii_email_e845711e4369
bf97794a-c547-4499-a34a-bafeef170809,pii_full_name_3b49484e204b,Male,34,Tamil Nadu,Chennai,Chennai Branch,Business,5a9bfa80-e3d9-4f3a-a09f-700ad9e61c66,08-12-2025,17:03:03,9524.55,f683d233-616c-4ee4-a93b-f502f9b44ebe,Withdrawal,Clothing,95403.58,Contactless Card,"Chennai, Tamil Nadu",ATM,0,Clean,INR,+91995680XXXXXX,Salary credit,pii_email_e845711e4369
bfb18841-c470-4323-b538-02218b2942c8,pii_full_name_a426986dee39,Female,50,Kerala,Thiruvananthapuram,Thiruvananthapuram Branch,Checking,26e0cfc6-db42-4e23-8030-0b0e84e36692,31-01-2025,17:56:28,54111.84,25ee7cce-53e5-4f05-b674-66b472845c03,Transfer,Clothing,99490.95,Magnetic Strip Card,"Thiruvananthapuram, Kerala",ATM,0,Clean,INR,+91930932XXXXXX,Food delivery,pii_email_bd2fa42b72f0
bfb18841-c470-4323-b538-02218b2942c8,pii_full_name_a426986dee39,Female,50,Kerala,Thiruvananthapuram,Thiruvananthapuram Branch,Checking,13c0b41e-cfc0-47ca-96c8-546a0e958526,06-02-2025,21:06:22,39283.22,789acf1f-8c6b-4e85-8340-acf867e59997,Transfer,Electronics,99996.44,Contactless Card,"Thiruvananthapuram, Kerala",POS,0,Clean,INR,+91930932XXXXXX,Bus ticket,pii_email_bd2fa42b72f0
bfb18841-c470-4323-b538-02218b2942c8,pii_full_name_a426986dee39,Female,50,Kerala,Thiruvananthapuram,Thiruvananthapuram Branch,Checking,4fa4c63c-2a24-4a7f-88b2-e09cce679ef1,14-03-2025,23:12:25,43650.95,29cd24be-047e-498e-bb36-99973a0c70da,Credit,Clothing,99996.44,POS Mobile App,"Thiruvananthapuram, Kerala",ATM,0,Clean,INR,+91930932XXXXXX,Online shopping,pii_email_bd2fa42b72f0
bfb18841-c470-4323-b538-02218b2942c8,pii_full_name_a426986dee39,Female,50,Kerala,Thiruvananthapuram,Thiruvananthapuram Branch,Checking,925fa64c-ffff-40c4-8ec5-f0009324fccd,21-09-2025,00:52:06,19091.28,6c41de8b-aec5-46ec-8a66-32fd453063f2,Transfer,Groceries,94079.77,Branch Counter,"Thiruvananthapuram, Kerala",Desktop,0,Clean,INR,+91930932XXXXXX,Jewelry purchase,pii_email_bd2fa42b72f0
bfb18841-c470-4323-b538-02218b2942c8,pii_full_name_a426986dee39,Female,50,Kerala,Thiruvananthapuram,Thiruvananthapuram Branch,Checking,c385b474-1cae-4f60-802e-8b7a9b313f54,17-12-2025,12:55:15,45487.6,13584704-9698-4a96-8a99-63ad650814bb,Transfer,Entertainment,92170.64,Voice Assistant,"Thiruvananthapuram, Kerala",Desktop,0,Clean,INR,+91930932XXXXXX,EMI payment,pii_email_bd2fa42b72f0
bfb18841-c470-4323-b538-02218b2942c8,pii_full_name_a426986dee39,Female,50,Kerala,Thiruvananthapuram,Thiruvananthapuram Branch,Checking,22568d27-682a-4e0c-8445-43196fefd52d,14-08-2025,12:15:53,200.0,d7a6ddcf-985e-4bdf-adcc-3da0e620d54c,Credit,Entertainment,103338.24,QR Code Scanner,"Thiruvananthapuram, Kerala",POS,1,Money Laundering,INR,+91930932XXXXXX,Cash withdrawal,pii_email_bd2fa42b72f0
bfb18841-c470-4323-b538-02218b2942c8,pii_full_name_a426986dee39,Female,50,Kerala,Thiruvananthapuram,Thiruvananthapuram Branch,Checking,52c20c4f-b2e9-481e-baa9-0f583a9630fc,14-08-2025,12:15:53,766.01,caccf3c8-1dfa-4ea1-b597-814c2cde7ce0,Transfer,Health,100258.88,Chip Card,"Thiruvananthapuram, Kerala",ATM,1,Money Laundering,INR,+91930932XXXXXX,Bitcoin transaction,pii_email_bd2fa42b72f0
bfb18841-c470-4323-b538-02218b2942c8,pii_full_name_a426986dee39,Female,50,Kerala,Thiruvananthapuram,Thiruvananthapuram Branch,Checking,b3657fbe-8275-491b-b0f1-2749a83420c6,14-08-2025,12:15:53,429.46,a0898b11-f693-4106-bd99-295972942d6b,Credit,Clothing,96627.39,Digital Wallet,"Thiruvananthapuram, Kerala",Mobile,1,Money Laundering,INR,+91930932XXXXXX,Bitcoin transaction,pii_email_bd2fa42b72f0
bfb18841-c470-4323-b538-02218b2942c8,pii_full_name_a426986dee39,Female,50,Kerala,Thiruvananthapuram,Thiruvananthapuram Branch,Checking,34bd4c09-f0cf-42ac-84bd-781950220e0c,14-08-2025,12:15:53,636.22,6d0d8c4d-99dd-45b3-b0a0-96e3d0537bba,Bill Payment,Entertainment,107346.03,Contactless Card,"Thiruvananthapuram, Kerala",Mobile,1,Money Laundering,INR,+91930932XXXXXX,Utility bill,pii_email_bd2fa42b72f0
bfb18841-c470-4323-b538-02218b2942c8,pii_full_name_a426986dee39,Female,50,Kerala,Thiruvananthapuram,Thiruvananthapuram Branch,Checking,3feb0f5f-a3f1-4da4-a993-13c3b18564ba,14-08-2025,12:15:53,220.57,e9491e40-a773-4263-8128-f4ec718b234f,Withdrawal,Groceries,103151.04,Video Banking,"Thiruvananthapuram, Kerala",Desktop,1,Money Laundering,INR,+91930932XXXXXX,Cash withdrawal,pii_email_bd2fa42b72f0
c017d126-991b-4489-8a52-bc356317ee60,pii_full_name_af47ba25e963,Male,53,Uttar Pradesh,Varanasi,Varanasi Branch,Savings,dfb8ca46-2019-446b-8518-c12647f6fa9b,03-01-2025,18:19:24,84907.91,3c63bf5c-91b0-452b-9a8a-400b32a7fd67,Bill Payment,Electronics,62349.72,Self-service Banking Machine,"Varanasi, Uttar Pradesh",Desktop,0,Clean,INR,+91955002XXXXXX,EMI payment,pii_email_1c93a1afc547
c017d126-991b-4489-8a52-bc356317ee60,pii_full_name_af47ba25e963,Male,53,Uttar Pradesh,Varanasi,Varanasi Branch,Savings,cdb7ef95-3ba7-465b-9a5c-d88971905e00,10-03-2025,23:54:11,3057.16,a1bdd588-87ce-49b0-89ee-47c57f84a8e8,Withdrawal,Clothing,74227.72,Chip Card,"Varanasi, Uttar Pradesh",Desktop,0,Clean,INR,+91955002XXXXXX,Salary credit,pii_email_1c93a1afc547
c017d126-991b-4489-8a52-bc356317ee60,pii_full_name_af47ba25e963,Male,53,Uttar Pradesh,Varanasi,Varanasi Branch,Savings,f3320726-7edd-4022-9cac-9b1d2035d5f5,14-03-2025,22:03:09,82407.93,52da9f22-dcba-4d16-a08b-60641af5b901,Debit,Entertainment,75226.57,Phone Banking,"Varanasi, Uttar Pradesh",Desktop,0,Clean,INR,+91955002XXXXXX,Movie tickets,pii_email_1c93a1afc547
c017d126-991b-4489-8a52-bc356317ee60,pii_full_name_af47ba25e963,Male,53,Uttar Pradesh,Varanasi,Varanasi Branch,Savings,8a8f4276-1a35-4614-9db2-e8bdb75aa533,16-03-2025,05:15:18,5991.78,f05086ee-6757-4467-88c1-f138c7bb1699,Debit,Electronics,83467.36,Phone Banking,"Varanasi, Uttar Pradesh",Desktop,0,Clean,INR,+91955002XXXXXX,Hotel booking,pii_email_1c93a1afc547
c017d126-991b-4489-8a52-bc356317ee60,pii_full_name_af47ba25e963,Male,53,Uttar Pradesh,Varanasi,Varanasi Branch,Savings,65acd69b-551f-4b78-9f0f-6abaf067d407,31-03-2025,09:43:59,71691.57,67476888-ef4f-4030-8c11-b8b30915e809,Bill Payment,Restaurant,89993.9,POS Mobile App,"Varanasi, Uttar Pradesh",POS,0,Clean,INR,+91955002XXXXXX,Electricity bill,pii_email_1c93a1afc547
c017d126-991b-4489-8a52-bc356317ee60,pii_full_name_af47ba25e963,Male,53,Uttar Pradesh,Varanasi,Varanasi Branch,Savings,37e3ebcd-e0ab-4c28-b32b-609c7cc57928,13-04-2025,15:39:43,47935.42,2bb6100b-cd3d-4221-aa4e-2982b60ceaca,Bill Payment,Clothing,85200.36,Mobile Banking App,"Varanasi, Uttar Pradesh",Desktop,0,Clean,INR,+91955002XXXXXX,Grocery delivery,pii_email_1c93a1afc547
c017d126-991b-4489-8a52-bc356317ee60,pii_full_name_af47ba25e963,Male,53,Uttar Pradesh,Varanasi,Varanasi Branch,Savings,7dd925e7-5d93-481c-be2e-b3f02f2f7f70,28-06-2025,12:56:54,94738.4,726198e2-a18c-40fc-b5f9-7f83f6cf2d1e,Transfer,Groceries,70840.51,Chip Card,"Varanasi, Uttar Pradesh",Desktop,0,Clean,INR,+91955002XXXXXX,Utility bill,pii_email_1c93a1afc547
c017d126-991b-4489-8a52-bc356317ee60,pii_full_name_af47ba25e963,Male,53,Uttar Pradesh,Varanasi,Varanasi Branch,Savings,21c422cf-0c4f-466c-a601-59fec553f388,03-07-2025,20:33:50,6931.31,115e26a5-c552-45fa-8408-ac0b083c882a,Bill Payment,Electronics,74533.43,Internet Banking,"Varanasi, Uttar Pradesh",Mobile,0,Clean,INR,+91955002XXXXXX,Debt repayment,pii_email_1c93a1afc547
c017d126-991b-4489-8a52-bc356317ee60,pii_full_name_af47ba25e963,Male,53,Uttar Pradesh,Varanasi,Varanasi Branch,Savings,1be67ce9-10cb-4ff4-8b72-17c596621008,04-07-2025,18:02:33,915.5,dc4cb0cd-87b4-493c-a208-f4d74c4685c7,Transfer,Restaurant,62441.27,Mobile Banking App,"Varanasi, Uttar Pradesh",POS,0,Clean,INR,+91955002XXXXXX,Debt repayment,pii_email_1c93a1afc547
c017d126-991b-4489-8a52-bc356317ee60,pii_full_name_af47ba25e963,Male,53,Uttar Pradesh,Varanasi,Varanasi Branch,Savings,4c43d5d3-11b1-4d6e-bc67-098abade892b,08-07-2025,10:37:01,14006.59,c3c38612-4b3f-417a-85a0-83e8031a4b10,Transfer,Electronics,89561.59,POS Mobile Device,"Varanasi, Uttar Pradesh",ATM,0,Clean,INR,+91955002XXXXXX,Gas bill,pii_email_1c93a1afc547
c017d126-991b-4489-8a52-bc356317ee60,pii_full_name_af47ba25e963,Male,53,Uttar Pradesh,Varanasi,Varanasi Branch,Savings,c4646562-d3c1-4942-b2d6-9bb3b4ffc2c7,06-08-2025,16:14:36,48912.56,29734020-70f6-4d46-b76d-85d8e14779f2,Withdrawal,Electronics,84670.34,Biometric ATM,"Varanasi, Uttar Pradesh",Mobile,0,Clean,INR,+91955002XXXXXX,Jewelry purchase,pii_email_1c93a1afc547
c017d126-991b-4489-8a52-bc356317ee60,pii_full_name_af47ba25e963,Male,53,Uttar Pradesh,Varanasi,Varanasi Branch,Savings,e8d2b898-06e4-43d5-a0e3-0a9232a162c3,28-08-2025,01:03:11,30071.4,1f0a53d7-0b19-42ad-94e6-b9cca402a6d0,Withdrawal,Health,82193.22,Self-service Banking Machine,"Varanasi, Uttar Pradesh",ATM,0,Clean,INR,+91955002XXXXXX,Online shopping,pii_email_1c93a1afc547
c017d126-991b-4489-8a52-bc356317ee60,pii_full_name_af47ba25e963,Male,53,Uttar Pradesh,Varanasi,Varanasi Branch,Savings,d7f3cd53-b061-4bf3-8d7b-7ab2b3d3eecb,27-09-2025,20:59:42,59677.15,3031600c-21e7-4386-80c7-e6048a92ddcd,Transfer,Entertainment,88160.93,Phone Banking,"Varanasi, Uttar Pradesh",Mobile,0,Clean,INR,+91955002XXXXXX,Insurance premium,pii_email_1c93a1afc547
c017d126-991b-4489-8a52-bc356317ee60,pii_full_name_af47ba25e963,Male,53,Uttar Pradesh,Varanasi,Varanasi Branch,Savings,2e8bf29f-3a07-44f9-8d8a-89ec11a5f1ee,16-10-2025,03:13:32,71674.3,f0b753be-a85c-40a7-9296-eebabb55699b,Bill Payment,Electronics,61366.67,Contactless Card,"Varanasi, Uttar Pradesh",Desktop,0,Clean,INR,+91955002XXXXXX,Mobile recharge,pii_email_1c93a1afc547
c017d126-991b-4489-8a52-bc356317ee60,pii_full_name_af47ba25e963,Male,53,Uttar Pradesh,Varanasi,Varanasi Branch,Savings,a6db3c6b-e4da-498c-bca6-cfcb6cc58b6f,05-11-2025,23:06:56,98541.52,36be29ac-32c6-4a87-834c-e2389b2ef125,Bill Payment,Groceries,64373.57,Internet Banking,"Varanasi, Uttar Pradesh",Mobile,0,Clean,INR,+91955002XXXXXX,Restaurant dining,pii_email_1c93a1afc547
c017d126-991b-4489-8a52-bc356317ee60,pii_full_name_af47ba25e963,Male,53,Uttar Pradesh,Varanasi,Varanasi Branch,Savings,41863b27-8b26-4961-bb29-b8cc29c5c14e,31-12-2025,19:48:31,41605.38,87d76ffb-55ac-4f9b-a3b3-139d50b7c2b1,Transfer,Electronics,68534.1,Self-service Banking Machine,"Varanasi, Uttar Pradesh",Desktop,0,Clean,INR,+91955002XXXXXX,Utility bill,pii_email_1c93a1afc547
c017d126-991b-4489-8a52-bc356317ee60,pii_full_name_af47ba25e963,Male,53,Uttar Pradesh,Varanasi,Varanasi Branch,Savings,fdcc8798-42a4-4ec0-8aa9-557a53710055,31-12-2025,21:15:29,6038.0,acd90f3b-70fb-46b2-980e-6f9add3ef36f,Withdrawal,Entertainment,84066.54,Video Banking,"Varanasi, Uttar Pradesh",Mobile,0,Clean,INR,+91955002XXXXXX,Taxi fare,pii_email_1c93a1afc547
c1daa639-c058-42cb-8251-b4357cc74769,pii_full_name_0e1735631f33,Female,24,Gujarat,Ahmedabad,Ahmedabad Branch,Savings,41e4f0d6-512a-4b28-89de-7659d406e9b7,18-01-2025,23:20:30,5493.44,a39b5102-4a6f-43ea-b407-0f85bedd8abd,Credit,Entertainment,24787.56,Debit/Credit Card,"Ahmedabad, Gujarat",Desktop,1,Clean,INR,+91926907XXXXXX,Restaurant dining,pii_email_c9e62f86def7
c1daa639-c058-42cb-8251-b4357cc74769,pii_full_name_0e1735631f33,Female,24,Gujarat,Ahmedabad,Ahmedabad Branch,Savings,df0a250e-f57a-49bc-bbc5-05390a6e1f47,08-03-2025,12:27:53,69455.06,f2f84147-c249-46e1-9201-96a5a412fab8,Withdrawal,Electronics,32539.13,Contactless Card,"Ahmedabad, Gujarat",POS,0,Clean,INR,+91926907XXXXXX,Bitcoin transaction,pii_email_c9e62f86def7
c1daa639-c058-42cb-8251-b4357cc74769,pii_full_name_0e1735631f33,Female,24,Gujarat,Ahmedabad,Ahmedabad Branch,Savings,054e64ac-0118-4b45-9030-bc5deadb3749,02-04-2025,10:34:14,82659.27,db923c9a-47de-4058-b6de-79b1faa02717,Debit,Groceries,8390.14,Virtual Card,"Ahmedabad, Gujarat",Mobile,0,Clean,INR,+91926907XXXXXX,Mutual fund investment,pii_email_c9e62f86def7
c1daa639-c058-42cb-8251-b4357cc74769,pii_full_name_0e1735631f33,Female,24,Gujarat,Ahmedabad,Ahmedabad Branch,Savings,59f326de-ba4e-4972-811d-19c684e372cb,11-04-2025,03:45:58,56109.4,1b3be3c1-bc03-4121-97b8-e6cc3cc5b7a7,Withdrawal,Health,30169.01,QR Code Scanner,"Ahmedabad, Gujarat",POS,0,Clean,INR,+91926907XXXXXX,Pharmacy bill,pii_email_c9e62f86def7
c1daa639-c058-42cb-8251-b4357cc74769,pii_full_name_0e1735631f33,Female,24,Gujarat,Ahmedabad,Ahmedabad Branch,Savings,333d5e46-83a2-4c45-bbb2-348f90bb5897,16-04-2025,13:10:33,82920.52,7e740430-dfe2-4f25-9413-967f8181a48b,Credit,Health,13321.71,Digital Wallet,"Ahmedabad, Gujarat",POS,0,Clean,INR,+91926907XXXXXX,Insurance premium,pii_email_c9e62f86def7
c1daa639-c058-42cb-8251-b4357cc74769,pii_full_name_0e1735631f33,Female,24,Gujarat,Ahmedabad,Ahmedabad Branch,Savings,6a181542-aed9-43c9-b2d0-0b962ea5a2f8,17-04-2025,13:16:23,1787.86,10a3d123-e1eb-431d-916b-4e7a7d153379,Credit,Electronics,7950.01,Virtual Card,"Ahmedabad, Gujarat",Desktop,0,Clean,INR,+91926907XXXXXX,Bus ticket,pii_email_c9e62f86def7
c1daa639-c058-42cb-8251-b4357cc74769,pii_full_name_0e1735631f33,Female,24,Gujarat,Ahmedabad,Ahmedabad Branch,Savings,3f43da62-ea7c-4d9e-8554-5e06bd7413fa,27-04-2025,21:35:16,4559.0,634cb76e-1458-4f20-8d90-dbeee845f591,Bill Payment,Groceries,16656.06,POS Mobile Device,"Ahmedabad, Gujarat",POS,0,Clean,INR,+91926907XXXXXX,Utility bill,pii_email_c9e62f86def7
c1daa639-c058-42cb-8251-b4357cc74769,pii_full_name_0e1735631f33,Female,24,Gujarat,Ahmedabad,Ahmedabad Branch,Savings,29e3c52a-1d47-49f3-8db5-5986891931bf,17-05-2025,12:36:29,32408.29,622b7095-f005-4f59-b35e-85f5127ad301,Credit,Entertainment,35779.95,Magnetic Strip Card,"Ahmedabad, Gujarat",POS,0,Clean,INR,+91926907XXXXXX,Taxi fare,pii_email_c9e62f86def7
c1daa639-c058-42cb-8251-b4357cc74769,pii_full_name_0e1735631f33,Female,24,Gujarat,Ahmedabad,Ahmedabad Branch,Savings,93e5029b-ed37-41f3-be7a-dd2dd9b79ee5,19-05-2025,14:40:48,74956.03,cdfd9416-b71b-4a6f-9154-9fda3efe1b97,Transfer,Health,32283.16,Video Banking,"Ahmedabad, Gujarat",Mobile,0,Clean,INR,+91926907XXXXXX,Bitcoin transaction,pii_email_c9e62f86def7
c1daa639-c058-42cb-8251-b4357cc74769,pii_full_name_0e1735631f33,Female,24,Gujarat,Ahmedabad,Ahmedabad Branch,Savings,bd2d35ec-b6a9-4cc9-90b6-7893faeaa54a,09-07-2025,02:59:28,36586.27,3a3ded6a-531c-4f64-807b-eeeca431b910,Debit,Electronics,9663.08,Mobile Banking App,"Ahmedabad, Gujarat",ATM,0,Clean,INR,+91926907XXXXXX,Jewelry purchase,pii_email_c9e62f86def7
c1daa639-c058-42cb-8251-b4357cc74769,pii_full_name_0e1735631f33,Female,24,Gujarat,Ahmedabad,Ahmedabad Branch,Savings,d265ee1e-4f47-44ed-a478-fa5c4729fa69,27-07-2025,08:30:16,76021.63,715a45b5-a22b-4eba-9034-83cbaa0d968b,Debit,Clothing,5029.66,Debit/Credit Card,"Ahmedabad, Gujarat",ATM,0,Clean,INR,+91926907XXXXXX,Electricity bill,pii_email_c9e62f86def7
c1daa639-c058-42cb-8251-b4357cc74769,pii_full_name_0e1735631f33,Female,24,Gujarat,Ahmedabad,Ahmedabad Branch,Savings,a7250232-7d42-4d01-bef8-e3f883b9de80,27-08-2025,21:07:31,16301.32,bd37d7b1-6a00-4435-842b-093b7d720a16,Transfer,Restaurant,17111.96,Contactless Card,"Ahmedabad, Gujarat",POS,0,Clean,INR,+91926907XXXXXX,Utility bill,pii_email_c9e62f86def7
c1daa639-c058-42cb-8251-b4357cc74769,pii_full_name_0e1735631f33,Female,24,Gujarat,Ahmedabad,Ahmedabad Branch,Savings,d42165ec-f51d-43dd-9c1e-66a02497f15b,18-09-2025,19:20:21,72014.67,d619df10-e7de-4b1f-9055-399a85bc5f56,Credit,Electronics,39484.63,QR Code Scanner,"Ahmedabad, Gujarat",Mobile,0,Clean,INR,+91926907XXXXXX,Train ticket,pii_email_c9e62f86def7
c1daa639-c058-42cb-8251-b4357cc74769,pii_full_name_0e1735631f33,Female,24,Gujarat,Ahmedabad,Ahmedabad Branch,Savings,5ae287ae-ea2f-4f77-8c6b-6c249d5807db,23-09-2025,09:49:43,49372.25,c7e96ec3-9f4d-4735-983f-ed8677f23cf9,Bill Payment,Entertainment,25231.79,Internet Banking,"Ahmedabad, Gujarat",POS,0,Clean,INR,+91926907XXXXXX,Cash withdrawal,pii_email_c9e62f86def7
c1daa639-c058-42cb-8251-b4357cc74769,pii_full_name_0e1735631f33,Female,24,Gujarat,Ahmedabad,Ahmedabad Branch,Savings,bb300c8e-5e82-4f2f-99d9-0e19fba6182b,15-10-2025,05:27:14,18918.66,2db9edc3-02b8-49dd-8cff-51d873482799,Withdrawal,Entertainment,7771.22,Debit/Credit Card,"Ahmedabad, Gujarat",POS,0,Clean,INR,+91926907XXXXXX,Gas bill,pii_email_c9e62f86def7
c1daa639-c058-42cb-8251-b4357cc74769,pii_full_name_0e1735631f33,Female,24,Gujarat,Ahmedabad,Ahmedabad Branch,Savings,81c1761c-74a1-44eb-9032-4d419dc6ae54,16-11-2025,23:33:17,97499.58,16ee86d9-be6f-46dd-8bd0-d23e3c359e22,Debit,Clothing,15481.83,Contactless Card,"Ahmedabad, Gujarat",Mobile,0,Clean,INR,+91926907XXXXXX,Salary credit,pii_email_c9e62f86def7
c1daa639-c058-42cb-8251-b4357cc74769,pii_full_name_0e1735631f33,Female,24,Gujarat,Ahmedabad,Ahmedabad Branch,Savings,76964918-fe04-4432-aea3-d120943494e4,12-12-2025,12:15:29,54092.33,5fa01b28-16d8-4724-a577-fc2a7a103a7c,Credit,Entertainment,13359.24,Digital Wallet,"Ahmedabad, Gujarat",Mobile,0,Clean,INR,+91926907XXXXXX,Jewelry purchase,pii_email_c9e62f86def7
c1daa639-c058-42cb-8251-b4357cc74769,pii_full_name_0e1735631f33,Female,24,Gujarat,Ahmedabad,Ahmedabad Branch,Savings,13ca8d9e-e7f2-4593-aca3-b22ede6b0cd8,20-12-2025,18:26:08,31577.55,cb4a5da5-ff5b-4a93-847d-09ac4f4c6ec5,Withdrawal,Groceries,24238.22,Magnetic Strip Card,"Ahmedabad, Gujarat",ATM,0,Clean,INR,+91926907XXXXXX,Salary credit,pii_email_c9e62f86def7
c1fd015e-c18e-47d6-a5d1-d7b1d1d6f9e2,pii_full_name_b91bb6bea207,Female,34,Andaman and Nicobar Islands,Diglipur,Diglipur Branch,Checking,8abeeedd-11c9-4e9f-803f-1241d8f681d3,16-03-2025,15:22:59,77286.03,17a270ad-291d-45dc-a569-49114145e3df,Credit,Electronics,46672.17,Magnetic Strip Card,"Diglipur, Andaman and Nicobar Islands",Desktop,0,Clean,INR,+91965393XXXXXX,Flight ticket,pii_email_6950c6e10c49
c1fd015e-c18e-47d6-a5d1-d7b1d1d6f9e2,pii_full_name_b91bb6bea207,Female,34,Andaman and Nicobar Islands,Diglipur,Diglipur Branch,Checking,b98fee41-7368-41d6-b30c-2a5800a951da,19-04-2025,03:13:41,46668.17,68eeeb20-bded-461b-aabd-06541a3c8f27,Debit,Electronics,14475.34,POS Mobile App,"Diglipur, Andaman and Nicobar Islands",Mobile,0,Clean,INR,+91965393XXXXXX,Jewelry purchase,pii_email_6950c6e10c49
c1fd015e-c18e-47d6-a5d1-d7b1d1d6f9e2,pii_full_name_b91bb6bea207,Female,34,Andaman and Nicobar Islands,Diglipur,Diglipur Branch,Checking,fecfcad4-7fd6-4fc0-8f9f-a94917fa9ae5,20-04-2025,01:19:17,96192.73,da5da16b-b0f9-40f0-abd5-d5f7bef590dd,Credit,Electronics,56291.44,Magnetic Strip Card,"Diglipur, Andaman and Nicobar Islands",Desktop,1,Clean,INR,+91965393XXXXXX,Utility bill,pii_email_6950c6e10c49
c1fd015e-c18e-47d6-a5d1-d7b1d1d6f9e2,pii_full_name_b91bb6bea207,Female,34,Andaman and Nicobar Islands,Diglipur,Diglipur Branch,Checking,6a0290c6-6bdf-4413-8f72-027e883893e9,03-06-2025,01:10:16,84092.58,055724cd-abb7-4b80-936a-ba7c587d52d0,Debit,Electronics,5029.66,Magnetic Strip Card,"Diglipur, Andaman and Nicobar Islands",Desktop,0,Clean,INR,+91965393XXXXXX,Cash withdrawal,pii_email_6950c6e10c49
c1fd015e-c18e-47d6-a5d1-d7b1d1d6f9e2,pii_full_name_b91bb6bea207,Female,34,Andaman and Nicobar Islands,Diglipur,Diglipur Branch,Checking,ee5a4ea6-dd3b-47a7-ad64-5b2abbfcf602,25-06-2025,08:23:35,55147.87,ed8e22d9-fb12-406d-b85f-4a192e933dd7,Withdrawal,Electronics,19142.15,UPI,"Diglipur, Andaman and Nicobar Islands",Mobile,0,Clean,INR,+91965393XXXXXX,Restaurant dining,pii_email_6950c6e10c49
c1fd015e-c18e-47d6-a5d1-d7b1d1d6f9e2,pii_full_name_b91bb6bea207,Female,34,Andaman and Nicobar Islands,Diglipur,Diglipur Branch,Checking,152f200c-2c5a-4df7-b734-3134888dc4eb,26-06-2025,20:59:51,3367.49,30821ff3-6379-42a2-8229-1ff247b568f6,Bill Payment,Health,44506.34,Debit/Credit Card,"Diglipur, Andaman and Nicobar Islands",Desktop,0,Clean,INR,+91965393XXXXXX,Restaurant dining,pii_email_6950c6e10c49
c1fd015e-c18e-47d6-a5d1-d7b1d1d6f9e2,pii_full_name_b91bb6bea207,Female,34,Andaman and Nicobar Islands,Diglipur,Diglipur Branch,Checking,6905397b-79a9-46d9-bab5-a31906b91e38,18-07-2025,06:08:02,91665.33,08d4af93-c9fe-4e00-a039-6fcd35f55901,Withdrawal,Entertainment,5308.8,QR Code Scanner,"Diglipur, Andaman and Nicobar Islands",POS,0,Clean,INR,+91965393XXXXXX,EMI payment,pii_email_6950c6e10c49
c1fd015e-c18e-47d6-a5d1-d7b1d1d6f9e2,pii_full_name_b91bb6bea207,Female,34,Andaman and Nicobar Islands,Diglipur,Diglipur Branch,Checking,fe4c5bbd-d569-4288-86ca-428ba7365c61,18-07-2025,16:17:06,45149.14,80e10554-5817-46a4-a17e-8ed0d0b28f42,Debit,Groceries,38943.57,Phone Banking,"Diglipur, Andaman and Nicobar Islands",POS,0,Clean,INR,+91965393XXXXXX,Gas bill,pii_email_6950c6e10c49
c1fd015e-c18e-47d6-a5d1-d7b1d1d6f9e2,pii_full_name_b91bb6bea207,Female,34,Andaman and Nicobar Islands,Diglipur,Diglipur Branch,Checking,ec0e8a03-7aee-46f9-996e-bd8aef98e015,31-07-2025,15:09:42,60678.91,00732dfa-a38d-4966-a442-dab80962adb6,Withdrawal,Electronics,29601.06,Magnetic Strip Card,"Diglipur, Andaman and Nicobar Islands",Mobile,0,Clean,INR,+91965393XXXXXX,Cash withdrawal,pii_email_6950c6e10c49
c1fd015e-c18e-47d6-a5d1-d7b1d1d6f9e2,pii_full_name_b91bb6bea207,Female,34,Andaman and Nicobar Islands,Diglipur,Diglipur Branch,Checking,8cf5eb25-b333-4641-b6d9-689aee54d38d,06-08-2025,23:23:39,88373.96,971719e4-15dc-4bba-8db1-f36c42fe56f3,Debit,Health,35668.95,Magnetic Strip Card,"Diglipur, Andaman and Nicobar Islands",POS,0,Clean,INR,+91965393XXXXXX,Cash withdrawal,pii_email_6950c6e10c49
c1fd015e-c18e-47d6-a5d1-d7b1d1d6f9e2,pii_full_name_b91bb6bea207,Female,34,Andaman and Nicobar Islands,Diglipur,Diglipur Branch,Checking,d31b67ea-29ec-40d7-afdb-b51574b6bf89,08-09-2025,09:50:28,18518.05,286cd7b4-cd66-4c9b-9101-4ce1df58e575,Transfer,Electronics,49032.83,ATM,"Diglipur, Andaman and Nicobar Islands",Mobile,0,Clean,INR,+91965393XXXXXX,Cash withdrawal,pii_email_6950c6e10c49
c1fd015e-c18e-47d6-a5d1-d7b1d1d6f9e2,pii_full_name_b91bb6bea207,Female,34,Andaman and Nicobar Islands,Diglipur,Diglipur Branch,Checking,29419f98-31aa-40ce-9e11-c0bedb71b42a,04-10-2025,02:01:34,41897.41,98763c87-55d4-4c0c-9222-4e79f3560b81,Bill Payment,Groceries,44843.09,Digital Wallet,"Diglipur, Andaman and Nicobar Islands",Mobile,0,Clean,INR,+91965393XXXXXX,Mobile recharge,pii_email_6950c6e10c49
c1fd015e-c18e-47d6-a5d1-d7b1d1d6f9e2,pii_full_name_b91bb6bea207,Female,34,Andaman and Nicobar Islands,Diglipur,Diglipur Branch,Checking,cbd7e3e3-ca8f-4acb-8676-b1c72ea71b7f,17-10-2025,01:43:15,49441.16,5118e3df-3215-4802-af74-a82cfb8aac2d,Withdrawal,Groceries,24656.94,POS Mobile App,"Diglipur, Andaman and Nicobar Islands",POS,0,Clean,INR,+91965393XXXXXX,Online shopping,pii_email_6950c6e10c49
c1fd015e-c18e-47d6-a5d1-d7b1d1d6f9e2,pii_full_name_b91bb6bea207,Female,34,Andaman and Nicobar Islands,Diglipur,Diglipur Branch,Checking,249084de-339d-4102-b69a-081d8dd7a816,21-10-2025,11:02:11,91104.16,2e65b5f3-5d32-4a2f-9c84-3163d95568ab,Debit,Electronics,47181.03,UPI,"Diglipur, Andaman and Nicobar Islands",Mobile,0,Clean,INR,+91965393XXXXXX,Mutual fund investment,pii_email_6950c6e10c49
c37d5f9b-8538-423e-87fa-bd2a8cd10cc1,pii_full_name_249f25ab27d7,Male,70,West Bengal,Siliguri,Siliguri Branch,Checking,2addf2b5-4841-498f-98bc-13dfc21da10f,05-01-2025,12:31:15,12940.71,debc9c0b-7e04-4716-99dd-e27e12f09786,Transfer,Entertainment,63696.69,Virtual Card,"Siliguri, West Bengal",POS,0,Clean,INR,+91954078XXXXXX,Electricity bill,pii_email_71d11ca3ccaf
c37d5f9b-8538-423e-87fa-bd2a8cd10cc1,pii_full_name_249f25ab27d7,Male,70,West Bengal,Siliguri,Siliguri Branch,Checking,ba6c42ef-539b-4863-b924-92bf62481730,12-01-2025,19:44:39,71403.48,14d3e019-0043-45eb-8b6e-8ccf9492af1c,Withdrawal,Electronics,53521.69,Debit/Credit Card,"Siliguri, West Bengal",Desktop,0,Clean,INR,+91954078XXXXXX,Cash withdrawal,pii_email_71d11ca3ccaf
c37d5f9b-8538-423e-87fa-bd2a8cd10cc1,pii_full_name_249f25ab27d7,Male,70,West Bengal,Siliguri,Siliguri Branch,Checking,4faca41d-4b1d-4c0a-a4c6-a197459037df,17-01-2025,17:20:56,57011.45,5d976b3b-8daa-4539-a4b3-857b7c9eef5e,Transfer,Restaurant,85557.55,ATM,"Siliguri, West Bengal",POS,0,Clean,INR,+91954078XXXXXX,Salary credit,pii_email_71d11ca3ccaf
c37d5f9b-8538-423e-87fa-bd2a8cd10cc1,pii_full_name_249f25ab27d7,Male,70,West Bengal,Siliguri,Siliguri Branch,Checking,b6f2f5f3-4a6e-4e85-aa39-aae43ae32a96,22-02-2025,17:22:43,37637.9,0aa03a7a-d199-4bf2-a07c-fe045b00fe24,Bill Payment,Groceries,56740.61,Branch Counter,"Siliguri, West Bengal",Mobile,0,Clean,INR,+91954078XXXXXX,Jewelry purchase,pii_email_71d11ca3ccaf
c37d5f9b-8538-423e-87fa-bd2a8cd10cc1,pii_full_name_249f25ab27d7,Male,70,West Bengal,Siliguri,Siliguri Branch,Checking,04f8f330-3567-4db5-a703-18a3934e0854,25-02-2025,14:56:57,37837.76,e88b1f76-fc73-4cdf-9b17-2c0ad364f837,Debit,Health,64987.94,Virtual Card,"Siliguri, West Bengal",Desktop,0,Clean,INR,+91954078XXXXXX,Movie tickets,pii_email_71d11ca3ccaf
c37d5f9b-8538-423e-87fa-bd2a8cd10cc1,pii_full_name_249f25ab27d7,Male,70,West Bengal,Siliguri,Siliguri Branch,Checking,de067706-dbaa-4e78-bd52-0b3e4173ebf6,27-02-2025,11:26:51,13000.79,f4915cce-0009-45db-b74f-a73afd373f88,Withdrawal,Health,87225.39,Phone Banking,"Siliguri, West Bengal",Mobile,0,Clean,INR,+91954078XXXXXX,Bus ticket,pii_email_71d11ca3ccaf
c37d5f9b-8538-423e-87fa-bd2a8cd10cc1,pii_full_name_249f25ab27d7,Male,70,West Bengal,Siliguri,Siliguri Branch,Checking,a4ccc57b-c631-4a3a-a95e-760d65c19375,18-03-2025,12:23:50,6644.46,22267d27-141d-4c9b-a726-57f781ff09f0,Debit,Entertainment,79219.81,QR Code Scanner,"Siliguri, West Bengal",ATM,0,Clean,INR,+91954078XXXXXX,Mobile recharge,pii_email_71d11ca3ccaf
c37d5f9b-8538-423e-87fa-bd2a8cd10cc1,pii_full_name_249f25ab27d7,Male,70,West Bengal,Siliguri,Siliguri Branch,Checking,c1043d73-4ebe-49fe-9510-f4ccba09044f,18-04-2025,07:06:33,94397.45,c62282d0-b144-4130-a012-872fbb245e0a,Debit,Restaurant,79155.6,Biometric ATM,"Siliguri, West Bengal",Desktop,1,Money Laundering,INR,+91954078XXXXXX,Mobile recharge,pii_email_71d11ca3ccaf
c37d5f9b-8538-423e-87fa-bd2a8cd10cc1,pii_full_name_249f25ab27d7,Male,70,West Bengal,Siliguri,Siliguri Branch,Checking,d91f4aa0-0bd8-4cb4-af91-c9410c65ce0f,15-05-2025,12:05:23,118244.68,322f3022-89b8-4d3d-a06b-7128ed30555c,Withdrawal,Clothing,69725.08,Voice Assistant,"Siliguri, West Bengal",ATM,1,Money Laundering,INR,+91954078XXXXXX,Jewelry purchase,pii_email_71d11ca3ccaf
c37d5f9b-8538-423e-87fa-bd2a8cd10cc1,pii_full_name_249f25ab27d7,Male,70,West Bengal,Siliguri,Siliguri Branch,Checking,d08805b9-d421-423a-a604-1ff15c19b2b0,22-05-2025,07:47:13,23985.24,5af14f69-0d25-448a-b81d-9d2c03c099e5,Credit,Groceries,68771.72,Phone Banking,"Siliguri, West Bengal",ATM,0,Clean,INR,+91954078XXXXXX,Gas bill,pii_email_71d11ca3ccaf
c37d5f9b-8538-423e-87fa-bd2a8cd10cc1,pii_full_name_249f25ab27d7,Male,70,West Bengal,Siliguri,Siliguri Branch,Checking,b3fb059d-9cc0-40c0-9213-af89b4df50d2,04-07-2025,14:17:34,46428.98,b094a6b1-d53d-4fb0-9a01-48b308871ec9,Credit,Health,79884.26,Debit/Credit Card,"Siliguri, West Bengal",Mobile,0,Clean,INR,+91954078XXXXXX,Jewelry purchase,pii_email_71d11ca3ccaf
c37d5f9b-8538-423e-87fa-bd2a8cd10cc1,pii_full_name_249f25ab27d7,Male,70,West Bengal,Siliguri,Siliguri Branch,Checking,d6b94347-7548-4652-a153-4dd4053cfd61,14-07-2025,22:41:58,26825.99,067e0dad-effa-4f35-9039-fd9aeafae2f8,Transfer,Entertainment,88525.47,Self-service Banking Machine,"Siliguri, West Bengal",Mobile,0,Clean,INR,+91954078XXXXXX,Gas bill,pii_email_71d11ca3ccaf
c37d5f9b-8538-423e-87fa-bd2a8cd10cc1,pii_full_name_249f25ab27d7,Male,70,West Bengal,Siliguri,Siliguri Branch,Checking,c887107f-228d-4f4c-abea-341fe031b91a,27-07-2025,08:02:31,56620.03,a66f3bc0-dbf2-468d-a97d-3dd13a414862,Credit,Health,62402.62,POS Mobile Device,"Siliguri, West Bengal",POS,0,Clean,INR,+91954078XXXXXX,Jewelry purchase,pii_email_71d11ca3ccaf
c37d5f9b-8538-423e-87fa-bd2a8cd10cc1,pii_full_name_249f25ab27d7,Male,70,West Bengal,Siliguri,Siliguri Branch,Checking,bd415388-675a-41b6-911c-3c312dbe0fd3,01-08-2025,03:33:27,44303.25,a8f24f10-e0f9-41b8-a1ff-94165f247c7e,Withdrawal,Entertainment,75241.36,ATM,"Siliguri, West Bengal",POS,0,Clean,INR,+91954078XXXXXX,Flight ticket,pii_email_71d11ca3ccaf
c37d5f9b-8538-423e-87fa-bd2a8cd10cc1,pii_full_name_249f25ab27d7,Male,70,West Bengal,Siliguri,Siliguri Branch,Checking,35b914aa-d623-42f6-b6e1-443628da0b65,16-08-2025,19:46:14,26765.04,acd55fbe-2204-4592-9912-ef877796ac26,Transfer,Entertainment,66373.19,Digital Wallet,"Siliguri, West Bengal",Mobile,0,Clean,INR,+91954078XXXXXX,EMI payment,pii_email_71d11ca3ccaf
c37d5f9b-8538-423e-87fa-bd2a8cd10cc1,pii_full_name_249f25ab27d7,Male,70,West Bengal,Siliguri,Siliguri Branch,Checking,ac678ba2-de72-4da9-a10d-6b4c70a89b25,23-08-2025,08:52:28,5160.8,a73bf60c-0100-493d-b170-fb34b999b087,Transfer,Clothing,79671.68,Branch Counter,"Siliguri, West Bengal",POS,0,Clean,INR,+91954078XXXXXX,Salary credit,pii_email_71d11ca3ccaf
c37d5f9b-8538-423e-87fa-bd2a8cd10cc1,pii_full_name_249f25ab27d7,Male,70,West Bengal,Siliguri,Siliguri Branch,Checking,2dd8416c-df06-4116-99bc-9318c7fc5b38,27-09-2025,20:29:52,43258.99,0064dc3d-42ec-4e7e-9ef3-c318fe49a144,Bill Payment,Health,60662.04,ATM,"Siliguri, West Bengal",POS,0,Clean,INR,+91954078XXXXXX,Mobile recharge,pii_email_71d11ca3ccaf
c37d5f9b-8538-423e-87fa-bd2a8cd10cc1,pii_full_name_249f25ab27d7,Male,70,West Bengal,Siliguri,Siliguri Branch,Checking,e2fa0fae-d769-469c-a3e3-2e900404ff1e,31-10-2025,04:52:53,92206.79,8842eac3-6c61-4f51-ba4f-ca4d9da1d212,Bill Payment,Entertainment,60504.4,Branch Counter,"Siliguri, West Bengal",Mobile,1,Clean,INR,+91954078XXXXXX,Taxi fare,pii_email_71d11ca3ccaf
c37d5f9b-8538-423e-87fa-bd2a8cd10cc1,pii_full_name_249f25ab27d7,Male,70,West Bengal,Siliguri,Siliguri Branch,Checking,96d4bd4f-c3e3-48e0-a858-d4027662acae,22-12-2025,07:38:46,73689.84,d45a3963-2e63-48c3-8305-d4f4bd5dc394,Withdrawal,Clothing,79856.4,Video Banking,"Siliguri, West Bengal",Mobile,0,Clean,INR,+91954078XXXXXX,Food delivery,pii_email_71d11ca3ccaf
c37d5f9b-8538-423e-87fa-bd2a8cd10cc1,pii_full_name_249f25ab27d7,Male,70,West Bengal,Siliguri,Siliguri Branch,Checking,e3bc8fd0-dcc8-4571-8351-b66ba5b9c23b,25-12-2025,09:08:21,21303.56,6c729487-ee10-4d95-a328-7fd3cfa6df57,Transfer,Health,85842.87,Phone Banking,"Siliguri, West Bengal",POS,0,Clean,INR,+91954078XXXXXX,Salary credit,pii_email_71d11ca3ccaf
c37ee0aa-df67-4ade-8d79-d969db3b455b,pii_full_name_af4133598993,Female,55,Andaman and Nicobar Islands,Port Blair,Port Blair Branch,Business,312d493e-9aac-4582-bdc5-338f7e90dcbe,16-02-2025,21:35:38,21860.93,6d4c379b-f02f-40bb-9aa1-ce8fe92f74c2,Withdrawal,Entertainment,45822.2,Magnetic Strip Card,"Port Blair, Andaman and Nicobar Islands",POS,0,Clean,INR,+91988603XXXXXX,Gas bill,pii_email_15fd220d56f1
c37ee0aa-df67-4ade-8d79-d969db3b455b,pii_full_name_af4133598993,Female,55,Andaman and Nicobar Islands,Port Blair,Port Blair Branch,Business,5ca41db3-8b11-4d01-8b2c-0d43a1f96046,05-04-2025,03:43:22,31364.54,ce5cead6-bbc0-45b4-bc2c-822724b6e83c,Debit,Electronics,49361.51,Contactless Card,"Port Blair, Andaman and Nicobar Islands",POS,0,Clean,INR,+91988603XXXXXX,Electricity bill,pii_email_15fd220d56f1
c37ee0aa-df67-4ade-8d79-d969db3b455b,pii_full_name_af4133598993,Female,55,Andaman and Nicobar Islands,Port Blair,Port Blair Branch,Business,1ec3cd22-3285-4bcf-aa86-bf8533f003ca,17-06-2025,06:38:37,1045.68,91930d90-770e-4d59-82b0-ba3c337d0c67,Bill Payment,Groceries,43822.36,POS Mobile Device,"Port Blair, Andaman and Nicobar Islands",POS,0,Clean,INR,+91988603XXXXXX,Mobile recharge,pii_email_15fd220d56f1
c37ee0aa-df67-4ade-8d79-d969db3b455b,pii_full_name_af4133598993,Female,55,Andaman and Nicobar Islands,Port Blair,Port Blair Branch,Business,5652b654-86f8-4dc1-9d84-8cf94326bc20,30-06-2025,23:51:22,92154.84,05714423-b2d0-488a-8c58-0b94fdd98ccb,Credit,Entertainment,43926.93,Voice Assistant,"Port Blair, Andaman and Nicobar Islands",ATM,0,Clean,INR,+91988603XXXXXX,Debt repayment,pii_email_15fd220d56f1
c37ee0aa-df67-4ade-8d79-d969db3b455b,pii_full_name_af4133598993,Female,55,Andaman and Nicobar Islands,Port Blair,Port Blair Branch,Business,4e7aa3e7-af2b-43a8-b118-1b8169743146,14-07-2025,14:23:26,82738.01,2d421453-b6fc-4fe5-976c-8052e7b98cb6,Credit,Entertainment,34711.45,Internet Banking,"Port Blair, Andaman and Nicobar Islands",Desktop,0,Clean,INR,+91988603XXXXXX,Food delivery,pii_email_15fd220d56f1
c37ee0aa-df67-4ade-8d79-d969db3b455b,pii_full_name_af4133598993,Female,55,Andaman and Nicobar Islands,Port Blair,Port Blair Branch,Business,f092c35e-3b26-442a-87dd-0f3bc5127582,17-07-2025,00:46:22,12426.39,f2e0caa8-f0f6-4ab1-80d5-f04cf670f5a5,Debit,Health,61018.93,Mobile Banking App,"Port Blair, Andaman and Nicobar Islands",POS,0,Clean,INR,+91988603XXXXXX,Pharmacy bill,pii_email_15fd220d56f1
c37ee0aa-df67-4ade-8d79-d969db3b455b,pii_full_name_af4133598993,Female,55,Andaman and Nicobar Islands,Port Blair,Port Blair Branch,Business,c84538b8-5fc3-436f-b990-bb53cc001f65,21-07-2025,01:08:16,94253.39,e5693af7-8cbe-4528-9f7a-170d3c20ea3d,Transfer,Health,55247.54,Branch Counter,"Port Blair, Andaman and Nicobar Islands",ATM,0,Clean,INR,+91988603XXXXXX,Cash withdrawal,pii_email_15fd220d56f1
c37ee0aa-df67-4ade-8d79-d969db3b455b,pii_full_name_af4133598993,Female,55,Andaman and Nicobar Islands,Port Blair,Port Blair Branch,Business,0f644f16-e21a-4ffa-815b-a8d08960446e,09-08-2025,07:40:47,32850.02,b995f41d-42fc-4a9f-9f8f-844c3c030457,Debit,Health,26437.65,POS Mobile Device,"Port Blair, Andaman and Nicobar Islands",POS,0,Clean,INR,+91988603XXXXXX,Cash withdrawal,pii_email_15fd220d56f1
c37ee0aa-df67-4ade-8d79-d969db3b455b,pii_full_name_af4133598993,Female,55,Andaman and Nicobar Islands,Port Blair,Port Blair Branch,Business,5f5ef942-86cb-4c42-aaa2-d470fd2a162a,27-08-2025,08:04:12,41859.29,6c09b450-fd9b-432f-a4e9-1407a25ca4a7,Credit,Health,48008.29,Phone Banking,"Port Blair, Andaman and Nicobar Islands",ATM,0,Clean,INR,+91988603XXXXXX,EMI payment,pii_email_15fd220d56f1
c37ee0aa-df67-4ade-8d79-d969db3b455b,pii_full_name_af4133598993,Female,55,Andaman and Nicobar Islands,Port Blair,Port Blair Branch,Business,2a716353-d830-4b93-9863-924b1017917e,19-09-2025,19:51:52,84787.04,c8b5a314-5841-474d-994e-9bde1e1f89a5,Withdrawal,Clothing,52540.22,ATM,"Port Blair, Andaman and Nicobar Islands",ATM,0,Clean,INR,+91988603XXXXXX,Movie tickets,pii_email_15fd220d56f1
c37ee0aa-df67-4ade-8d79-d969db3b455b,pii_full_name_af4133598993,Female,55,Andaman and Nicobar Islands,Port Blair,Port Blair Branch,Business,cf6f6f92-d025-4417-9b92-c04a5b5d42f5,27-09-2025,01:54:03,55348.93,f7490c1d-355a-4bf0-bc12-6d59a734fcc0,Bill Payment,Clothing,54276.13,Virtual Card,"Port Blair, Andaman and Nicobar Islands",ATM,0,Clean,INR,+91988603XXXXXX,Hotel booking,pii_email_15fd220d56f1
c37ee0aa-df67-4ade-8d79-d969db3b455b,pii_full_name_af4133598993,Female,55,Andaman and Nicobar Islands,Port Blair,Port Blair Branch,Business,1104ef23-572a-40e5-b8a3-a0835cbb60e7,28-09-2025,03:31:31,72708.01,ae1bbc61-3699-4ac7-b394-5ef1d5576b45,Credit,Restaurant,59811.02,Virtual Card,"Port Blair, Andaman and Nicobar Islands",Desktop,0,Clean,INR,+91988603XXXXXX,EMI payment,pii_email_15fd220d56f1
c37ee0aa-df67-4ade-8d79-d969db3b455b,pii_full_name_af4133598993,Female,55,Andaman and Nicobar Islands,Port Blair,Port Blair Branch,Business,36ff58e9-9f44-4c24-8242-b611b4836a28,10-10-2025,15:05:39,17781.65,eda99455-2344-4ca0-8030-bc93df00675c,Withdrawal,Entertainment,52497.97,UPI,"Port Blair, Andaman and Nicobar Islands",Mobile,0,Clean,INR,+91988603XXXXXX,Online shopping,pii_email_15fd220d56f1
c37ee0aa-df67-4ade-8d79-d969db3b455b,pii_full_name_af4133598993,Female,55,Andaman and Nicobar Islands,Port Blair,Port Blair Branch,Business,68a7832b-cd56-41fe-8712-4c8c33681bfe,30-10-2025,22:06:25,88350.7,4e24ce0e-b880-46d0-8bf7-72ee26f06033,Bill Payment,Clothing,29722.65,Chip Card,"Port Blair, Andaman and Nicobar Islands",Mobile,0,Clean,INR,+91988603XXXXXX,Gym membership,pii_email_15fd220d56f1
c37ee0aa-df67-4ade-8d79-d969db3b455b,pii_full_name_af4133598993,Female,55,Andaman and Nicobar Islands,Port Blair,Port Blair Branch,Business,7ad6fab2-c80e-49c8-a734-420873908f35,23-12-2025,05:48:00,70140.28,101a77fc-8f7a-418f-82b5-9ca85125d42f,Transfer,Groceries,62261.57,ATM Booth Kiosk,"Port Blair, Andaman and Nicobar Islands",Mobile,0,Clean,INR,+91988603XXXXXX,Jewelry purchase,pii_email_15fd220d56f1
c39e8881-29f3-4e01-9993-cf75438b26c4,pii_full_name_6e948f2b0cf0,Female,32,Punjab,Amritsar,Amritsar Branch,Savings,dc409008-e1b4-440b-97ba-b74cf4963e4e,08-02-2025,12:44:46,7498.25,f23789f5-8667-453e-b63d-60fdbea45337,Withdrawal,Health,18278.4,Contactless Card,"Amritsar, Punjab",POS,0,Clean,INR,+91988411XXXXXX,Gas bill,pii_email_9b358a5f4cd6
c39e8881-29f3-4e01-9993-cf75438b26c4,pii_full_name_6e948f2b0cf0,Female,32,Punjab,Amritsar,Amritsar Branch,Savings,2c8b72a7-1f16-4f67-9915-d404950d5f0a,06-04-2025,18:14:54,65450.28,5b288976-7f93-414e-a97c-acd69ce884e2,Withdrawal,Health,27962.35,Self-service Banking Machine,"Amritsar, Punjab",Mobile,0,Clean,INR,+91988411XXXXXX,Train ticket,pii_email_9b358a5f4cd6
c39e8881-29f3-4e01-9993-cf75438b26c4,pii_full_name_6e948f2b0cf0,Female,32,Punjab,Amritsar,Amritsar Branch,Savings,50ceaeba-b8e9-492c-8b9d-0248d10f8e13,14-04-2025,11:28:08,69328.51,4b1ab088-a8be-4ace-ac73-4787844780cb,Debit,Health,5029.66,Magnetic Strip Card,"Amritsar, Punjab",Desktop,0,Clean,INR,+91988411XXXXXX,Online shopping,pii_email_9b358a5f4cd6
c39e8881-29f3-4e01-9993-cf75438b26c4,pii_full_name_6e948f2b0cf0,Female,32,Punjab,Amritsar,Amritsar Branch,Savings,6733fd5c-4c65-462e-a95b-822e36933a7a,23-04-2025,13:14:38,14768.8,c2b88867-d3c2-4dbe-a6e5-d08b00e4d0f2,Bill Payment,Entertainment,5029.66,Digital Wallet,"Amritsar, Punjab",Desktop,0,Clean,INR,+91988411XXXXXX,Utility bill,pii_email_9b358a5f4cd6
c39e8881-29f3-4e01-9993-cf75438b26c4,pii_full_name_6e948f2b0cf0,Female,32,Punjab,Amritsar,Amritsar Branch,Savings,92715eb7-ed31-4b8d-a266-34208d67acc6,06-05-2025,18:06:34,6975.4,ccafb960-59e6-44a9-a636-9dd5947f7de9,Withdrawal,Entertainment,27264.81,Magnetic Strip Card,"Amritsar, Punjab",Desktop,0,Clean,INR,+91988411XXXXXX,Taxi fare,pii_email_9b358a5f4cd6
c39e8881-29f3-4e01-9993-cf75438b26c4,pii_full_name_6e948f2b0cf0,Female,32,Punjab,Amritsar,Amritsar Branch,Savings,b90c0697-67a1-49e1-bf16-480edea3d1a3,12-05-2025,07:47:07,73508.69,3c99e1e6-a8ce-49c2-9543-130146d04679,Debit,Restaurant,12243.29,ATM Booth Kiosk,"Amritsar, Punjab",ATM,1,Clean,INR,+91988411XXXXXX,Insurance premium,pii_email_9b358a5f4cd6
c39e8881-29f3-4e01-9993-cf75438b26c4,pii_full_name_6e948f2b0cf0,Female,32,Punjab,Amritsar,Amritsar Branch,Savings,15f37de5-0c0d-44bd-a1b2-ed97bd16f663,17-08-2025,12:34:26,38670.78,b65328ff-692b-403e-8ad8-d2266e98cd3d,Transfer,Electronics,19028.22,Mobile Banking App,"Amritsar, Punjab",POS,0,Clean,INR,+91988411XXXXXX,Flight ticket,pii_email_9b358a5f4cd6
c39e8881-29f3-4e01-9993-cf75438b26c4,pii_full_name_6e948f2b0cf0,Female,32,Punjab,Amritsar,Amritsar Branch,Savings,618b6486-b64b-43bb-96e9-8eee3cb38a61,12-09-2025,06:10:41,94075.84,328a2323-5307-48a2-8892-5010749224fd,Credit,Restaurant,15161.15,POS Mobile Device,"Amritsar, Punjab",POS,0,Clean,INR,+91988411XXXXXX,Movie tickets,pii_email_9b358a5f4cd6
c39e8881-29f3-4e01-9993-cf75438b26c4,pii_full_name_6e948f2b0cf0,Female,32,Punjab,Amritsar,Amritsar Branch,Savings,fe72ff77-e515-4a24-a80d-b1960fb8556f,25-09-2025,18:41:23,68620.92,018edc54-066e-4cd1-8d72-e0b98a48dd36,Bill Payment,Restaurant,5029.66,Contactless Card,"Amritsar, Punjab",Mobile,0,Clean,INR,+91988411XXXXXX,Bus ticket,pii_email_9b358a5f4cd6
c39e8881-29f3-4e01-9993-cf75438b26c4,pii_full_name_6e948f2b0cf0,Female,32,Punjab,Amritsar,Amritsar Branch,Savings,f87800e6-d7eb-4058-a470-89c31d0fc876,03-10-2025,14:20:52,7239.02,5d220588-5c82-4e8d-a774-086cc1b6137c,Transfer,Restaurant,5753.56,Mobile Banking App,"Amritsar, Punjab",POS,0,Clean,INR,+91988411XXXXXX,Food delivery,pii_email_9b358a5f4cd6
c39e8881-29f3-4e01-9993-cf75438b26c4,pii_full_name_6e948f2b0cf0,Female,32,Punjab,Amritsar,Amritsar Branch,Savings,f0fed752-42b9-47cf-8e6f-3626fe738a90,07-10-2025,11:49:40,91705.81,f4cc3546-9522-453e-b2d4-4b13ba8f9885,Bill Payment,Groceries,5029.66,Branch Counter,"Amritsar, Punjab",Mobile,0,Clean,INR,+91988411XXXXXX,Electricity bill,pii_email_9b358a5f4cd6
c39e8881-29f3-4e01-9993-cf75438b26c4,pii_full_name_6e948f2b0cf0,Female,32,Punjab,Amritsar,Amritsar Branch,Savings,4f65bad4-f381-4227-965c-5f7f3233cd2f,12-11-2025,05:44:58,76706.51,e66cd119-f5ec-4d75-a02d-d1a3843bbfcd,Debit,Electronics,19594.16,POS Mobile Device,"Amritsar, Punjab",ATM,1,Clean,INR,+91988411XXXXXX,Debt repayment,pii_email_9b358a5f4cd6
c4bc8c38-1cd3-4acf-819c-248cedab4058,pii_full_name_dc07882ad1d7,Female,70,Gujarat,Surat,Surat Branch,Savings,035fc56d-306a-40a8-bedc-923379e8a896,08-02-2025,15:12:58,15913.59,aa22c564-409a-45c2-b86c-3a5dd4a50035,Credit,Entertainment,41797.06,Biometric ATM,"Surat, Gujarat",ATM,0,Clean,INR,+91987735XXXXXX,Mutual fund investment,pii_email_85401d50a88e
c4bc8c38-1cd3-4acf-819c-248cedab4058,pii_full_name_dc07882ad1d7,Female,70,Gujarat,Surat,Surat Branch,Savings,8ecd0306-3893-48ef-ab73-1a1838c19a80,11-03-2025,09:10:47,51529.29,1937181f-85de-4c40-934f-1d0a3e371b7c,Debit,Clothing,36644.13,Mobile Banking App,"Surat, Gujarat",ATM,0,Clean,INR,+91987735XXXXXX,Bus ticket,pii_email_85401d50a88e
c4bc8c38-1cd3-4acf-819c-248cedab4058,pii_full_name_dc07882ad1d7,Female,70,Gujarat,Surat,Surat Branch,Savings,15e7a44f-07cf-48d9-9a78-26ebe9c96855,30-04-2025,00:57:47,20927.75,8bc889fb-1d6f-46d2-b4ed-95e7fdf5a5dc,Bill Payment,Electronics,34551.36,Phone Banking,"Surat, Gujarat",POS,0,Clean,INR,+91987735XXXXXX,Utility bill,pii_email_85401d50a88e
c4bc8c38-1cd3-4acf-819c-248cedab4058,pii_full_name_dc07882ad1d7,Female,70,Gujarat,Surat,Surat Branch,Savings,2d667342-b224-4f4d-8940-4f63540a3be8,11-06-2025,10:09:29,7062.51,0e34a0c2-f7eb-47a8-a12f-41189618efa5,Withdrawal,Restaurant,32857.15,Mobile Banking App,"Surat, Gujarat",Desktop,0,Clean,INR,+91987735XXXXXX,Restaurant dining,pii_email_85401d50a88e
c4bc8c38-1cd3-4acf-819c-248cedab4058,pii_full_name_dc07882ad1d7,Female,70,Gujarat,Surat,Surat Branch,Savings,09d5a4d7-2653-4727-98af-04df8ba26793,18-06-2025,22:49:56,132517.46,0d9dde4d-ec6c-43ba-974f-bbd09eea499f,Credit,Electronics,25417.38,Digital Wallet,"Surat, Gujarat",ATM,1,Money Laundering,INR,+91987735XXXXXX,Gym membership,pii_email_85401d50a88e
c4bc8c38-1cd3-4acf-819c-248cedab4058,pii_full_name_dc07882ad1d7,Female,70,Gujarat,Surat,Surat Branch,Savings,3fbd6b21-7ba4-4157-87de-eba846dd99b1,20-06-2025,20:52:53,82564.77,8215e752-8ece-4199-8477-532592c20237,Withdrawal,Entertainment,34548.49,Biometric ATM,"Surat, Gujarat",Desktop,1,Money Laundering,INR,+91987735XXXXXX,Pharmacy bill,pii_email_85401d50a88e
c4bc8c38-1cd3-4acf-819c-248cedab4058,pii_full_name_dc07882ad1d7,Female,70,Gujarat,Surat,Surat Branch,Savings,9a0f1ba8-563f-4901-a7a5-eaea90cc8ab7,22-06-2025,19:39:27,44331.75,20f19c28-8a53-48a9-8246-c9a47e29e438,Transfer,Health,34265.85,UPI,"Surat, Gujarat",ATM,1,Money Laundering,INR,+91987735XXXXXX,Electricity bill,pii_email_85401d50a88e
c4bc8c38-1cd3-4acf-819c-248cedab4058,pii_full_name_dc07882ad1d7,Female,70,Gujarat,Surat,Surat Branch,Savings,09b11a46-d0e1-4ef4-9adf-13bdb39f175e,24-06-2025,06:19:54,91219.96,d7b12032-27d2-4512-a684-439d29ef8b4f,Withdrawal,Entertainment,36116.44,Self-service Banking Machine,"Surat, Gujarat",POS,1,Money Laundering,INR,+91987735XXXXXX,Bitcoin transaction,pii_email_85401d50a88e
c4bc8c38-1cd3-4acf-819c-248cedab4058,pii_full_name_dc07882ad1d7,Female,70,Gujarat,Surat,Surat Branch,Savings,c2636e4f-f168-4283-84e0-14860a109d80,26-06-2025,13:44:04,126374.48,709eaa1f-73aa-465a-8ef3-fbb3266b8123,Debit,Electronics,33797.39,POS Mobile Device,"Surat, Gujarat",Desktop,1,Money Laundering,INR,+91987735XXXXXX,Utility bill,pii_email_85401d50a88e
c4bc8c38-1cd3-4acf-819c-248cedab4058,pii_full_name_dc07882ad1d7,Female,70,Gujarat,Surat,Surat Branch,Savings,9ba5acde-10ce-440e-ae5d-9913826bef3a,28-06-2025,12:39:20,184872.27,2df987ea-d7d1-452c-97b7-54e6291ba3a5,Credit,Clothing,23021.23,Chip Card,"Surat, Gujarat",Desktop,1,Money Laundering,INR,+91987735XXXXXX,Salary credit,pii_email_85401d50a88e
c4bc8c38-1cd3-4acf-819c-248cedab4058,pii_full_name_dc07882ad1d7,Female,70,Gujarat,Surat,Surat Branch,Savings,c69f8054-b557-45a4-9be9-43e4b872ca71,30-06-2025,10:06:37,203850.86,ec2b6f1b-9c57-486d-9feb-6eeceb406ddb,Transfer,Entertainment,33764.66,Digital Wallet,"Surat, Gujarat",Mobile,1,Money Laundering,INR,+91987735XXXXXX,Insurance premium,pii_email_85401d50a88e
c4bc8c38-1cd3-4acf-819c-248cedab4058,pii_full_name_dc07882ad1d7,Female,70,Gujarat,Surat,Surat Branch,Savings,4c937e26-9915-4e00-b6c9-875873a8097c,16-07-2025,19:08:46,9879.61,73fbac2f-f86f-4a7b-a823-e6cc4d463459,Debit,Restaurant,33563.4,Biometric ATM,"Surat, Gujarat",Desktop,0,Clean,INR,+91987735XXXXXX,Grocery delivery,pii_email_85401d50a88e
c4bc8c38-1cd3-4acf-819c-248cedab4058,pii_full_name_dc07882ad1d7,Female,70,Gujarat,Surat,Surat Branch,Savings,33725a78-aa78-451a-a891-7541d28f5124,28-07-2025,02:46:45,26364.39,c99de586-52cb-41d2-adfa-79834c48a06f,Withdrawal,Clothing,30703.26,Internet Banking,"Surat, Gujarat",Desktop,1,Money Laundering,INR,+91987735XXXXXX,Gym membership,pii_email_85401d50a88e
c4bc8c38-1cd3-4acf-819c-248cedab4058,pii_full_name_dc07882ad1d7,Female,70,Gujarat,Surat,Surat Branch,Savings,003bbb56-d5c0-4ddf-82ea-4a497b510b2a,08-10-2025,02:00:04,111740.84,84fdd2a1-4a0d-4de7-90b7-661ced394461,Debit,Health,33844.72,Mobile Banking App,"Surat, Gujarat",POS,1,Money Laundering,INR,+91987735XXXXXX,Debt repayment,pii_email_85401d50a88e
c4bc8c38-1cd3-4acf-819c-248cedab4058,pii_full_name_dc07882ad1d7,Female,70,Gujarat,Surat,Surat Branch,Savings,d40f2580-abd4-49c9-8590-6207c84d05c4,11-10-2025,15:03:40,20280.18,f2c6714e-f3cf-4b6d-a0b0-15ef8fe948b7,Bill Payment,Entertainment,41454.99,Video Banking,"Surat, Gujarat",ATM,0,Clean,INR,+91987735XXXXXX,Taxi fare,pii_email_85401d50a88e
c4bc8c38-1cd3-4acf-819c-248cedab4058,pii_full_name_dc07882ad1d7,Female,70,Gujarat,Surat,Surat Branch,Savings,546a4658-40ea-41ac-9995-c6e7f8620b9c,13-10-2025,15:01:16,87754.76,c2769869-5b0e-425a-93f9-e26d058125f0,Transfer,Entertainment,42956.11,Biometric ATM,"Surat, Gujarat",ATM,1,Money Laundering,INR,+91987735XXXXXX,Pharmacy bill,pii_email_85401d50a88e
c4bc8c38-1cd3-4acf-819c-248cedab4058,pii_full_name_dc07882ad1d7,Female,70,Gujarat,Surat,Surat Branch,Savings,2a1fd745-48de-44f5-bf7e-d012c0be76c6,22-10-2025,10:07:24,27504.1,2c8211fc-4e98-4964-ad56-297cc3d74008,Debit,Restaurant,40205.7,UPI,"Surat, Gujarat",POS,0,Clean,INR,+91987735XXXXXX,Taxi fare,pii_email_85401d50a88e
c4bc8c38-1cd3-4acf-819c-248cedab4058,pii_full_name_dc07882ad1d7,Female,70,Gujarat,Surat,Surat Branch,Savings,b8a61e71-204c-43d4-915d-bf71eb38e222,08-12-2025,12:49:30,93952.84,345d74f7-db09-490b-8812-78c9924aa1fe,Credit,Restaurant,40098.54,Chip Card,"Surat, Gujarat",ATM,0,Clean,INR,+91987735XXXXXX,Jewelry purchase,pii_email_85401d50a88e
c4bc8c38-1cd3-4acf-819c-248cedab4058,pii_full_name_dc07882ad1d7,Female,70,Gujarat,Surat,Surat Branch,Savings,503c1495-2c5a-4fe3-806a-929fec04d4f1,30-12-2025,00:29:55,29834.8,3c886d4d-e708-4d0e-9a49-ac090200f24a,Transfer,Electronics,36828.2,Magnetic Strip Card,"Surat, Gujarat",Mobile,0,Clean,INR,+91987735XXXXXX,Flight ticket,pii_email_85401d50a88e
c4c444b0-0958-4cb9-9f2c-5dc6728d6e85,pii_full_name_c53927f3c56a,Male,47,Madhya Pradesh,Gwalior,Gwalior Branch,Savings,6344845e-4ec5-46e2-a4a3-d38ae0ed4d9f,17-01-2025,07:18:39,2329.12,5a7e9f29-7ccc-494a-9fa1-86b9e1feff66,Credit,Clothing,5262.57,POS Mobile Device,"Gwalior, Madhya Pradesh",POS,0,Clean,INR,+91986077XXXXXX,Insurance premium,pii_email_09bf9e7b1d4d
c4c444b0-0958-4cb9-9f2c-5dc6728d6e85,pii_full_name_c53927f3c56a,Male,47,Madhya Pradesh,Gwalior,Gwalior Branch,Savings,0e01a20e-57d3-422b-a52e-acd9c2c64c9e,17-01-2025,21:04:24,69998.02,f5c2e5ba-76e8-4395-b24b-c0337e64abf7,Transfer,Health,43556.24,Magnetic Strip Card,"Gwalior, Madhya Pradesh",Mobile,0,Clean,INR,+91986077XXXXXX,Debt repayment,pii_email_09bf9e7b1d4d
c4c444b0-0958-4cb9-9f2c-5dc6728d6e85,pii_full_name_c53927f3c56a,Male,47,Madhya Pradesh,Gwalior,Gwalior Branch,Savings,ae5dca7f-d25a-48fc-ad61-b92e93c9ac68,04-02-2025,01:15:17,29482.83,30396997-0e8b-474a-b1ff-66cfddd2f0f9,Transfer,Restaurant,8210.85,Contactless Card,"Gwalior, Madhya Pradesh",Mobile,0,Clean,INR,+91986077XXXXXX,Gym membership,pii_email_09bf9e7b1d4d
c4c444b0-0958-4cb9-9f2c-5dc6728d6e85,pii_full_name_c53927f3c56a,Male,47,Madhya Pradesh,Gwalior,Gwalior Branch,Savings,30c58699-a4a9-40fc-8fde-0c012459df1e,14-02-2025,22:12:26,64050.94,327a554d-ffb0-4233-aeef-3f08459f5ed1,Debit,Clothing,5029.66,Branch Counter,"Gwalior, Madhya Pradesh",ATM,0,Clean,INR,+91986077XXXXXX,Flight ticket,pii_email_09bf9e7b1d4d
c4c444b0-0958-4cb9-9f2c-5dc6728d6e85,pii_full_name_c53927f3c56a,Male,47,Madhya Pradesh,Gwalior,Gwalior Branch,Savings,1a7cca7c-b720-4ef9-b7b5-71d1f86abe0f,07-03-2025,11:26:55,72900.52,38e63386-4388-4252-a93a-3eb0ce9a0ab7,Debit,Restaurant,25442.78,Video Banking,"Gwalior, Madhya Pradesh",ATM,0,Clean,INR,+91986077XXXXXX,Gym membership,pii_email_09bf9e7b1d4d
c4c444b0-0958-4cb9-9f2c-5dc6728d6e85,pii_full_name_c53927f3c56a,Male,47,Madhya Pradesh,Gwalior,Gwalior Branch,Savings,7203b27b-7445-4e7e-8c57-1455d2fc681f,20-03-2025,00:24:25,43462.75,e26dda5b-0b17-4c2e-9644-c580cea8adc5,Debit,Clothing,5029.66,QR Code Scanner,"Gwalior, Madhya Pradesh",ATM,0,Clean,INR,+91986077XXXXXX,Restaurant dining,pii_email_09bf9e7b1d4d
c4c444b0-0958-4cb9-9f2c-5dc6728d6e85,pii_full_name_c53927f3c56a,Male,47,Madhya Pradesh,Gwalior,Gwalior Branch,Savings,59e02ab3-fefd-4ebc-b8ab-7f1eb45b1135,10-04-2025,21:28:59,91625.91,59f962ec-3590-49ed-a752-d8204ee4362f,Transfer,Groceries,18308.55,Branch Counter,"Gwalior, Madhya Pradesh",Mobile,0,Clean,INR,+91986077XXXXXX,Hotel booking,pii_email_09bf9e7b1d4d
c4c444b0-0958-4cb9-9f2c-5dc6728d6e85,pii_full_name_c53927f3c56a,Male,47,Madhya Pradesh,Gwalior,Gwalior Branch,Savings,6105dc94-787d-4a9c-abbf-3fa33d4cc443,15-04-2025,10:30:26,87727.74,e04bf32e-e962-43c9-9702-92e8a8d6e9ef,Withdrawal,Restaurant,32732.84,Self-service Banking Machine,"Gwalior, Madhya Pradesh",Desktop,0,Clean,INR,+91986077XXXXXX,Grocery delivery,pii_email_09bf9e7b1d4d
c4c444b0-0958-4cb9-9f2c-5dc6728d6e85,pii_full_name_c53927f3c56a,Male,47,Madhya Pradesh,Gwalior,Gwalior Branch,Savings,36d7e12a-f709-469a-84bb-1f031f6e9726,17-04-2025,13:12:26,20506.34,9f09902f-919a-4962-ba2c-9a456e63f822,Withdrawal,Clothing,41505.61,Debit/Credit Card,"Gwalior, Madhya Pradesh",Desktop,0,Clean,INR,+91986077XXXXXX,Bus ticket,pii_email_09bf9e7b1d4d
c4c444b0-0958-4cb9-9f2c-5dc6728d6e85,pii_full_name_c53927f3c56a,Male,47,Madhya Pradesh,Gwalior,Gwalior Branch,Savings,a9f1fde0-c17b-4176-8abc-4fb65670b093,29-04-2025,13:08:08,82045.12,aff311e3-e890-413c-9e7b-f83d9be18410,Debit,Entertainment,10104.04,Contactless Card,"Gwalior, Madhya Pradesh",Desktop,0,Clean,INR,+91986077XXXXXX,Mutual fund investment,pii_email_09bf9e7b1d4d
c4c444b0-0958-4cb9-9f2c-5dc6728d6e85,pii_full_name_c53927f3c56a,Male,47,Madhya Pradesh,Gwalior,Gwalior Branch,Savings,5a242204-be27-45f4-a3f9-a49c742b7982,09-05-2025,13:35:30,63867.43,a46000de-1e02-46cd-87c8-c3ce4c2af526,Bill Payment,Restaurant,5029.66,Digital Wallet,"Gwalior, Madhya Pradesh",Mobile,0,Clean,INR,+91986077XXXXXX,Hotel booking,pii_email_09bf9e7b1d4d
c4c444b0-0958-4cb9-9f2c-5dc6728d6e85,pii_full_name_c53927f3c56a,Male,47,Madhya Pradesh,Gwalior,Gwalior Branch,Savings,5e8c6a2a-85ac-40c1-ba15-17dc02860c68,01-06-2025,21:21:02,80731.31,727d26ae-0082-488e-bf5a-1c003236ce6f,Withdrawal,Groceries,9145.96,POS Mobile Device,"Gwalior, Madhya Pradesh",POS,0,Clean,INR,+91986077XXXXXX,Utility bill,pii_email_09bf9e7b1d4d
c4c444b0-0958-4cb9-9f2c-5dc6728d6e85,pii_full_name_c53927f3c56a,Male,47,Madhya Pradesh,Gwalior,Gwalior Branch,Savings,840cd76d-98b7-4302-a75a-096a24689be5,27-06-2025,22:02:40,54993.91,a1851ea5-4244-4f94-a604-79c6df66c86b,Transfer,Electronics,10529.05,Video Banking,"Gwalior, Madhya Pradesh",Mobile,0,Clean,INR,+91986077XXXXXX,Utility bill,pii_email_09bf9e7b1d4d
c4c444b0-0958-4cb9-9f2c-5dc6728d6e85,pii_full_name_c53927f3c56a,Male,47,Madhya Pradesh,Gwalior,Gwalior Branch,Savings,0dfe3f91-1d6c-46d7-b243-2f554fc18fc6,12-07-2025,21:10:45,68302.43,43bcd09e-6bf3-4084-adeb-b03d3b2b1250,Bill Payment,Entertainment,5029.66,Debit/Credit Card,"Gwalior, Madhya Pradesh",POS,0,Clean,INR,+91986077XXXXXX,Jewelry purchase,pii_email_09bf9e7b1d4d
c4c444b0-0958-4cb9-9f2c-5dc6728d6e85,pii_full_name_c53927f3c56a,Male,47,Madhya Pradesh,Gwalior,Gwalior Branch,Savings,789fd25f-fb53-4f4d-9381-37e3fb149e54,25-08-2025,19:52:11,39959.92,b6be17b5-2470-49cc-bb82-29d24c735e72,Debit,Clothing,5029.66,Video Banking,"Gwalior, Madhya Pradesh",Mobile,0,Clean,INR,+91986077XXXXXX,Food delivery,pii_email_09bf9e7b1d4d
c4c444b0-0958-4cb9-9f2c-5dc6728d6e85,pii_full_name_c53927f3c56a,Male,47,Madhya Pradesh,Gwalior,Gwalior Branch,Savings,79843d92-8395-4e87-bc39-a3a0e350fe50,31-08-2025,22:25:43,56887.61,5261deb8-9e7f-4b49-8536-a93d9b2a73a5,Withdrawal,Entertainment,5029.66,UPI,"Gwalior, Madhya Pradesh",POS,0,Clean,INR,+91986077XXXXXX,Online shopping,pii_email_09bf9e7b1d4d
c4c444b0-0958-4cb9-9f2c-5dc6728d6e85,pii_full_name_c53927f3c56a,Male,47,Madhya Pradesh,Gwalior,Gwalior Branch,Savings,04cd49dd-974f-48ea-8b2e-3b841493ea62,04-10-2025,11:53:00,25638.86,40ff81dc-4b74-4608-865c-c05ef29fc1a0,Withdrawal,Restaurant,7540.15,Virtual Card,"Gwalior, Madhya Pradesh",POS,0,Clean,INR,+91986077XXXXXX,Utility bill,pii_email_09bf9e7b1d4d
c4c444b0-0958-4cb9-9f2c-5dc6728d6e85,pii_full_name_c53927f3c56a,Male,47,Madhya Pradesh,Gwalior,Gwalior Branch,Savings,77263ff9-10e1-45e7-b75c-0924b0e9846d,07-10-2025,10:38:32,24093.75,a97a15e1-62b2-45e8-8fff-6b46900f7bf3,Bill Payment,Clothing,5029.66,Phone Banking,"Gwalior, Madhya Pradesh",POS,0,Clean,INR,+91986077XXXXXX,Hotel booking,pii_email_09bf9e7b1d4d
c4c444b0-0958-4cb9-9f2c-5dc6728d6e85,pii_full_name_c53927f3c56a,Male,47,Madhya Pradesh,Gwalior,Gwalior Branch,Savings,36e84a9a-403f-45d7-a2de-3324115f3534,23-10-2025,23:13:49,25151.47,a497a45c-f44b-4bd2-a1e9-dcdebd49b571,Transfer,Health,10726.0,Chip Card,"Gwalior, Madhya Pradesh",Mobile,0,Clean,INR,+91986077XXXXXX,Taxi fare,pii_email_09bf9e7b1d4d
c4c444b0-0958-4cb9-9f2c-5dc6728d6e85,pii_full_name_c53927f3c56a,Male,47,Madhya Pradesh,Gwalior,Gwalior Branch,Savings,3b3daac4-49aa-48b3-928d-09b3e9b1c487,28-11-2025,09:07:50,82236.91,000091ee-eb05-4509-bb81-5cd353b16bfb,Bill Payment,Electronics,17219.09,Internet Banking,"Gwalior, Madhya Pradesh",POS,0,Clean,INR,+91986077XXXXXX,Food delivery,pii_email_09bf9e7b1d4d
c4ed0673-11bf-480b-82cb-1834a786b633,pii_full_name_3657aa75c822,Male,42,Uttar Pradesh,Kanpur,Kanpur Branch,Business,27d1b84c-2994-487d-abeb-67f057cd8fc2,02-01-2025,23:30:26,5635.45,aa4d5926-dddb-4026-8a99-bfe5507240d7,Withdrawal,Clothing,26715.49,Digital Wallet,"Kanpur, Uttar Pradesh",Mobile,0,Clean,INR,+91955543XXXXXX,Train ticket,pii_email_dc8c1f05f925
c4ed0673-11bf-480b-82cb-1834a786b633,pii_full_name_3657aa75c822,Male,42,Uttar Pradesh,Kanpur,Kanpur Branch,Business,9e689768-ef14-4aa2-b69c-7da6afdc2ffd,05-02-2025,02:00:49,85475.04,48a3e58b-55f2-4aad-886e-6d9c034c0ff6,Withdrawal,Restaurant,57044.45,POS Mobile App,"Kanpur, Uttar Pradesh",Desktop,0,Clean,INR,+91955543XXXXXX,Gas bill,pii_email_dc8c1f05f925
c4ed0673-11bf-480b-82cb-1834a786b633,pii_full_name_3657aa75c822,Male,42,Uttar Pradesh,Kanpur,Kanpur Branch,Business,ab5919ef-24b0-4594-b6a3-70a1d2a42e16,07-02-2025,02:37:15,66267.92,7f1db3f3-f4c2-4e98-ac2d-5eb7bb19f4a5,Debit,Restaurant,44326.02,Debit/Credit Card,"Kanpur, Uttar Pradesh",POS,0,Clean,INR,+91955543XXXXXX,Food delivery,pii_email_dc8c1f05f925
c4ed0673-11bf-480b-82cb-1834a786b633,pii_full_name_3657aa75c822,Male,42,Uttar Pradesh,Kanpur,Kanpur Branch,Business,bab456af-7ab1-4314-8824-c96110452e12,20-03-2025,05:32:54,11240.25,6f031bb4-be99-49b4-b95c-11d3337da0dd,Credit,Groceries,58168.48,Magnetic Strip Card,"Kanpur, Uttar Pradesh",Desktop,0,Clean,INR,+91955543XXXXXX,Online shopping,pii_email_dc8c1f05f925
c4ed0673-11bf-480b-82cb-1834a786b633,pii_full_name_3657aa75c822,Male,42,Uttar Pradesh,Kanpur,Kanpur Branch,Business,5cdd1f05-c038-494e-8168-05bff67a0138,05-04-2025,08:29:21,90402.72,6d4e4159-80d1-42df-b3de-f869ec4e091f,Bill Payment,Entertainment,34409.59,Self-service Banking Machine,"Kanpur, Uttar Pradesh",Desktop,0,Clean,INR,+91955543XXXXXX,Salary credit,pii_email_dc8c1f05f925
c4ed0673-11bf-480b-82cb-1834a786b633,pii_full_name_3657aa75c822,Male,42,Uttar Pradesh,Kanpur,Kanpur Branch,Business,6348d824-7a0b-4b6c-a185-15b744fb58a3,25-04-2025,20:29:02,89665.63,345d76fe-d8c1-46b4-992f-f6274eef9e43,Bill Payment,Restaurant,36635.64,Mobile Banking App,"Kanpur, Uttar Pradesh",Desktop,0,Clean,INR,+91955543XXXXXX,Online shopping,pii_email_dc8c1f05f925
c4ed0673-11bf-480b-82cb-1834a786b633,pii_full_name_3657aa75c822,Male,42,Uttar Pradesh,Kanpur,Kanpur Branch,Business,247eb5bb-7e79-438a-b3cc-da54889f2c85,07-05-2025,04:28:34,68142.16,faa2faca-2944-40f2-a2a0-ba7eecba539d,Credit,Electronics,43449.86,Self-service Banking Machine,"Kanpur, Uttar Pradesh",Desktop,0,Clean,INR,+91955543XXXXXX,Train ticket,pii_email_dc8c1f05f925
c4ed0673-11bf-480b-82cb-1834a786b633,pii_full_name_3657aa75c822,Male,42,Uttar Pradesh,Kanpur,Kanpur Branch,Business,018dbc3c-aa2f-44e7-a945-b09766c11676,24-08-2025,12:29:43,72156.61,b30455e7-938c-4a46-9799-1b0e5929cc86,Debit,Health,50952.82,Debit/Credit Card,"Kanpur, Uttar Pradesh",Desktop,0,Clean,INR,+91955543XXXXXX,Cash withdrawal,pii_email_dc8c1f05f925
c4ed0673-11bf-480b-82cb-1834a786b633,pii_full_name_3657aa75c822,Male,42,Uttar Pradesh,Kanpur,Kanpur Branch,Business,0bd3624a-9fc3-4ae9-bc55-cc04a0f5ff54,01-09-2025,06:03:28,12761.81,6e9ba59b-e8d3-4390-bbf0-9962b8add7e3,Transfer,Entertainment,45602.2,Phone Banking,"Kanpur, Uttar Pradesh",ATM,0,Clean,INR,+91955543XXXXXX,Debt repayment,pii_email_dc8c1f05f925
c4ed0673-11bf-480b-82cb-1834a786b633,pii_full_name_3657aa75c822,Male,42,Uttar Pradesh,Kanpur,Kanpur Branch,Business,a2d459e6-f51d-4373-bcba-c8d95fb5ce7b,09-12-2025,12:42:28,40704.89,786253b5-4c7c-4b27-934f-d454bf0f6b1a,Withdrawal,Clothing,65591.96,Branch Counter,"Kanpur, Uttar Pradesh",POS,0,Clean,INR,+91955543XXXXXX,Gas bill,pii_email_dc8c1f05f925
c4ed0673-11bf-480b-82cb-1834a786b633,pii_full_name_3657aa75c822,Male,42,Uttar Pradesh,Kanpur,Kanpur Branch,Business,a3cdc6f4-fa22-4fd9-9a01-cc8537cd04b1,09-12-2025,17:19:24,71305.53,f9c00cc6-3bdd-4d82-acad-87ef5e4ffb54,Withdrawal,Restaurant,27279.03,Branch Counter,"Kanpur, Uttar Pradesh",Desktop,0,Clean,INR,+91955543XXXXXX,Salary credit,pii_email_dc8c1f05f925
c51ad099-e0cd-48f6-b256-8ff86a2197dd,pii_full_name_9de66e60f483,Male,51,Tamil Nadu,Chennai,Chennai Branch,Business,f7dc484d-f337-4f6e-96ed-e8030e202b9a,23-01-2025,04:46:07,26299.33,f551e781-0213-43b2-9b39-4109c7867842,Credit,Entertainment,36524.12,POS Mobile App,"Chennai, Tamil Nadu",POS,0,Clean,INR,+91924388XXXXXX,EMI payment,pii_email_f992874b0388
c51ad099-e0cd-48f6-b256-8ff86a2197dd,pii_full_name_9de66e60f483,Male,51,Tamil Nadu,Chennai,Chennai Branch,Business,85795374-94cc-40b1-96cb-fe5df5e725b5,29-03-2025,10:40:54,79065.49,dbab0a40-beff-4608-995f-43931d7a74c1,Credit,Entertainment,52754.92,ATM Booth Kiosk,"Chennai, Tamil Nadu",POS,0,Clean,INR,+91924388XXXXXX,Cash withdrawal,pii_email_f992874b0388
c51ad099-e0cd-48f6-b256-8ff86a2197dd,pii_full_name_9de66e60f483,Male,51,Tamil Nadu,Chennai,Chennai Branch,Business,13015180-428c-4968-b670-f0e7d5ff474d,06-05-2025,16:55:49,83242.47,aebf3fa7-36b1-4b45-bc50-3d1b0d3de363,Transfer,Groceries,44848.37,Debit/Credit Card,"Chennai, Tamil Nadu",Mobile,0,Clean,INR,+91924388XXXXXX,Jewelry purchase,pii_email_f992874b0388
c51ad099-e0cd-48f6-b256-8ff86a2197dd,pii_full_name_9de66e60f483,Male,51,Tamil Nadu,Chennai,Chennai Branch,Business,e9f21a4f-5777-4a75-9030-e0802f01accd,17-05-2025,22:13:10,1957.23,218467ab-46ea-451c-a818-21a4ecef96c8,Debit,Restaurant,36823.5,POS Mobile App,"Chennai, Tamil Nadu",Desktop,0,Clean,INR,+91924388XXXXXX,Debt repayment,pii_email_f992874b0388
c51ad099-e0cd-48f6-b256-8ff86a2197dd,pii_full_name_9de66e60f483,Male,51,Tamil Nadu,Chennai,Chennai Branch,Business,fa9eff1e-d534-42d0-9880-003b38087595,02-06-2025,09:28:57,62063.79,a811447d-5e8e-4e44-9889-6301ce87dbe4,Transfer,Health,33894.19,QR Code Scanner,"Chennai, Tamil Nadu",Mobile,0,Clean,INR,+91924388XXXXXX,Taxi fare,pii_email_f992874b0388
c51ad099-e0cd-48f6-b256-8ff86a2197dd,pii_full_name_9de66e60f483,Male,51,Tamil Nadu,Chennai,Chennai Branch,Business,823bf249-5f4d-4e11-836f-2bafc489c35a,31-08-2025,05:27:25,34485.47,d37abe92-ba41-4c78-b646-b214979536cc,Withdrawal,Restaurant,33374.95,ATM,"Chennai, Tamil Nadu",POS,0,Clean,INR,+91924388XXXXXX,Online shopping,pii_email_f992874b0388
c51ad099-e0cd-48f6-b256-8ff86a2197dd,pii_full_name_9de66e60f483,Male,51,Tamil Nadu,Chennai,Chennai Branch,Business,bbc35ecd-c071-4c56-8ccf-351fc632891e,02-11-2025,16:46:51,58710.03,5afe325d-f27d-400f-8b92-84926c44bfea,Transfer,Health,58625.92,Virtual Card,"Chennai, Tamil Nadu",ATM,0,Clean,INR,+91924388XXXXXX,Bitcoin transaction,pii_email_f992874b0388
c51ad099-e0cd-48f6-b256-8ff86a2197dd,pii_full_name_9de66e60f483,Male,51,Tamil Nadu,Chennai,Chennai Branch,Business,f67c7572-2535-4a29-b757-cb0e1fb4876f,05-12-2025,09:57:56,56871.41,99c416da-9b32-4139-ab40-3e05f1d7555d,Withdrawal,Health,27687.81,Internet Banking,"Chennai, Tamil Nadu",Mobile,0,Clean,INR,+91924388XXXXXX,Grocery delivery,pii_email_f992874b0388
c6a54e89-4239-4ace-8afa-14631ca8a2f1,pii_full_name_3045b0f09c5a,Female,70,Punjab,Jalandhar,Jalandhar Branch,Business,58c9ac99-3edf-4f84-998c-e5912f01dadc,01-01-2025,16:45:14,23712.13,292b975f-d996-47b1-b8b7-778790a763d7,Credit,Entertainment,67205.17,Biometric ATM,"Jalandhar, Punjab",Desktop,0,Clean,INR,+91971268XXXXXX,Bitcoin transaction,pii_email_662496d1829b
c6a54e89-4239-4ace-8afa-14631ca8a2f1,pii_full_name_3045b0f09c5a,Female,70,Punjab,Jalandhar,Jalandhar Branch,Business,ae8cc6a3-c209-4164-bbeb-1c9849d7c6b4,30-03-2025,20:33:25,31112.34,6a87bdbf-1140-4684-ba97-b90fe391a84a,Transfer,Health,46876.67,Branch Counter,"Jalandhar, Punjab",POS,0,Clean,INR,+91971268XXXXXX,Restaurant dining,pii_email_662496d1829b
c6a54e89-4239-4ace-8afa-14631ca8a2f1,pii_full_name_3045b0f09c5a,Female,70,Punjab,Jalandhar,Jalandhar Branch,Business,c072e5e9-a62f-4d28-bf89-c1a199529b4b,10-05-2025,05:01:02,29157.74,74fcf9aa-c499-4edf-ab95-3cdddc4138f2,Bill Payment,Groceries,64833.96,POS Mobile App,"Jalandhar, Punjab",ATM,0,Clean,INR,+91971268XXXXXX,Taxi fare,pii_email_662496d1829b
c6a54e89-4239-4ace-8afa-14631ca8a2f1,pii_full_name_3045b0f09c5a,Female,70,Punjab,Jalandhar,Jalandhar Branch,Business,7d402c26-4e71-4190-8e85-9d07878fa059,29-05-2025,12:12:52,74001.35,5f5a0061-373b-4748-8698-881211aaf6f9,Withdrawal,Health,49931.72,POS Mobile App,"Jalandhar, Punjab",ATM,0,Clean,INR,+91971268XXXXXX,Food delivery,pii_email_662496d1829b
c6a54e89-4239-4ace-8afa-14631ca8a2f1,pii_full_name_3045b0f09c5a,Female,70,Punjab,Jalandhar,Jalandhar Branch,Business,edf8dc96-bced-4e26-97ea-0ae3ec816a68,08-07-2025,04:19:51,56320.42,f10b37be-9138-41cf-a9c7-78c2adb9906c,Transfer,Entertainment,52508.71,POS Mobile Device,"Jalandhar, Punjab",Desktop,1,Clean,INR,+91971268XXXXXX,Grocery delivery,pii_email_662496d1829b
c6a54e89-4239-4ace-8afa-14631ca8a2f1,pii_full_name_3045b0f09c5a,Female,70,Punjab,Jalandhar,Jalandhar Branch,Business,ee06f5ff-bee6-4190-bd29-a91af792f456,22-07-2025,03:24:19,58485.64,96ad2f05-1d43-40f0-9236-92dcb5b72ebf,Bill Payment,Clothing,44083.16,ATM,"Jalandhar, Punjab",Mobile,0,Clean,INR,+91971268XXXXXX,Food delivery,pii_email_662496d1829b
c6a54e89-4239-4ace-8afa-14631ca8a2f1,pii_full_name_3045b0f09c5a,Female,70,Punjab,Jalandhar,Jalandhar Branch,Business,03969c65-7058-432c-ac41-6f62256f3670,04-08-2025,19:08:57,2742.03,ee924e00-7304-4760-bd5b-392ccb795257,Credit,Electronics,67749.73,Voice Assistant,"Jalandhar, Punjab",ATM,0,Clean,INR,+91971268XXXXXX,Bitcoin transaction,pii_email_662496d1829b
c6a54e89-4239-4ace-8afa-14631ca8a2f1,pii_full_name_3045b0f09c5a,Female,70,Punjab,Jalandhar,Jalandhar Branch,Business,2cc15741-b09f-4e56-8d03-f0b8056ff3e7,20-09-2025,11:39:49,98733.14,28ae53f3-13e9-4580-904b-d281e6edfd35,Withdrawal,Electronics,57331.86,ATM,"Jalandhar, Punjab",Mobile,0,Clean,INR,+91971268XXXXXX,Bitcoin transaction,pii_email_662496d1829b
c6a54e89-4239-4ace-8afa-14631ca8a2f1,pii_full_name_3045b0f09c5a,Female,70,Punjab,Jalandhar,Jalandhar Branch,Business,1d0de25d-9a36-4704-a5ab-927bd9beefce,31-10-2025,18:51:20,3177.19,57c7878b-6662-4500-8389-38a7237d8853,Debit,Clothing,43765.44,POS Mobile App,"Jalandhar, Punjab",Mobile,0,Clean,INR,+91971268XXXXXX,Grocery delivery,pii_email_662496d1829b
c869b217-2bc3-46c0-9480-b654dd0a674f,pii_full_name_c9d489b2ed73,Female,68,Madhya Pradesh,Gwalior,Gwalior Branch,Checking,fb388fe4-bfd7-409b-90e4-a1a733e1f3e9,08-01-2025,06:42:42,26935.4,5bceb06e-5d60-4423-a42e-0ad9b7282bb5,Debit,Groceries,17384.24,ATM Booth Kiosk,"Gwalior, Madhya Pradesh",Desktop,0,Clean,INR,+91975310XXXXXX,Bus ticket,pii_email_1784dcf752af
c869b217-2bc3-46c0-9480-b654dd0a674f,pii_full_name_c9d489b2ed73,Female,68,Madhya Pradesh,Gwalior,Gwalior Branch,Checking,7a488cc9-ca20-4f6d-acba-e2b80465eca2,19-01-2025,11:26:36,5090.2,13986229-aa61-4ac3-a53d-ac5bde1bd291,Debit,Groceries,26072.25,Digital Wallet,"Gwalior, Madhya Pradesh",Desktop,0,Clean,INR,+91975310XXXXXX,Bitcoin transaction,pii_email_1784dcf752af
c869b217-2bc3-46c0-9480-b654dd0a674f,pii_full_name_c9d489b2ed73,Female,68,Madhya Pradesh,Gwalior,Gwalior Branch,Checking,42d10365-e7fa-4741-be59-355f5317aac6,09-03-2025,06:10:13,29361.39,f3b82f73-14fa-4f45-bbaa-97b64cd71838,Credit,Entertainment,26581.27,POS Mobile App,"Gwalior, Madhya Pradesh",Mobile,0,Clean,INR,+91975310XXXXXX,Flight ticket,pii_email_1784dcf752af
c869b217-2bc3-46c0-9480-b654dd0a674f,pii_full_name_c9d489b2ed73,Female,68,Madhya Pradesh,Gwalior,Gwalior Branch,Checking,df442355-95ba-46d7-a6e3-a0f78cab9578,12-04-2025,16:07:18,70562.06,d59753fa-0517-4f83-8577-d74b6663f948,Debit,Entertainment,10328.04,POS Mobile App,"Gwalior, Madhya Pradesh",Mobile,0,Clean,INR,+91975310XXXXXX,Restaurant dining,pii_email_1784dcf752af
c869b217-2bc3-46c0-9480-b654dd0a674f,pii_full_name_c9d489b2ed73,Female,68,Madhya Pradesh,Gwalior,Gwalior Branch,Checking,ac44d8d0-f188-4a01-837a-4943bf0d294a,20-06-2025,02:12:29,45738.75,276aa8e4-31c5-4777-a137-d723af7329b3,Bill Payment,Clothing,5754.16,Chip Card,"Gwalior, Madhya Pradesh",POS,0,Clean,INR,+91975310XXXXXX,Taxi fare,pii_email_1784dcf752af
c869b217-2bc3-46c0-9480-b654dd0a674f,pii_full_name_c9d489b2ed73,Female,68,Madhya Pradesh,Gwalior,Gwalior Branch,Checking,aab6c772-9107-4890-9a40-8f2233f9987e,15-08-2025,04:40:55,35455.26,ebcdf83a-708d-4ccd-9ff2-d3a209e9440b,Withdrawal,Restaurant,5029.66,Internet Banking,"Gwalior, Madhya Pradesh",POS,0,Clean,INR,+91975310XXXXXX,Online shopping,pii_email_1784dcf752af
c869b217-2bc3-46c0-9480-b654dd0a674f,pii_full_name_c9d489b2ed73,Female,68,Madhya Pradesh,Gwalior,Gwalior Branch,Checking,c5817612-94c1-4895-a4a5-4ec41be227bc,01-10-2025,22:32:51,28685.45,601a21f6-ed79-44b1-b3d3-d5c3ea63fe0c,Debit,Restaurant,23203.7,Magnetic Strip Card,"Gwalior, Madhya Pradesh",Desktop,0,Clean,INR,+91975310XXXXXX,Cash withdrawal,pii_email_1784dcf752af
c869b217-2bc3-46c0-9480-b654dd0a674f,pii_full_name_c9d489b2ed73,Female,68,Madhya Pradesh,Gwalior,Gwalior Branch,Checking,4d238ae9-09fb-4b71-876e-2583ee3761a3,13-10-2025,04:43:38,5416.31,8f1c8ad7-d72a-4aec-a13e-df6e2dd385e9,Bill Payment,Clothing,5212.53,Virtual Card,"Gwalior, Madhya Pradesh",POS,0,Clean,INR,+91975310XXXXXX,Taxi fare,pii_email_1784dcf752af
c869b217-2bc3-46c0-9480-b654dd0a674f,pii_full_name_c9d489b2ed73,Female,68,Madhya Pradesh,Gwalior,Gwalior Branch,Checking,69ab10ed-6149-40b5-b0e7-64bb32d34aa3,19-10-2025,09:54:13,25858.2,064dd754-7739-4b2b-923b-8679497a36b5,Withdrawal,Clothing,20077.78,POS Mobile Device,"Gwalior, Madhya Pradesh",Mobile,0,Clean,INR,+91975310XXXXXX,Insurance premium,pii_email_1784dcf752af
c869b217-2bc3-46c0-9480-b654dd0a674f,pii_full_name_c9d489b2ed73,Female,68,Madhya Pradesh,Gwalior,Gwalior Branch,Checking,f0140de8-f61b-4913-8c06-a69ee946d41a,03-12-2025,00:10:38,12872.7,0f522a33-daa5-4a8c-a70f-0e4229039ba8,Credit,Clothing,22663.6,Biometric ATM,"Gwalior, Madhya Pradesh",ATM,1,Clean,INR,+91975310XXXXXX,Gym membership,pii_email_1784dcf752af
c869b217-2bc3-46c0-9480-b654dd0a674f,pii_full_name_c9d489b2ed73,Female,68,Madhya Pradesh,Gwalior,Gwalior Branch,Checking,ebf259a8-2e21-4681-9e00-411da02f9cb2,09-12-2025,10:49:59,18273.7,befff427-a514-4e4d-9801-daede3f232d5,Bill Payment,Restaurant,21376.34,Virtual Card,"Gwalior, Madhya Pradesh",POS,0,Clean,INR,+91975310XXXXXX,Pharmacy bill,pii_email_1784dcf752af
c869b217-2bc3-46c0-9480-b654dd0a674f,pii_full_name_c9d489b2ed73,Female,68,Madhya Pradesh,Gwalior,Gwalior Branch,Checking,715649b5-dccd-4796-9e43-5cd29bb22eb6,24-12-2025,23:21:35,15167.11,1c2888c8-5632-4a93-a884-e45db88028ac,Transfer,Health,23645.13,Video Banking,"Gwalior, Madhya Pradesh",Desktop,0,Clean,INR,+91975310XXXXXX,Debt repayment,pii_email_1784dcf752af
ca3bc512-7bad-4c2e-929f-21bfbd5430b8,pii_full_name_83dc2b52feed,Female,23,Karnataka,Bangalore,Bangalore Branch,Checking,f2b397ff-d71b-4342-b947-3f92007dd6e5,17-01-2025,17:30:49,57009.14,45ee1f95-d9df-49a9-95fa-10e1e6616648,Debit,Restaurant,5029.66,POS Mobile Device,"Bangalore, Karnataka",POS,0,Clean,INR,+91951949XXXXXX,Gym membership,pii_email_c5041ab9bfa9
ca3bc512-7bad-4c2e-929f-21bfbd5430b8,pii_full_name_83dc2b52feed,Female,23,Karnataka,Bangalore,Bangalore Branch,Checking,807ad219-5e0f-44b0-8981-680ccd130b65,26-01-2025,06:36:07,61767.88,d975551e-d97a-47a2-a9b8-1653a0acb230,Withdrawal,Health,19572.38,Debit/Credit Card,"Bangalore, Karnataka",Desktop,0,Clean,INR,+91951949XXXXXX,Jewelry purchase,pii_email_c5041ab9bfa9
ca3bc512-7bad-4c2e-929f-21bfbd5430b8,pii_full_name_83dc2b52feed,Female,23,Karnataka,Bangalore,Bangalore Branch,Checking,a8badac2-64df-416a-8e96-e27baaf6faa5,17-02-2025,17:26:19,98119.09,0cd9aea0-40df-496c-a172-077e9faa3816,Credit,Health,20594.16,Branch Counter,"Bangalore, Karnataka",POS,0,Clean,INR,+91951949XXXXXX,Insurance premium,pii_email_c5041ab9bfa9
ca3bc512-7bad-4c2e-929f-21bfbd5430b8,pii_full_name_83dc2b52feed,Female,23,Karnataka,Bangalore,Bangalore Branch,Checking,c6435d18-6dc6-41de-b777-c455244cb342,20-02-2025,22:32:20,679.94,155001b8-6af9-48e7-baab-96d1b43b728c,Transfer,Groceries,10979.79,Chip Card,"Bangalore, Karnataka",ATM,0,Clean,INR,+91951949XXXXXX,Taxi fare,pii_email_c5041ab9bfa9
ca3bc512-7bad-4c2e-929f-21bfbd5430b8,pii_full_name_83dc2b52feed,Female,23,Karnataka,Bangalore,Bangalore Branch,Checking,44edb4c5-07d8-4a76-bc86-90b2b321b4eb,07-03-2025,15:06:18,69535.21,de02c2d2-9592-4452-856e-004bcad29a5c,Transfer,Entertainment,27547.68,Biometric ATM,"Bangalore, Karnataka",Desktop,0,Clean,INR,+91951949XXXXXX,Mobile recharge,pii_email_c5041ab9bfa9
ca3bc512-7bad-4c2e-929f-21bfbd5430b8,pii_full_name_83dc2b52feed,Female,23,Karnataka,Bangalore,Bangalore Branch,Checking,d8588ab1-8706-44a5-bcac-884a245c69be,20-03-2025,19:33:28,88647.85,8fa98ecc-1a1a-4472-b90c-48001ba30ff4,Bill Payment,Clothing,10911.79,Biometric ATM,"Bangalore, Karnataka",POS,0,Clean,INR,+91951949XXXXXX,Insurance premium,pii_email_c5041ab9bfa9
ca3bc512-7bad-4c2e-929f-21bfbd5430b8,pii_full_name_83dc2b52feed,Female,23,Karnataka,Bangalore,Bangalore Branch,Checking,36ad65b2-597b-4ee6-98a0-cc4f86be3368,14-05-2025,01:00:34,93805.77,40ce343b-6fd0-44ea-b085-7e53886d88e4,Withdrawal,Groceries,5029.66,Phone Banking,"Bangalore, Karnataka",Desktop,0,Clean,INR,+91951949XXXXXX,Train ticket,pii_email_c5041ab9bfa9
ca3bc512-7bad-4c2e-929f-21bfbd5430b8,pii_full_name_83dc2b52feed,Female,23,Karnataka,Bangalore,Bangalore Branch,Checking,7d16bcec-5dda-4ea3-a268-5e2658429a39,16-05-2025,00:09:33,3298.59,c48b83a5-d34b-4bee-abaa-500238895f11,Transfer,Health,13421.07,Mobile Banking App,"Bangalore, Karnataka",Mobile,0,Clean,INR,+91951949XXXXXX,Gas bill,pii_email_c5041ab9bfa9
ca3bc512-7bad-4c2e-929f-21bfbd5430b8,pii_full_name_83dc2b52feed,Female,23,Karnataka,Bangalore,Bangalore Branch,Checking,975da2ae-1d4f-42a4-ba38-038b32555669,18-06-2025,07:38:21,11177.13,5284ef59-7db0-4d40-830f-f47926e8be17,Withdrawal,Electronics,5029.66,ATM Booth Kiosk,"Bangalore, Karnataka",POS,0,Clean,INR,+91951949XXXXXX,Hotel booking,pii_email_c5041ab9bfa9
ca3bc512-7bad-4c2e-929f-21bfbd5430b8,pii_full_name_83dc2b52feed,Female,23,Karnataka,Bangalore,Bangalore Branch,Checking,95bdea23-2cee-444a-bc6e-073d8c4e4e52,22-06-2025,23:10:12,17985.19,e718edc1-776b-4170-ad5a-e52d21cbefbe,Withdrawal,Restaurant,25749.17,Branch Counter,"Bangalore, Karnataka",POS,0,Clean,INR,+91951949XXXXXX,Bus ticket,pii_email_c5041ab9bfa9
ca3bc512-7bad-4c2e-929f-21bfbd5430b8,pii_full_name_83dc2b52feed,Female,23,Karnataka,Bangalore,Bangalore Branch,Checking,98e4e7dd-fba2-42cb-a8dc-c3ee8c713051,18-07-2025,08:35:22,95323.96,83b19d33-6beb-4c4a-a491-893059709a31,Credit,Health,14562.06,Self-service Banking Machine,"Bangalore, Karnataka",POS,0,Clean,INR,+91951949XXXXXX,Jewelry purchase,pii_email_c5041ab9bfa9
ca3bc512-7bad-4c2e-929f-21bfbd5430b8,pii_full_name_83dc2b52feed,Female,23,Karnataka,Bangalore,Bangalore Branch,Checking,89592dd3-7b92-4c8f-b299-30fa17c8fa0f,07-08-2025,04:14:22,23670.08,03c8227b-5ce9-40cb-81bc-49efa517f0dc,Withdrawal,Clothing,10782.25,Biometric ATM,"Bangalore, Karnataka",POS,0,Clean,INR,+91951949XXXXXX,EMI payment,pii_email_c5041ab9bfa9
ca3bc512-7bad-4c2e-929f-21bfbd5430b8,pii_full_name_83dc2b52feed,Female,23,Karnataka,Bangalore,Bangalore Branch,Checking,61f31961-19e9-48cd-b2bc-06cf099582d6,07-08-2025,16:50:35,2042.01,53a45cfe-c86b-44e8-87c0-50f58dffce5f,Credit,Restaurant,19776.58,Mobile Banking App,"Bangalore, Karnataka",Mobile,0,Clean,INR,+91951949XXXXXX,Mobile recharge,pii_email_c5041ab9bfa9
ca3bc512-7bad-4c2e-929f-21bfbd5430b8,pii_full_name_83dc2b52feed,Female,23,Karnataka,Bangalore,Bangalore Branch,Checking,4fa0e9ba-e401-4637-b2a2-c2fa46fd95f8,01-09-2025,00:24:25,5606.91,30b1f579-2fca-4624-a9f2-f039b3d9f16e,Debit,Electronics,13149.26,POS Mobile Device,"Bangalore, Karnataka",ATM,0,Clean,INR,+91951949XXXXXX,Salary credit,pii_email_c5041ab9bfa9
ca3bc512-7bad-4c2e-929f-21bfbd5430b8,pii_full_name_83dc2b52feed,Female,23,Karnataka,Bangalore,Bangalore Branch,Checking,d69931e4-fb23-4ee8-aec3-b82554827582,15-09-2025,03:44:12,21114.2,e4759ffc-0738-4701-825d-c88ad47d0f74,Transfer,Electronics,13091.21,Voice Assistant,"Bangalore, Karnataka",Desktop,0,Clean,INR,+91951949XXXXXX,Utility bill,pii_email_c5041ab9bfa9
ca3bc512-7bad-4c2e-929f-21bfbd5430b8,pii_full_name_83dc2b52feed,Female,23,Karnataka,Bangalore,Bangalore Branch,Checking,f58b8125-6ee9-44c6-b4fe-5331b4bc3844,02-10-2025,08:58:50,8521.03,9526f9c1-a15a-4fdf-bad0-77da8d9c4f02,Debit,Health,13709.95,UPI,"Bangalore, Karnataka",POS,0,Clean,INR,+91951949XXXXXX,Grocery delivery,pii_email_c5041ab9bfa9
ca3bc512-7bad-4c2e-929f-21bfbd5430b8,pii_full_name_83dc2b52feed,Female,23,Karnataka,Bangalore,Bangalore Branch,Checking,088c63ec-a0f4-4919-8c0c-d87233c1e9a6,08-10-2025,11:56:38,26812.17,6ae85ee0-3481-4c18-b665-961a3410f726,Withdrawal,Groceries,5029.66,ATM,"Bangalore, Karnataka",Mobile,0,Clean,INR,+91951949XXXXXX,Mutual fund investment,pii_email_c5041ab9bfa9
ca3bc512-7bad-4c2e-929f-21bfbd5430b8,pii_full_name_83dc2b52feed,Female,23,Karnataka,Bangalore,Bangalore Branch,Checking,3945102b-6657-4856-ae59-54324a7c942e,05-12-2025,05:49:20,6277.83,8b04afd8-8e9f-41b6-b472-0aa2d1b6aee4,Debit,Clothing,5029.66,Video Banking,"Bangalore, Karnataka",ATM,0,Clean,INR,+91951949XXXXXX,Hotel booking,pii_email_c5041ab9bfa9
cb0aaefc-4dfa-4461-b4b7-a47f447da6ec,pii_full_name_adcf62bf6409,Male,52,Gujarat,Surat,Surat Branch,Business,e703ac55-f5ef-40e3-8ce2-b9f3ed4e8720,13-02-2025,14:33:22,87562.07,28eeea03-3956-4721-a0f4-58df13b78c7a,Debit,Groceries,85112.2,Magnetic Strip Card,"Surat, Gujarat",Mobile,0,Clean,INR,+91928047XXXXXX,Bitcoin transaction,pii_email_f5131b1627f0
cb0aaefc-4dfa-4461-b4b7-a47f447da6ec,pii_full_name_adcf62bf6409,Male,52,Gujarat,Surat,Surat Branch,Business,cd3cf676-28a4-4535-9e30-2ac827bcce50,21-02-2025,11:00:54,21640.46,ddce097b-4c7d-4a57-a709-82508b23bd5f,Debit,Entertainment,69429.4,Internet Banking,"Surat, Gujarat",POS,0,Clean,INR,+91928047XXXXXX,Train ticket,pii_email_f5131b1627f0
cb0aaefc-4dfa-4461-b4b7-a47f447da6ec,pii_full_name_adcf62bf6409,Male,52,Gujarat,Surat,Surat Branch,Business,d11d263b-12d8-4485-89bb-6a2b4186d513,07-03-2025,02:57:20,42584.31,2e036a2e-f2fd-47e3-a72e-40f2483d56ef,Debit,Restaurant,80853.77,ATM,"Surat, Gujarat",ATM,0,Clean,INR,+91928047XXXXXX,Flight ticket,pii_email_f5131b1627f0
cb0aaefc-4dfa-4461-b4b7-a47f447da6ec,pii_full_name_adcf62bf6409,Male,52,Gujarat,Surat,Surat Branch,Business,10174695-d9a1-4993-957b-aba77120db26,19-03-2025,12:05:34,21935.16,215a9f93-a7f1-49d9-a265-e4c6440baf07,Credit,Clothing,62754.94,QR Code Scanner,"Surat, Gujarat",Desktop,0,Clean,INR,+91928047XXXXXX,Movie tickets,pii_email_f5131b1627f0
cb0aaefc-4dfa-4461-b4b7-a47f447da6ec,pii_full_name_adcf62bf6409,Male,52,Gujarat,Surat,Surat Branch,Business,9e07884b-8ae8-4303-bfd9-5ccd8ccc5eb7,23-05-2025,13:51:14,42968.8,7739ad34-d0c4-4e30-a10c-fe69705b2c89,Transfer,Restaurant,85150.65,Biometric ATM,"Surat, Gujarat",ATM,0,Clean,INR,+91928047XXXXXX,Utility bill,pii_email_f5131b1627f0
cb0aaefc-4dfa-4461-b4b7-a47f447da6ec,pii_full_name_adcf62bf6409,Male,52,Gujarat,Surat,Surat Branch,Business,06363eb9-457c-404a-a268-857fe4c328f1,12-06-2025,05:04:21,7622.5,4fb620d8-5118-4fec-b1e6-8eee378b299f,Bill Payment,Entertainment,61992.69,Branch Counter,"Surat, Gujarat",Desktop,0,Clean,INR,+91928047XXXXXX,Taxi fare,pii_email_f5131b1627f0
cb0aaefc-4dfa-4461-b4b7-a47f447da6ec,pii_full_name_adcf62bf6409,Male,52,Gujarat,Surat,Surat Branch,Business,9f729f05-d8ef-494a-aa45-f0bd5efcc55e,24-07-2025,07:53:27,97354.48,5498ecf7-3dcd-44d8-a142-612259269dc9,Credit,Groceries,71593.45,Chip Card,"Surat, Gujarat",Mobile,1,Clean,INR,+91928047XXXXXX,Grocery delivery,pii_email_f5131b1627f0
cb0aaefc-4dfa-4461-b4b7-a47f447da6ec,pii_full_name_adcf62bf6409,Male,52,Gujarat,Surat,Surat Branch,Business,cdf2855f-903c-4111-a001-328e9ec1a26b,30-10-2025,22:03:26,92208.75,da25070c-05ab-4562-bed2-b97a5f717ddf,Debit,Entertainment,75929.77,Self-service Banking Machine,"Surat, Gujarat",ATM,0,Clean,INR,+91928047XXXXXX,Jewelry purchase,pii_email_f5131b1627f0
cb0aaefc-4dfa-4461-b4b7-a47f447da6ec,pii_full_name_adcf62bf6409,Male,52,Gujarat,Surat,Surat Branch,Business,a1c5f764-f456-4c96-8cad-a9062d162c35,01-12-2025,16:21:37,88679.75,6e258c74-f692-4e1e-bf24-723c7ec06a4c,Withdrawal,Restaurant,60561.43,QR Code Scanner,"Surat, Gujarat",POS,0,Clean,INR,+91928047XXXXXX,Movie tickets,pii_email_f5131b1627f0
cb0aaefc-4dfa-4461-b4b7-a47f447da6ec,pii_full_name_adcf62bf6409,Male,52,Gujarat,Surat,Surat Branch,Business,f209e7bf-48bf-4d3f-b3a1-006a252d71b3,11-12-2025,19:48:07,81820.43,ae7caeff-1157-4ecf-b6ab-9099cad41c75,Withdrawal,Restaurant,67747.73,POS Mobile App,"Surat, Gujarat",ATM,0,Clean,INR,+91928047XXXXXX,Electricity bill,pii_email_f5131b1627f0
cb0aaefc-4dfa-4461-b4b7-a47f447da6ec,pii_full_name_adcf62bf6409,Male,52,Gujarat,Surat,Surat Branch,Business,238dff05-6cfb-4cf8-8e61-974289f268dc,24-12-2025,04:08:58,58897.32,747800fd-5ea6-4a7c-a527-cf6ffd298caa,Withdrawal,Restaurant,61858.0,Digital Wallet,"Surat, Gujarat",ATM,0,Clean,INR,+91928047XXXXXX,Mobile recharge,pii_email_f5131b1627f0
cb0aaefc-4dfa-4461-b4b7-a47f447da6ec,pii_full_name_adcf62bf6409,Male,52,Gujarat,Surat,Surat Branch,Business,7909c914-2c8e-43d2-8df8-19d7f9c44893,26-12-2025,09:18:02,29160.03,fa2a2dd2-e080-4073-aae1-9438c1b12778,Transfer,Groceries,93868.41,Self-service Banking Machine,"Surat, Gujarat",Desktop,0,Clean,INR,+91928047XXXXXX,Mobile recharge,pii_email_f5131b1627f0
cb1b7770-005a-457a-b7a2-2f0683fe24a0,pii_full_name_836f39671daf,Male,70,Rajasthan,Udaipur,Udaipur Branch,Savings,d1e02289-1baa-4c5c-98c0-36dfcb551af8,07-03-2025,13:35:49,32101.05,2c11049a-f741-4fc0-8c19-47d5b3ffa0f3,Debit,Clothing,92445.9,ATM Booth Kiosk,"Udaipur, Rajasthan",POS,0,Clean,INR,+91986918XXXXXX,Debt repayment,pii_email_b86bf43b199e
cb1b7770-005a-457a-b7a2-2f0683fe24a0,pii_full_name_836f39671daf,Male,70,Rajasthan,Udaipur,Udaipur Branch,Savings,b21b52f7-a14d-4769-ae1e-cd4f5e43bd09,26-03-2025,01:12:44,16913.94,2e1e9683-520e-4418-a06c-0ac41d88321a,Transfer,Electronics,79824.22,Virtual Card,"Udaipur, Rajasthan",Desktop,0,Clean,INR,+91986918XXXXXX,Gas bill,pii_email_b86bf43b199e
cb1b7770-005a-457a-b7a2-2f0683fe24a0,pii_full_name_836f39671daf,Male,70,Rajasthan,Udaipur,Udaipur Branch,Savings,6c32a4bf-1622-4707-8089-4efd4324ed48,05-04-2025,15:10:07,43450.1,5d8af94a-452c-4b96-a91c-740508e7df8b,Debit,Groceries,79512.89,Mobile Banking App,"Udaipur, Rajasthan",Desktop,0,Clean,INR,+91986918XXXXXX,Utility bill,pii_email_b86bf43b199e
cb1b7770-005a-457a-b7a2-2f0683fe24a0,pii_full_name_836f39671daf,Male,70,Rajasthan,Udaipur,Udaipur Branch,Savings,91aae98e-bf71-4742-9f88-1679ad6628c1,14-05-2025,18:57:59,3925.71,3d52c42e-96b7-41c3-b848-1badd7e069ac,Transfer,Health,89073.92,Mobile Banking App,"Udaipur, Rajasthan",Mobile,0,Clean,INR,+91986918XXXXXX,Jewelry purchase,pii_email_b86bf43b199e
cb1b7770-005a-457a-b7a2-2f0683fe24a0,pii_full_name_836f39671daf,Male,70,Rajasthan,Udaipur,Udaipur Branch,Savings,e7046877-4d13-4f14-8873-11a8f03c7edb,06-06-2025,15:13:51,85879.97,1d7702b1-dfc7-44dc-bb0e-201294457d01,Bill Payment,Groceries,83857.91,Branch Counter,"Udaipur, Rajasthan",ATM,0,Clean,INR,+91986918XXXXXX,Hotel booking,pii_email_b86bf43b199e
cb1b7770-005a-457a-b7a2-2f0683fe24a0,pii_full_name_836f39671daf,Male,70,Rajasthan,Udaipur,Udaipur Branch,Savings,bf9269a4-b13f-4b5d-9720-8946e2fbfcd4,06-07-2025,14:24:54,62444.95,a91ab2cd-cb4b-445b-ade1-0565580eaaf3,Transfer,Restaurant,95318.42,UPI,"Udaipur, Rajasthan",Mobile,0,Clean,INR,+91986918XXXXXX,Food delivery,pii_email_b86bf43b199e
cb1b7770-005a-457a-b7a2-2f0683fe24a0,pii_full_name_836f39671daf,Male,70,Rajasthan,Udaipur,Udaipur Branch,Savings,254077ed-d989-4bd6-bfdd-9a6ec9c04919,14-07-2025,06:13:14,13800.64,677501f3-025f-4336-9aaa-9248da829e9b,Bill Payment,Restaurant,78132.83,QR Code Scanner,"Udaipur, Rajasthan",ATM,0,Clean,INR,+91986918XXXXXX,Utility bill,pii_email_b86bf43b199e
cb1b7770-005a-457a-b7a2-2f0683fe24a0,pii_full_name_836f39671daf,Male,70,Rajasthan,Udaipur,Udaipur Branch,Savings,de6de9ab-8f62-46ca-822c-c6767cad2c99,04-08-2025,15:28:03,92395.43,074711e6-0cff-4233-b8e7-6c76d2f9505a,Credit,Electronics,89063.77,POS Mobile Device,"Udaipur, Rajasthan",POS,0,Clean,INR,+91986918XXXXXX,Gas bill,pii_email_b86bf43b199e
cb1b7770-005a-457a-b7a2-2f0683fe24a0,pii_full_name_836f39671daf,Male,70,Rajasthan,Udaipur,Udaipur Branch,Savings,3f09452c-0390-41d7-a7bc-06161fafaf50,27-08-2025,07:59:09,80223.8,d74e560a-507a-4719-b1e5-5392b0054a24,Transfer,Entertainment,97086.15,QR Code Scanner,"Udaipur, Rajasthan",ATM,0,Clean,INR,+91986918XXXXXX,EMI payment,pii_email_b86bf43b199e
cb1b7770-005a-457a-b7a2-2f0683fe24a0,pii_full_name_836f39671daf,Male,70,Rajasthan,Udaipur,Udaipur Branch,Savings,5103d636-a1aa-4260-8a43-2a0a75dfef15,05-09-2025,16:23:08,3375.87,e382a1bc-0cc5-44fc-993c-0ebd924588a4,Transfer,Restaurant,95656.01,Chip Card,"Udaipur, Rajasthan",ATM,0,Clean,INR,+91986918XXXXXX,Gas bill,pii_email_b86bf43b199e
cb1b7770-005a-457a-b7a2-2f0683fe24a0,pii_full_name_836f39671daf,Male,70,Rajasthan,Udaipur,Udaipur Branch,Savings,31618749-bccf-4191-acab-190362228d8c,20-11-2025,06:33:52,79029.84,56aada6c-5bab-4229-9378-b5149aad8204,Withdrawal,Electronics,81853.79,QR Code Scanner,"Udaipur, Rajasthan",Desktop,0,Clean,INR,+91986918XXXXXX,Utility bill,pii_email_b86bf43b199e
cb1b7770-005a-457a-b7a2-2f0683fe24a0,pii_full_name_836f39671daf,Male,70,Rajasthan,Udaipur,Udaipur Branch,Savings,e16dc114-0c46-4b4d-b0f8-7d3268127587,22-11-2025,02:00:34,64133.21,cd5627e8-4c66-4312-94ad-702c57becf4a,Withdrawal,Restaurant,88681.35,Digital Wallet,"Udaipur, Rajasthan",Desktop,0,Clean,INR,+91986918XXXXXX,Food delivery,pii_email_b86bf43b199e
cb1b7770-005a-457a-b7a2-2f0683fe24a0,pii_full_name_836f39671daf,Male,70,Rajasthan,Udaipur,Udaipur Branch,Savings,eda3c90c-c0f8-4cb3-a865-b5467909380d,12-12-2025,15:50:23,73293.75,5053dae3-97d8-4280-aab4-9bb85474c98d,Withdrawal,Clothing,89756.77,Magnetic Strip Card,"Udaipur, Rajasthan",POS,0,Clean,INR,+91986918XXXXXX,Utility bill,pii_email_b86bf43b199e
cc253183-e38a-4c78-9096-b3a699668791,pii_full_name_4ae1976bff00,Female,46,Uttar Pradesh,Lucknow,Lucknow Branch,Checking,c1e49cbc-7127-445f-8f5f-5c70a6114c49,09-02-2025,19:25:26,51765.53,502d90db-7284-483f-b5b3-12b46de88cb9,Bill Payment,Entertainment,24188.19,Voice Assistant,"Lucknow, Uttar Pradesh",ATM,0,Clean,INR,+91966044XXXXXX,Hotel booking,pii_email_bb27ecdbdd81
cc253183-e38a-4c78-9096-b3a699668791,pii_full_name_4ae1976bff00,Female,46,Uttar Pradesh,Lucknow,Lucknow Branch,Checking,5693a072-6968-4110-8015-6ac59492b4a4,11-02-2025,18:10:38,12462.1,c6a649ce-fff5-4a65-892d-061fc7879679,Withdrawal,Health,8625.73,Virtual Card,"Lucknow, Uttar Pradesh",ATM,0,Clean,INR,+91966044XXXXXX,Gas bill,pii_email_bb27ecdbdd81
cc253183-e38a-4c78-9096-b3a699668791,pii_full_name_4ae1976bff00,Female,46,Uttar Pradesh,Lucknow,Lucknow Branch,Checking,97f3898f-1195-4c44-9c37-1ae461a1bae7,22-02-2025,22:51:29,54575.2,1aa47aa5-95b9-4654-b997-e5fe296132a9,Bill Payment,Clothing,17527.96,Self-service Banking Machine,"Lucknow, Uttar Pradesh",POS,0,Clean,INR,+91966044XXXXXX,Utility bill,pii_email_bb27ecdbdd81
cc253183-e38a-4c78-9096-b3a699668791,pii_full_name_4ae1976bff00,Female,46,Uttar Pradesh,Lucknow,Lucknow Branch,Checking,14c5052e-c82c-4406-8ef6-8c85a32d29c6,30-03-2025,15:17:50,98166.29,5b582b77-f6cd-4517-989b-50bee92f9c1b,Withdrawal,Health,29364.74,Debit/Credit Card,"Lucknow, Uttar Pradesh",POS,0,Clean,INR,+91966044XXXXXX,Insurance premium,pii_email_bb27ecdbdd81
cc253183-e38a-4c78-9096-b3a699668791,pii_full_name_4ae1976bff00,Female,46,Uttar Pradesh,Lucknow,Lucknow Branch,Checking,b16c708f-2f21-47a2-a4c0-9c09fcae5624,22-04-2025,22:16:00,45515.34,4d9257b3-47ce-45bf-a7d6-535e6b32f56b,Credit,Clothing,39181.37,ATM Booth Kiosk,"Lucknow, Uttar Pradesh",POS,0,Clean,INR,+91966044XXXXXX,Pharmacy bill,pii_email_bb27ecdbdd81
cc253183-e38a-4c78-9096-b3a699668791,pii_full_name_4ae1976bff00,Female,46,Uttar Pradesh,Lucknow,Lucknow Branch,Checking,90c8cce2-e732-4b64-9ff4-72be66513a68,24-04-2025,16:19:51,74273.31,41d48671-a396-40f2-aa9b-92d7e500765e,Transfer,Electronics,34524.97,Biometric ATM,"Lucknow, Uttar Pradesh",Mobile,0,Clean,INR,+91966044XXXXXX,Electricity bill,pii_email_bb27ecdbdd81
cc253183-e38a-4c78-9096-b3a699668791,pii_full_name_4ae1976bff00,Female,46,Uttar Pradesh,Lucknow,Lucknow Branch,Checking,9476c2ed-855c-474c-b266-6536e9228689,09-06-2025,05:37:55,18376.71,b691ae7b-b2d7-443a-a0d0-e4a4a13497b3,Credit,Health,19065.89,ATM Booth Kiosk,"Lucknow, Uttar Pradesh",POS,0,Clean,INR,+91966044XXXXXX,Salary credit,pii_email_bb27ecdbdd81
cc253183-e38a-4c78-9096-b3a699668791,pii_full_name_4ae1976bff00,Female,46,Uttar Pradesh,Lucknow,Lucknow Branch,Checking,a887fa10-5df4-4157-8330-6564ff0c0879,08-07-2025,15:54:01,75278.32,f880f2ff-3620-496a-9e21-12dc410648bd,Bill Payment,Clothing,20958.07,Video Banking,"Lucknow, Uttar Pradesh",Desktop,0,Clean,INR,+91966044XXXXXX,EMI payment,pii_email_bb27ecdbdd81
cc253183-e38a-4c78-9096-b3a699668791,pii_full_name_4ae1976bff00,Female,46,Uttar Pradesh,Lucknow,Lucknow Branch,Checking,c39d8e0a-e81e-4e40-b4e3-52cea29b7e8d,19-07-2025,22:07:56,77773.29,5112e530-f93d-4411-91ed-886ee8a846ba,Credit,Groceries,26843.22,Digital Wallet,"Lucknow, Uttar Pradesh",Desktop,0,Clean,INR,+91966044XXXXXX,Movie tickets,pii_email_bb27ecdbdd81
cc253183-e38a-4c78-9096-b3a699668791,pii_full_name_4ae1976bff00,Female,46,Uttar Pradesh,Lucknow,Lucknow Branch,Checking,814ce848-ed68-4062-a6ed-35493a9769d4,07-08-2025,12:22:45,60390.63,32685bbe-bc28-485e-845b-77b4a13940d6,Debit,Clothing,28485.9,POS Mobile App,"Lucknow, Uttar Pradesh",ATM,0,Clean,INR,+91966044XXXXXX,Movie tickets,pii_email_bb27ecdbdd81
cc253183-e38a-4c78-9096-b3a699668791,pii_full_name_4ae1976bff00,Female,46,Uttar Pradesh,Lucknow,Lucknow Branch,Checking,5ec27413-9f22-43da-9aa7-91fdc6ab94eb,17-08-2025,05:18:12,57360.61,324ccaff-2306-4474-a49a-48282d3aba7f,Bill Payment,Entertainment,17228.22,Debit/Credit Card,"Lucknow, Uttar Pradesh",POS,0,Clean,INR,+91966044XXXXXX,Jewelry purchase,pii_email_bb27ecdbdd81
cc253183-e38a-4c78-9096-b3a699668791,pii_full_name_4ae1976bff00,Female,46,Uttar Pradesh,Lucknow,Lucknow Branch,Checking,b4edf14e-a7c7-4771-843b-83bd7a8a1bf7,06-09-2025,02:47:17,12239.14,fccedac1-9a39-485b-ac96-eee7bad2d2de,Withdrawal,Electronics,22964.28,Virtual Card,"Lucknow, Uttar Pradesh",ATM,0,Clean,INR,+91966044XXXXXX,Insurance premium,pii_email_bb27ecdbdd81
cc253183-e38a-4c78-9096-b3a699668791,pii_full_name_4ae1976bff00,Female,46,Uttar Pradesh,Lucknow,Lucknow Branch,Checking,85ffbcc8-11e7-476a-8193-1f6203acf75d,22-09-2025,14:11:32,76560.17,f5d82ef1-ed83-4880-8b15-413b36b096b5,Debit,Health,9871.94,Digital Wallet,"Lucknow, Uttar Pradesh",Desktop,0,Clean,INR,+91966044XXXXXX,Bitcoin transaction,pii_email_bb27ecdbdd81
cc253183-e38a-4c78-9096-b3a699668791,pii_full_name_4ae1976bff00,Female,46,Uttar Pradesh,Lucknow,Lucknow Branch,Checking,c7565932-d0b0-471e-ad5f-0e67fe50d9e4,26-09-2025,10:20:29,20274.05,51768396-0ff3-445d-96a7-8286350ffca1,Credit,Electronics,22985.48,Mobile Banking App,"Lucknow, Uttar Pradesh",ATM,0,Clean,INR,+91966044XXXXXX,Flight ticket,pii_email_bb27ecdbdd81
cc253183-e38a-4c78-9096-b3a699668791,pii_full_name_4ae1976bff00,Female,46,Uttar Pradesh,Lucknow,Lucknow Branch,Checking,084ab296-2d10-43d7-9d38-a98555308357,08-12-2025,17:37:36,74190.23,ea08e634-4bd6-4431-9240-06f6ce61898f,Bill Payment,Restaurant,5029.66,Phone Banking,"Lucknow, Uttar Pradesh",Mobile,0,Clean,INR,+91966044XXXXXX,Utility bill,pii_email_bb27ecdbdd81
cc253183-e38a-4c78-9096-b3a699668791,pii_full_name_4ae1976bff00,Female,46,Uttar Pradesh,Lucknow,Lucknow Branch,Checking,4ce23c23-6902-47c3-813a-31f1c0d3a39f,15-12-2025,04:51:24,2544.19,87ae3609-912c-4269-a56d-02d9f6ea0104,Credit,Electronics,27097.64,POS Mobile Device,"Lucknow, Uttar Pradesh",ATM,0,Clean,INR,+91966044XXXXXX,Insurance premium,pii_email_bb27ecdbdd81
cdf696b5-ef59-47fd-83be-d62b90edab37,pii_full_name_5de2428f89c7,Male,27,Madhya Pradesh,Bhopal,Bhopal Branch,Business,95c38050-ae59-448e-9453-07b82cbf52d1,01-01-2025,08:44:23,44513.66,5036f393-1009-4d8d-8906-b7d17e019b4e,Withdrawal,Restaurant,66245.13,Debit/Credit Card,"Bhopal, Madhya Pradesh",Desktop,0,Clean,INR,+91943434XXXXXX,Pharmacy bill,pii_email_4156382547be
cdf696b5-ef59-47fd-83be-d62b90edab37,pii_full_name_5de2428f89c7,Male,27,Madhya Pradesh,Bhopal,Bhopal Branch,Business,5dd5b87a-d408-4c03-a59d-d5339095816a,18-02-2025,15:50:22,16497.38,c4ac34a0-a462-456a-a1d9-111cc80aee8c,Debit,Electronics,72551.84,QR Code Scanner,"Bhopal, Madhya Pradesh",Mobile,0,Clean,INR,+91943434XXXXXX,Mobile recharge,pii_email_4156382547be
cdf696b5-ef59-47fd-83be-d62b90edab37,pii_full_name_5de2428f89c7,Male,27,Madhya Pradesh,Bhopal,Bhopal Branch,Business,27cd2c56-f4c0-42cf-9929-ba95d6db9fbf,19-02-2025,20:26:50,64333.03,05998717-4487-4ed8-b9db-86c13d7b0e7c,Transfer,Health,74832.45,QR Code Scanner,"Bhopal, Madhya Pradesh",Mobile,0,Clean,INR,+91943434XXXXXX,Salary credit,pii_email_4156382547be
cdf696b5-ef59-47fd-83be-d62b90edab37,pii_full_name_5de2428f89c7,Male,27,Madhya Pradesh,Bhopal,Bhopal Branch,Business,26a152a9-179f-4a82-8ab7-241b0992bfc1,24-02-2025,15:58:18,70272.86,374e5b85-c023-4dc6-94e7-489e7680cf8e,Withdrawal,Entertainment,65684.42,POS Mobile Device,"Bhopal, Madhya Pradesh",ATM,0,Clean,INR,+91943434XXXXXX,Cash withdrawal,pii_email_4156382547be
cdf696b5-ef59-47fd-83be-d62b90edab37,pii_full_name_5de2428f89c7,Male,27,Madhya Pradesh,Bhopal,Bhopal Branch,Business,25a2d256-08b7-4484-9865-bf56f7f937a4,09-04-2025,22:53:46,21540.21,85f3c216-a693-4ec0-98fa-2007609a71de,Transfer,Clothing,68399.15,Internet Banking,"Bhopal, Madhya Pradesh",ATM,1,Clean,INR,+91943434XXXXXX,Bitcoin transaction,pii_email_4156382547be
cdf696b5-ef59-47fd-83be-d62b90edab37,pii_full_name_5de2428f89c7,Male,27,Madhya Pradesh,Bhopal,Bhopal Branch,Business,bb43b6ef-468b-4a63-a16a-9f367adb4ec8,25-04-2025,02:30:59,40105.02,936f6b31-08ad-4f2b-908e-11f307a41618,Debit,Groceries,69115.71,POS Mobile App,"Bhopal, Madhya Pradesh",POS,0,Clean,INR,+91943434XXXXXX,Restaurant dining,pii_email_4156382547be
cdf696b5-ef59-47fd-83be-d62b90edab37,pii_full_name_5de2428f89c7,Male,27,Madhya Pradesh,Bhopal,Bhopal Branch,Business,fde386fc-c190-41a2-912a-54b67a9a618e,09-05-2025,14:02:05,77751.32,36198201-ce9f-4571-be89-33024650071d,Bill Payment,Restaurant,72711.71,Chip Card,"Bhopal, Madhya Pradesh",Mobile,0,Clean,INR,+91943434XXXXXX,EMI payment,pii_email_4156382547be
cdf696b5-ef59-47fd-83be-d62b90edab37,pii_full_name_5de2428f89c7,Male,27,Madhya Pradesh,Bhopal,Bhopal Branch,Business,d2afaacc-ac86-4a7b-89bd-2c17681e3a50,24-05-2025,14:17:06,78450.41,b71cad4c-3a92-4495-9008-5ad3062798bd,Transfer,Restaurant,73529.46,Self-service Banking Machine,"Bhopal, Madhya Pradesh",Desktop,0,Clean,INR,+91943434XXXXXX,Debt repayment,pii_email_4156382547be
cdf696b5-ef59-47fd-83be-d62b90edab37,pii_full_name_5de2428f89c7,Male,27,Madhya Pradesh,Bhopal,Bhopal Branch,Business,52646c5c-f59a-43db-9d59-f4aa7dd8d0b1,10-06-2025,19:54:13,18553.45,e75584f8-5429-4bd8-9ec2-36ddee21777c,Bill Payment,Clothing,70696.49,POS Mobile Device,"Bhopal, Madhya Pradesh",ATM,0,Clean,INR,+91943434XXXXXX,Flight ticket,pii_email_4156382547be
cdf696b5-ef59-47fd-83be-d62b90edab37,pii_full_name_5de2428f89c7,Male,27,Madhya Pradesh,Bhopal,Bhopal Branch,Business,01d36bed-93bd-4b5c-b741-28b2f3ba50b7,05-07-2025,12:01:50,98999.99,f356ca3f-a578-4d58-887c-76a023c906d7,Credit,Restaurant,75778.71,Virtual Card,"Bhopal, Madhya Pradesh",Desktop,0,Money Laundering,INR,+91943434XXXXXX,Restaurant dining,pii_email_4156382547be
cdf696b5-ef59-47fd-83be-d62b90edab37,pii_full_name_5de2428f89c7,Male,27,Madhya Pradesh,Bhopal,Bhopal Branch,Business,cc6050d2-b6d5-4e8d-88fe-74cdb4b08bce,15-07-2025,12:18:06,50820.97,d5610692-f823-458f-a2d1-dd9aa81b73e7,Bill Payment,Groceries,76952.09,Digital Wallet,"Bhopal, Madhya Pradesh",Mobile,0,Clean,INR,+91943434XXXXXX,Hotel booking,pii_email_4156382547be
cdf696b5-ef59-47fd-83be-d62b90edab37,pii_full_name_5de2428f89c7,Male,27,Madhya Pradesh,Bhopal,Bhopal Branch,Business,48228371-ab6f-4c5f-8bae-7a89c7c8299c,23-07-2025,20:58:57,4032.53,8f9a257f-d1e3-4498-a53f-cdd4f7164e9e,Debit,Entertainment,73126.21,Internet Banking,"Bhopal, Madhya Pradesh",ATM,0,Clean,INR,+91943434XXXXXX,Train ticket,pii_email_4156382547be
cdf696b5-ef59-47fd-83be-d62b90edab37,pii_full_name_5de2428f89c7,Male,27,Madhya Pradesh,Bhopal,Bhopal Branch,Business,d7b75a57-2a75-4bed-aeee-c8e354e93a34,10-08-2025,16:47:12,36809.43,ab53e575-f56e-4bae-afb6-8354f64f9b65,Credit,Restaurant,80486.84,Digital Wallet,"Bhopal, Madhya Pradesh",POS,0,Clean,INR,+91943434XXXXXX,Gas bill,pii_email_4156382547be
cdf696b5-ef59-47fd-83be-d62b90edab37,pii_full_name_5de2428f89c7,Male,27,Madhya Pradesh,Bhopal,Bhopal Branch,Business,7c4c7751-fb60-4f5d-9922-788ef9aad8cc,23-09-2025,07:53:44,46164.05,31324496-cd7e-4993-8f52-72029d7242d7,Transfer,Groceries,82034.19,Mobile Banking App,"Bhopal, Madhya Pradesh",Desktop,0,Clean,INR,+91943434XXXXXX,Mutual fund investment,pii_email_4156382547be
cdf696b5-ef59-47fd-83be-d62b90edab37,pii_full_name_5de2428f89c7,Male,27,Madhya Pradesh,Bhopal,Bhopal Branch,Business,58edc403-970f-42a6-9d6e-f74b84cc2e5a,06-11-2025,09:54:32,67170.21,3364135d-b791-4dc5-971c-f356adb0d9bb,Debit,Entertainment,68115.43,Virtual Card,"Bhopal, Madhya Pradesh",ATM,0,Clean,INR,+91943434XXXXXX,Gas bill,pii_email_4156382547be
cdf696b5-ef59-47fd-83be-d62b90edab37,pii_full_name_5de2428f89c7,Male,27,Madhya Pradesh,Bhopal,Bhopal Branch,Business,049be5eb-bcc8-46d5-bd76-fe19cb2bade2,28-11-2025,19:05:59,27505.11,e3efbcee-5056-406e-b81a-30c0b38b350b,Debit,Restaurant,74201.58,Magnetic Strip Card,"Bhopal, Madhya Pradesh",POS,0,Clean,INR,+91943434XXXXXX,Utility bill,pii_email_4156382547be
cdf696b5-ef59-47fd-83be-d62b90edab37,pii_full_name_5de2428f89c7,Male,27,Madhya Pradesh,Bhopal,Bhopal Branch,Business,b1fa414b-c941-42a6-90d1-efd60d65f00a,06-12-2025,18:35:51,86904.63,34616b59-fa37-4f66-990a-e1d946e4331c,Transfer,Restaurant,76805.89,ATM Booth Kiosk,"Bhopal, Madhya Pradesh",POS,0,Clean,INR,+91943434XXXXXX,Food delivery,pii_email_4156382547be
ceb0fee4-4540-41c3-9e19-d7fd4697d792,pii_full_name_182b47909026,Female,42,Maharashtra,Mumbai,Mumbai Branch,Business,070dfff9-feb4-4294-9aad-850b0dccaea3,02-01-2025,01:37:54,37797.62,174ede4f-a202-4248-9ae9-c6c633d7f28e,Withdrawal,Entertainment,69027.79,POS Mobile Device,"Mumbai, Maharashtra",Mobile,0,Clean,INR,+91977641XXXXXX,Gas bill,pii_email_e83dcb5d3930
ceb0fee4-4540-41c3-9e19-d7fd4697d792,pii_full_name_182b47909026,Female,42,Maharashtra,Mumbai,Mumbai Branch,Business,8c568610-e8ba-4cba-bdd6-35dfc1432c33,15-01-2025,15:48:16,96150.92,a36a0cd2-df29-4665-8a3a-a8150373b4f4,Transfer,Groceries,80786.88,Phone Banking,"Mumbai, Maharashtra",POS,0,Clean,INR,+91977641XXXXXX,Train ticket,pii_email_e83dcb5d3930
ceb0fee4-4540-41c3-9e19-d7fd4697d792,pii_full_name_182b47909026,Female,42,Maharashtra,Mumbai,Mumbai Branch,Business,2db6d48d-67a2-4469-a5dc-bedffb51b647,03-02-2025,06:02:16,47951.96,b0c631a0-1b12-4a4b-8c07-8da70c543138,Debit,Groceries,65176.97,Self-service Banking Machine,"Mumbai, Maharashtra",Mobile,0,Clean,INR,+91977641XXXXXX,Cash withdrawal,pii_email_e83dcb5d3930
ceb0fee4-4540-41c3-9e19-d7fd4697d792,pii_full_name_182b47909026,Female,42,Maharashtra,Mumbai,Mumbai Branch,Business,8ed83bcc-f021-4ba8-837f-8bb109e8d180,19-02-2025,15:37:09,79017.67,16a21905-64ba-4cd6-9bcb-4214a305d0f1,Bill Payment,Groceries,84661.38,Contactless Card,"Mumbai, Maharashtra",Mobile,0,Clean,INR,+91977641XXXXXX,Mutual fund investment,pii_email_e83dcb5d3930
ceb0fee4-4540-41c3-9e19-d7fd4697d792,pii_full_name_182b47909026,Female,42,Maharashtra,Mumbai,Mumbai Branch,Business,cd02129e-b9f8-486e-acd7-a34808cae83d,25-02-2025,03:34:33,34023.95,7b49c67b-168d-4123-9ea7-771d7a7704af,Credit,Clothing,68755.61,Video Banking,"Mumbai, Maharashtra",Mobile,0,Clean,INR,+91977641XXXXXX,Bus ticket,pii_email_e83dcb5d3930
ceb0fee4-4540-41c3-9e19-d7fd4697d792,pii_full_name_182b47909026,Female,42,Maharashtra,Mumbai,Mumbai Branch,Business,f06fdda6-fa58-4fde-92fe-a901efab5c72,18-03-2025,00:51:38,8079.53,c3f79544-be89-4e62-b0f1-ffd41a052fd0,Withdrawal,Health,64620.8,Biometric ATM,"Mumbai, Maharashtra",ATM,0,Clean,INR,+91977641XXXXXX,Bus ticket,pii_email_e83dcb5d3930
ceb0fee4-4540-41c3-9e19-d7fd4697d792,pii_full_name_182b47909026,Female,42,Maharashtra,Mumbai,Mumbai Branch,Business,4147ceab-5ad2-421a-8b4b-383918b04942,19-04-2025,23:26:06,57479.8,af51ea7d-70dc-476b-9e1a-374933905414,Bill Payment,Health,72641.28,Internet Banking,"Mumbai, Maharashtra",Mobile,0,Clean,INR,+91977641XXXXXX,Bitcoin transaction,pii_email_e83dcb5d3930
ceb0fee4-4540-41c3-9e19-d7fd4697d792,pii_full_name_182b47909026,Female,42,Maharashtra,Mumbai,Mumbai Branch,Business,a15c5851-e2de-41ec-8537-f520cf7e523e,26-04-2025,17:43:01,42136.5,1223131b-4d96-4543-9d10-8c6495e7b8f9,Withdrawal,Entertainment,80447.73,ATM,"Mumbai, Maharashtra",ATM,0,Clean,INR,+91977641XXXXXX,Electricity bill,pii_email_e83dcb5d3930
ceb0fee4-4540-41c3-9e19-d7fd4697d792,pii_full_name_182b47909026,Female,42,Maharashtra,Mumbai,Mumbai Branch,Business,86dd0072-9a21-4f98-a989-9c378b13b8e9,11-05-2025,22:19:44,87418.24,0d7e2f20-8cd4-498e-bb99-a265461cf968,Debit,Electronics,70021.36,POS Mobile Device,"Mumbai, Maharashtra",Desktop,0,Clean,INR,+91977641XXXXXX,Cash withdrawal,pii_email_e83dcb5d3930
ceb0fee4-4540-41c3-9e19-d7fd4697d792,pii_full_name_182b47909026,Female,42,Maharashtra,Mumbai,Mumbai Branch,Business,1a43e3d3-0746-48ab-9479-8b195524cb1b,18-05-2025,08:11:29,5324.48,f2fd9384-6582-4565-b124-d89f2a871b49,Credit,Health,69288.06,ATM,"Mumbai, Maharashtra",Desktop,0,Clean,INR,+91977641XXXXXX,Movie tickets,pii_email_e83dcb5d3930
ceb0fee4-4540-41c3-9e19-d7fd4697d792,pii_full_name_182b47909026,Female,42,Maharashtra,Mumbai,Mumbai Branch,Business,19d8eec6-2b8d-41b1-92e0-beee33e449f8,23-05-2025,03:46:53,35194.98,f64321ea-ff3b-43a5-b31e-da535e224f53,Transfer,Groceries,72807.56,Debit/Credit Card,"Mumbai, Maharashtra",Mobile,1,Clean,INR,+91977641XXXXXX,Gas bill,pii_email_e83dcb5d3930
ceb0fee4-4540-41c3-9e19-d7fd4697d792,pii_full_name_182b47909026,Female,42,Maharashtra,Mumbai,Mumbai Branch,Business,dac0d271-ee01-41ae-ab9e-018d6a24e8f8,16-08-2025,22:44:15,21439.92,c99a01e1-ab55-40f7-a981-cd7b1a91dde7,Transfer,Entertainment,71171.79,Virtual Card,"Mumbai, Maharashtra",Desktop,0,Clean,INR,+91977641XXXXXX,Utility bill,pii_email_e83dcb5d3930
ceb0fee4-4540-41c3-9e19-d7fd4697d792,pii_full_name_182b47909026,Female,42,Maharashtra,Mumbai,Mumbai Branch,Business,be2ca5c1-727f-4901-83f7-f25d6a063fa1,25-08-2025,17:48:24,62853.53,1864e36d-575c-4f13-9ec7-44da147f8b35,Debit,Electronics,69972.16,POS Mobile App,"Mumbai, Maharashtra",Mobile,0,Clean,INR,+91977641XXXXXX,Train ticket,pii_email_e83dcb5d3930
ceb0fee4-4540-41c3-9e19-d7fd4697d792,pii_full_name_182b47909026,Female,42,Maharashtra,Mumbai,Mumbai Branch,Business,1ae37da7-5177-4ffa-9d30-4e2053c7c2e3,05-09-2025,12:16:06,77566.8,b1314842-84a9-45a8-a236-06565c8e4b81,Bill Payment,Restaurant,65353.21,Chip Card,"Mumbai, Maharashtra",Mobile,0,Clean,INR,+91977641XXXXXX,EMI payment,pii_email_e83dcb5d3930
ceb0fee4-4540-41c3-9e19-d7fd4697d792,pii_full_name_182b47909026,Female,42,Maharashtra,Mumbai,Mumbai Branch,Business,bf0b15b4-6323-473b-bbe1-3bdd1bb29677,11-09-2025,01:18:52,16845.46,d6fcdb9d-025a-475b-af54-64c100c2ff06,Withdrawal,Entertainment,78763.18,Branch Counter,"Mumbai, Maharashtra",Desktop,0,Clean,INR,+91977641XXXXXX,Gas bill,pii_email_e83dcb5d3930
ceb0fee4-4540-41c3-9e19-d7fd4697d792,pii_full_name_182b47909026,Female,42,Maharashtra,Mumbai,Mumbai Branch,Business,2402f77e-9fff-49ba-aea4-a79f021d6d22,18-09-2025,06:08:06,83678.99,d5de158c-dc16-4bf9-aa1d-62409965f385,Credit,Clothing,78389.26,Contactless Card,"Mumbai, Maharashtra",POS,0,Clean,INR,+91977641XXXXXX,Pharmacy bill,pii_email_e83dcb5d3930
ceb0fee4-4540-41c3-9e19-d7fd4697d792,pii_full_name_182b47909026,Female,42,Maharashtra,Mumbai,Mumbai Branch,Business,4f3ee2be-c682-4643-9600-2a9c07383efe,12-10-2025,09:31:22,2517.83,1d42cb71-2ce3-4ee0-9306-7047ce1ed09b,Credit,Groceries,65428.75,Branch Counter,"Mumbai, Maharashtra",POS,0,Clean,INR,+91977641XXXXXX,EMI payment,pii_email_e83dcb5d3930
ceb0fee4-4540-41c3-9e19-d7fd4697d792,pii_full_name_182b47909026,Female,42,Maharashtra,Mumbai,Mumbai Branch,Business,5f9f5828-593d-48db-93da-1ecf2d4fe20a,04-11-2025,05:01:28,36162.39,fe3ab8d0-6bb4-46a6-956c-0008c684639c,Transfer,Entertainment,76257.52,POS Mobile App,"Mumbai, Maharashtra",POS,0,Clean,INR,+91977641XXXXXX,Flight ticket,pii_email_e83dcb5d3930
ceb0fee4-4540-41c3-9e19-d7fd4697d792,pii_full_name_182b47909026,Female,42,Maharashtra,Mumbai,Mumbai Branch,Business,51e21070-6ca4-4a20-aa73-fa15c1268f9b,07-11-2025,09:15:05,84890.97,67282d71-8784-4b38-8a05-baf4f71e77dc,Transfer,Health,73109.89,Chip Card,"Mumbai, Maharashtra",Desktop,0,Clean,INR,+91977641XXXXXX,Insurance premium,pii_email_e83dcb5d3930
cec45e6c-5f20-4a9d-a992-16a0432e55b1,pii_full_name_3cdf39d3494b,Female,28,Chhattisgarh,Raipur,Raipur Branch,Savings,0dcda25a-1b56-465a-a30e-2e8d84078ffd,17-03-2025,16:05:38,59082.81,8943445e-d440-4567-99e0-7b773636c3ed,Withdrawal,Groceries,75183.99,POS Mobile App,"Raipur, Chhattisgarh",Desktop,0,Clean,INR,+91965337XXXXXX,Online shopping,pii_email_9da0118e68d7
cec45e6c-5f20-4a9d-a992-16a0432e55b1,pii_full_name_3cdf39d3494b,Female,28,Chhattisgarh,Raipur,Raipur Branch,Savings,b98f5e51-7758-4af8-a674-51f0a1a6c914,08-07-2025,16:12:56,12568.83,e2fc6255-9f92-4554-b564-51bd6a61ac44,Withdrawal,Restaurant,78217.39,Digital Wallet,"Raipur, Chhattisgarh",POS,0,Clean,INR,+91965337XXXXXX,Flight ticket,pii_email_9da0118e68d7
cec45e6c-5f20-4a9d-a992-16a0432e55b1,pii_full_name_3cdf39d3494b,Female,28,Chhattisgarh,Raipur,Raipur Branch,Savings,ec273c58-abbf-411c-b4a9-aa9a938c6b85,18-07-2025,11:58:55,21306.17,81d74239-3a05-441f-b7b0-880a6c57eda5,Credit,Restaurant,82151.0,Phone Banking,"Raipur, Chhattisgarh",Mobile,0,Clean,INR,+91965337XXXXXX,Gym membership,pii_email_9da0118e68d7
cec45e6c-5f20-4a9d-a992-16a0432e55b1,pii_full_name_3cdf39d3494b,Female,28,Chhattisgarh,Raipur,Raipur Branch,Savings,40dcec91-3274-49a8-bbce-5bfa6c4011d0,28-08-2025,21:52:57,74798.14,59c1fcca-3317-4238-aa18-2c7454d9e819,Credit,Electronics,85697.21,Digital Wallet,"Raipur, Chhattisgarh",POS,0,Clean,INR,+91965337XXXXXX,EMI payment,pii_email_9da0118e68d7
cec45e6c-5f20-4a9d-a992-16a0432e55b1,pii_full_name_3cdf39d3494b,Female,28,Chhattisgarh,Raipur,Raipur Branch,Savings,4cd87f0b-f908-4b41-8665-636859ba7c31,17-10-2025,08:39:10,84159.22,96ea2f48-5aca-4dad-93d4-de739223ecc0,Credit,Health,80020.39,Chip Card,"Raipur, Chhattisgarh",POS,0,Clean,INR,+91965337XXXXXX,Electricity bill,pii_email_9da0118e68d7
cec45e6c-5f20-4a9d-a992-16a0432e55b1,pii_full_name_3cdf39d3494b,Female,28,Chhattisgarh,Raipur,Raipur Branch,Savings,66d5130f-3fe2-4f3a-8342-68e0390237af,21-10-2025,15:27:12,65416.73,5667da4d-21dc-49a1-9875-e7d76caad9e1,Transfer,Clothing,92238.88,ATM Booth Kiosk,"Raipur, Chhattisgarh",ATM,0,Clean,INR,+91965337XXXXXX,Hotel booking,pii_email_9da0118e68d7
cec45e6c-5f20-4a9d-a992-16a0432e55b1,pii_full_name_3cdf39d3494b,Female,28,Chhattisgarh,Raipur,Raipur Branch,Savings,889a263d-f4b4-43c1-97ed-adf81e400558,11-11-2025,15:45:39,10587.37,e1426a65-f210-41fb-99c1-ac25fed7c2ee,Debit,Entertainment,81092.27,ATM Booth Kiosk,"Raipur, Chhattisgarh",POS,0,Clean,INR,+91965337XXXXXX,Bus ticket,pii_email_9da0118e68d7
cec45e6c-5f20-4a9d-a992-16a0432e55b1,pii_full_name_3cdf39d3494b,Female,28,Chhattisgarh,Raipur,Raipur Branch,Savings,bb6ff53a-3d56-4d8d-a8d3-34776daa1cc6,12-11-2025,02:46:01,78941.27,8ccd5126-5fd6-4414-998e-2b042dbf1b32,Transfer,Electronics,71604.47,Virtual Card,"Raipur, Chhattisgarh",Mobile,0,Clean,INR,+91965337XXXXXX,Salary credit,pii_email_9da0118e68d7
cec45e6c-5f20-4a9d-a992-16a0432e55b1,pii_full_name_3cdf39d3494b,Female,28,Chhattisgarh,Raipur,Raipur Branch,Savings,8e5fd111-4c7d-4e64-8ba4-dd6d14a25ea6,09-12-2025,03:57:36,42902.88,c52b07b2-511d-4623-a988-6e4efbbfee17,Transfer,Electronics,79474.27,Contactless Card,"Raipur, Chhattisgarh",Desktop,0,Clean,INR,+91965337XXXXXX,Mutual fund investment,pii_email_9da0118e68d7
cef0c61f-e77f-4f0a-9781-ab84b9e028c7,pii_full_name_e79331e15969,Female,52,Kerala,Thiruvananthapuram,Thiruvananthapuram Branch,Checking,4f8e6b41-d190-44d6-94a5-c79aeded2b42,11-01-2025,08:48:29,36258.33,c9deb568-dbf3-4fb4-9a94-b271c137ae5e,Credit,Restaurant,87432.64,Debit/Credit Card,"Thiruvananthapuram, Kerala",Desktop,0,Clean,INR,+91933954XXXXXX,Restaurant dining,pii_email_ec5f0a7bb330
cef0c61f-e77f-4f0a-9781-ab84b9e028c7,pii_full_name_e79331e15969,Female,52,Kerala,Thiruvananthapuram,Thiruvananthapuram Branch,Checking,5dfe2fac-d91d-45c5-93be-9d44af9bc648,07-03-2025,04:08:19,73287.84,3ee4888e-0261-4114-9b73-111f094abe6c,Withdrawal,Groceries,61827.24,Debit/Credit Card,"Thiruvananthapuram, Kerala",Desktop,0,Clean,INR,+91933954XXXXXX,Gym membership,pii_email_ec5f0a7bb330
cef0c61f-e77f-4f0a-9781-ab84b9e028c7,pii_full_name_e79331e15969,Female,52,Kerala,Thiruvananthapuram,Thiruvananthapuram Branch,Checking,5e839369-1650-49a0-b207-f5d2f3206ebf,19-04-2025,02:43:23,59963.57,ffc06226-2a0a-435f-b160-13c3ad6d9a2e,Debit,Health,81436.28,Biometric ATM,"Thiruvananthapuram, Kerala",ATM,0,Clean,INR,+91933954XXXXXX,Bitcoin transaction,pii_email_ec5f0a7bb330
cef0c61f-e77f-4f0a-9781-ab84b9e028c7,pii_full_name_e79331e15969,Female,52,Kerala,Thiruvananthapuram,Thiruvananthapuram Branch,Checking,f451e50b-e739-4747-ae14-00b25d3fc658,18-05-2025,06:08:24,53306.84,5b6d57d0-e9c7-4ccd-a3cb-619f7fdcfbab,Withdrawal,Restaurant,67469.21,Digital Wallet,"Thiruvananthapuram, Kerala",Mobile,0,Clean,INR,+91933954XXXXXX,Hotel booking,pii_email_ec5f0a7bb330
cef0c61f-e77f-4f0a-9781-ab84b9e028c7,pii_full_name_e79331e15969,Female,52,Kerala,Thiruvananthapuram,Thiruvananthapuram Branch,Checking,17d4700b-242f-4f4b-8641-1876eba56cda,29-06-2025,22:34:36,40137.52,9698017d-318f-4c65-8f7c-ebc15a0dd841,Transfer,Clothing,47818.11,Virtual Card,"Thiruvananthapuram, Kerala",POS,0,Clean,INR,+91933954XXXXXX,Bus ticket,pii_email_ec5f0a7bb330
cef0c61f-e77f-4f0a-9781-ab84b9e028c7,pii_full_name_e79331e15969,Female,52,Kerala,Thiruvananthapuram,Thiruvananthapuram Branch,Checking,f7f75389-8d10-4c17-9ec2-b9aae7e73b1e,07-07-2025,02:33:44,90552.72,56eabd47-8de0-46c0-b78e-b8cfad705b9c,Debit,Health,43804.36,Biometric ATM,"Thiruvananthapuram, Kerala",POS,0,Clean,INR,+91933954XXXXXX,Grocery delivery,pii_email_ec5f0a7bb330
cef0c61f-e77f-4f0a-9781-ab84b9e028c7,pii_full_name_e79331e15969,Female,52,Kerala,Thiruvananthapuram,Thiruvananthapuram Branch,Checking,17028a30-49b0-491b-924e-56f1108b0f5a,30-07-2025,10:49:42,33715.95,40959175-8347-4ab7-bbd4-61301eecdeff,Credit,Electronics,67487.33,Internet Banking,"Thiruvananthapuram, Kerala",POS,0,Clean,INR,+91933954XXXXXX,Train ticket,pii_email_ec5f0a7bb330
cef0c61f-e77f-4f0a-9781-ab84b9e028c7,pii_full_name_e79331e15969,Female,52,Kerala,Thiruvananthapuram,Thiruvananthapuram Branch,Checking,f56a8de3-2491-41aa-b1b8-30cd5ebede93,01-08-2025,04:54:28,89676.1,221dc697-3d91-4750-a9a3-6893d9cc5fe0,Bill Payment,Health,52859.63,Self-service Banking Machine,"Thiruvananthapuram, Kerala",Desktop,0,Clean,INR,+91933954XXXXXX,Electricity bill,pii_email_ec5f0a7bb330
cef0c61f-e77f-4f0a-9781-ab84b9e028c7,pii_full_name_e79331e15969,Female,52,Kerala,Thiruvananthapuram,Thiruvananthapuram Branch,Checking,cf79f542-d68b-4e8e-be99-5f10accf8437,04-08-2025,12:39:47,33534.75,b7509c1b-258d-4714-b086-66487e681485,Bill Payment,Health,64115.73,Mobile Banking App,"Thiruvananthapuram, Kerala",ATM,0,Clean,INR,+91933954XXXXXX,Gym membership,pii_email_ec5f0a7bb330
cef0c61f-e77f-4f0a-9781-ab84b9e028c7,pii_full_name_e79331e15969,Female,52,Kerala,Thiruvananthapuram,Thiruvananthapuram Branch,Checking,bbc9d9fa-2c61-439a-90e4-be9a4fa09383,12-09-2025,11:40:51,60383.11,0c8b8957-f9f8-467e-aae0-a9541af4b1fa,Bill Payment,Restaurant,72799.89,QR Code Scanner,"Thiruvananthapuram, Kerala",ATM,0,Clean,INR,+91933954XXXXXX,Debt repayment,pii_email_ec5f0a7bb330
cef0c61f-e77f-4f0a-9781-ab84b9e028c7,pii_full_name_e79331e15969,Female,52,Kerala,Thiruvananthapuram,Thiruvananthapuram Branch,Checking,fe98dc83-eeb7-47a8-882c-9674e9bddcd5,15-09-2025,05:43:57,25980.76,4ef7d7c4-ff2b-447b-b8f4-f4bca773e613,Bill Payment,Restaurant,78838.2,Contactless Card,"Thiruvananthapuram, Kerala",POS,0,Clean,INR,+91933954XXXXXX,Salary credit,pii_email_ec5f0a7bb330
cef0c61f-e77f-4f0a-9781-ab84b9e028c7,pii_full_name_e79331e15969,Female,52,Kerala,Thiruvananthapuram,Thiruvananthapuram Branch,Checking,8c94a598-ccc5-48f1-9372-82fb2a19cf6c,02-12-2025,07:55:38,16686.98,45b89823-e57a-41c2-9c0c-b3842fb5b897,Transfer,Electronics,69156.03,Chip Card,"Thiruvananthapuram, Kerala",ATM,0,Clean,INR,+91933954XXXXXX,Mobile recharge,pii_email_ec5f0a7bb330
cf14bd8d-0422-4d92-9e31-d141d682792d,pii_full_name_ff6a24161c36,Male,45,Maharashtra,Mumbai,Mumbai Branch,Business,49e93524-21bd-4ba1-844f-5bbfbc95871e,11-01-2025,09:01:25,98703.65,6ccecef9-b8f7-4786-a7aa-67478d2f0078,Withdrawal,Health,12973.84,Contactless Card,"Mumbai, Maharashtra",Mobile,0,Clean,INR,+91978866XXXXXX,Electricity bill,pii_email_8a6a54dd35b2
cf14bd8d-0422-4d92-9e31-d141d682792d,pii_full_name_ff6a24161c36,Male,45,Maharashtra,Mumbai,Mumbai Branch,Business,1f254098-22f1-4b6b-91a1-240a7373d48f,24-01-2025,07:13:27,78492.47,1fae0e10-d3e9-4f3c-ad10-5d1c75ca5092,Credit,Entertainment,22515.02,ATM Booth Kiosk,"Mumbai, Maharashtra",Desktop,0,Clean,INR,+91978866XXXXXX,Insurance premium,pii_email_8a6a54dd35b2
cf14bd8d-0422-4d92-9e31-d141d682792d,pii_full_name_ff6a24161c36,Male,45,Maharashtra,Mumbai,Mumbai Branch,Business,7a28b1fd-2776-4e32-9360-73cc1b21fcd5,05-02-2025,15:22:54,80966.0,e7926451-484c-4943-9707-e735889fa4c7,Credit,Health,19628.47,Debit/Credit Card,"Mumbai, Maharashtra",Desktop,1,Clean,INR,+91978866XXXXXX,Train ticket,pii_email_8a6a54dd35b2
cf14bd8d-0422-4d92-9e31-d141d682792d,pii_full_name_ff6a24161c36,Male,45,Maharashtra,Mumbai,Mumbai Branch,Business,078f830d-f53f-42a1-9d93-2d0dcaa9eaec,27-02-2025,07:43:24,23896.67,9e05d337-4696-4f07-b351-96b8cfb4217d,Transfer,Groceries,17127.61,ATM Booth Kiosk,"Mumbai, Maharashtra",Mobile,0,Clean,INR,+91978866XXXXXX,Movie tickets,pii_email_8a6a54dd35b2
cf14bd8d-0422-4d92-9e31-d141d682792d,pii_full_name_ff6a24161c36,Male,45,Maharashtra,Mumbai,Mumbai Branch,Business,514dbb6c-de5d-429e-9e05-cb5e072de641,27-02-2025,17:41:17,91019.16,2e1576b3-2898-495e-92b7-6889ad59a02e,Bill Payment,Restaurant,10526.56,ATM,"Mumbai, Maharashtra",ATM,0,Clean,INR,+91978866XXXXXX,EMI payment,pii_email_8a6a54dd35b2
cf14bd8d-0422-4d92-9e31-d141d682792d,pii_full_name_ff6a24161c36,Male,45,Maharashtra,Mumbai,Mumbai Branch,Business,6ba80e33-f8be-48ff-bdec-372e8524cd7a,04-03-2025,18:26:28,70829.57,bd3de358-3085-4c42-9608-1126f23ef9e1,Withdrawal,Groceries,5890.89,Contactless Card,"Mumbai, Maharashtra",Mobile,0,Clean,INR,+91978866XXXXXX,Mobile recharge,pii_email_8a6a54dd35b2
cf14bd8d-0422-4d92-9e31-d141d682792d,pii_full_name_ff6a24161c36,Male,45,Maharashtra,Mumbai,Mumbai Branch,Business,017ee9a7-3738-493b-a9d3-5fad98905871,16-04-2025,01:26:20,34677.73,52a9903b-4fea-42b4-95a5-f4f9a928406c,Bill Payment,Restaurant,18327.32,QR Code Scanner,"Mumbai, Maharashtra",Desktop,0,Clean,INR,+91978866XXXXXX,Mutual fund investment,pii_email_8a6a54dd35b2
cf14bd8d-0422-4d92-9e31-d141d682792d,pii_full_name_ff6a24161c36,Male,45,Maharashtra,Mumbai,Mumbai Branch,Business,502958a8-4bc2-484b-b027-dfbd7782927f,02-06-2025,07:07:09,58779.12,ed2d7f96-1877-401c-8963-c42fd114b0b7,Debit,Entertainment,5029.66,Virtual Card,"Mumbai, Maharashtra",Desktop,0,Clean,INR,+91978866XXXXXX,Hotel booking,pii_email_8a6a54dd35b2
cf14bd8d-0422-4d92-9e31-d141d682792d,pii_full_name_ff6a24161c36,Male,45,Maharashtra,Mumbai,Mumbai Branch,Business,668d69e7-05e8-4132-8c23-1f9069099fb6,18-06-2025,11:03:12,46674.87,b467680f-d5c5-423f-aa11-5579802cea58,Transfer,Clothing,21795.09,Branch Counter,"Mumbai, Maharashtra",Desktop,0,Clean,INR,+91978866XXXXXX,Food delivery,pii_email_8a6a54dd35b2
cf14bd8d-0422-4d92-9e31-d141d682792d,pii_full_name_ff6a24161c36,Male,45,Maharashtra,Mumbai,Mumbai Branch,Business,0b7205fc-6ab3-49d8-ae00-b9f49d4c99bf,25-06-2025,11:08:44,83771.91,7a94fb67-0121-4eea-bf7c-77dad100e501,Withdrawal,Clothing,22844.21,ATM,"Mumbai, Maharashtra",ATM,0,Clean,INR,+91978866XXXXXX,Mobile recharge,pii_email_8a6a54dd35b2
cf14bd8d-0422-4d92-9e31-d141d682792d,pii_full_name_ff6a24161c36,Male,45,Maharashtra,Mumbai,Mumbai Branch,Business,a4dcb6e6-59f9-4e0f-94f7-22920b9105fa,02-08-2025,11:22:12,55609.67,81f94270-9a16-433d-bd3e-5e7ad2761b5b,Withdrawal,Clothing,31221.4,Digital Wallet,"Mumbai, Maharashtra",ATM,0,Clean,INR,+91978866XXXXXX,Bitcoin transaction,pii_email_8a6a54dd35b2
cf14bd8d-0422-4d92-9e31-d141d682792d,pii_full_name_ff6a24161c36,Male,45,Maharashtra,Mumbai,Mumbai Branch,Business,5defa672-ab62-4d9c-9d3e-d08510cb8581,20-09-2025,10:23:42,96494.29,855a47d7-85ce-44cd-b91d-1512eafd19be,Withdrawal,Electronics,8677.89,Phone Banking,"Mumbai, Maharashtra",ATM,0,Clean,INR,+91978866XXXXXX,Hotel booking,pii_email_8a6a54dd35b2
cf14bd8d-0422-4d92-9e31-d141d682792d,pii_full_name_ff6a24161c36,Male,45,Maharashtra,Mumbai,Mumbai Branch,Business,e47a78a3-2a3a-4d29-8f74-8119074f9511,21-09-2025,22:01:12,56409.88,b3937d9a-717b-48f3-a6d4-b130e8ff7158,Credit,Clothing,11531.87,Magnetic Strip Card,"Mumbai, Maharashtra",Mobile,0,Clean,INR,+91978866XXXXXX,Flight ticket,pii_email_8a6a54dd35b2
cf14bd8d-0422-4d92-9e31-d141d682792d,pii_full_name_ff6a24161c36,Male,45,Maharashtra,Mumbai,Mumbai Branch,Business,011658b4-5e1b-4809-b3f4-40e1e98989c1,15-10-2025,03:52:00,57735.15,8a93004b-d36a-456a-9c5a-767b0846d32b,Debit,Groceries,30088.55,Chip Card,"Mumbai, Maharashtra",Mobile,0,Clean,INR,+91978866XXXXXX,Taxi fare,pii_email_8a6a54dd35b2
cf14bd8d-0422-4d92-9e31-d141d682792d,pii_full_name_ff6a24161c36,Male,45,Maharashtra,Mumbai,Mumbai Branch,Business,16ae2f41-035b-4fc0-a261-feb8acbde172,08-11-2025,23:26:03,77770.78,01f3fd87-1d30-4acf-bfd4-29a285283443,Withdrawal,Clothing,14737.94,Magnetic Strip Card,"Mumbai, Maharashtra",ATM,0,Clean,INR,+91978866XXXXXX,Mutual fund investment,pii_email_8a6a54dd35b2
cf14bd8d-0422-4d92-9e31-d141d682792d,pii_full_name_ff6a24161c36,Male,45,Maharashtra,Mumbai,Mumbai Branch,Business,1dc90a3a-40b4-41e5-98de-2da7f07b4171,03-12-2025,10:04:15,10965.13,ec7104fe-a715-4ec4-be8a-c299133416b8,Credit,Health,36782.37,Internet Banking,"Mumbai, Maharashtra",Desktop,1,Clean,INR,+91978866XXXXXX,Debt repayment,pii_email_8a6a54dd35b2
cf14bd8d-0422-4d92-9e31-d141d682792d,pii_full_name_ff6a24161c36,Male,45,Maharashtra,Mumbai,Mumbai Branch,Business,98fa42fe-d55c-4735-8d35-0531dbf52b07,05-12-2025,19:00:39,16337.14,1ae83741-5db9-4b63-834d-245e22997f76,Transfer,Restaurant,35862.07,Biometric ATM,"Mumbai, Maharashtra",POS,1,Clean,INR,+91978866XXXXXX,Food delivery,pii_email_8a6a54dd35b2
cf14bd8d-0422-4d92-9e31-d141d682792d,pii_full_name_ff6a24161c36,Male,45,Maharashtra,Mumbai,Mumbai Branch,Business,f732048e-eb7c-480a-b934-8e996fdddcaa,21-12-2025,05:29:56,96361.13,ceb290ee-2592-41df-a6d4-b8e9f5e8f3ce,Credit,Groceries,14665.77,Branch Counter,"Mumbai, Maharashtra",Desktop,0,Clean,INR,+91978866XXXXXX,Cash withdrawal,pii_email_8a6a54dd35b2
cf14bd8d-0422-4d92-9e31-d141d682792d,pii_full_name_ff6a24161c36,Male,45,Maharashtra,Mumbai,Mumbai Branch,Business,1e2f085d-e3a7-4262-8edd-0361db29eb81,31-12-2025,22:53:42,55973.03,da221df3-1b7a-41b4-8f54-d9c9ea8e1f41,Credit,Electronics,35685.85,Biometric ATM,"Mumbai, Maharashtra",ATM,1,Clean,INR,+91978866XXXXXX,Gym membership,pii_email_8a6a54dd35b2
cf4108aa-7468-42ac-8677-6c23b8e36b7c,pii_full_name_71b48227b264,Male,56,Karnataka,Mysore,Mysore Branch,Checking,5312ee6a-8f18-4fc6-87f7-299b73eda2ae,09-02-2025,12:54:50,77365.68,bd1bd2e9-c963-407e-a4a8-6d6474782968,Debit,Health,52634.43,Magnetic Strip Card,"Mysore, Karnataka",ATM,1,Clean,INR,+91998223XXXXXX,Gas bill,pii_email_1ff165b050c6
cf4108aa-7468-42ac-8677-6c23b8e36b7c,pii_full_name_71b48227b264,Male,56,Karnataka,Mysore,Mysore Branch,Checking,64ae648f-fa78-4712-a1b3-209c5a3030ce,22-02-2025,23:27:15,49947.2,22b8ede7-1ec4-44c8-bb6f-5fa2aa8f1558,Bill Payment,Health,9488.54,Chip Card,"Mysore, Karnataka",Mobile,0,Clean,INR,+91998223XXXXXX,Pharmacy bill,pii_email_1ff165b050c6
cf4108aa-7468-42ac-8677-6c23b8e36b7c,pii_full_name_71b48227b264,Male,56,Karnataka,Mysore,Mysore Branch,Checking,18e6f37a-8bbc-44c6-b3aa-c84dc5c3ca75,23-02-2025,13:39:54,28996.02,435203f4-e3d9-4b4e-9d20-5b2873666ccb,Credit,Groceries,14483.26,Contactless Card,"Mysore, Karnataka",ATM,0,Clean,INR,+91998223XXXXXX,Gas bill,pii_email_1ff165b050c6
cf4108aa-7468-42ac-8677-6c23b8e36b7c,pii_full_name_71b48227b264,Male,56,Karnataka,Mysore,Mysore Branch,Checking,5b081140-7856-435f-a8a8-63fa653fa052,03-03-2025,06:47:06,34498.83,ab558168-2baf-482f-840f-e4ff8074cb3d,Withdrawal,Electronics,22985.5,Branch Counter,"Mysore, Karnataka",Desktop,0,Clean,INR,+91998223XXXXXX,Online shopping,pii_email_1ff165b050c6
cf4108aa-7468-42ac-8677-6c23b8e36b7c,pii_full_name_71b48227b264,Male,56,Karnataka,Mysore,Mysore Branch,Checking,38c14926-1b93-43cd-9819-e4545ed00aa7,20-03-2025,11:48:56,84352.78,a37b653c-f515-43c2-bbb3-9e0d1d32d73f,Bill Payment,Entertainment,26721.89,Mobile Banking App,"Mysore, Karnataka",Mobile,0,Clean,INR,+91998223XXXXXX,Debt repayment,pii_email_1ff165b050c6
cf4108aa-7468-42ac-8677-6c23b8e36b7c,pii_full_name_71b48227b264,Male,56,Karnataka,Mysore,Mysore Branch,Checking,35deee77-711a-4bbd-a48c-812c30b85508,28-03-2025,13:05:24,12261.99,a18af69e-30b9-4bdc-965e-2a8969a08b6f,Debit,Electronics,51526.26,ATM Booth Kiosk,"Mysore, Karnataka",POS,0,Clean,INR,+91998223XXXXXX,Taxi fare,pii_email_1ff165b050c6
cf4108aa-7468-42ac-8677-6c23b8e36b7c,pii_full_name_71b48227b264,Male,56,Karnataka,Mysore,Mysore Branch,Checking,4961eacd-a424-4e9a-9a97-1154696e89e1,30-03-2025,16:20:08,72889.64,aa2f7cf8-268b-48d5-a985-14b0adffb6b5,Bill Payment,Restaurant,45077.54,Chip Card,"Mysore, Karnataka",POS,0,Clean,INR,+91998223XXXXXX,Bitcoin transaction,pii_email_1ff165b050c6
cf4108aa-7468-42ac-8677-6c23b8e36b7c,pii_full_name_71b48227b264,Male,56,Karnataka,Mysore,Mysore Branch,Checking,52808f12-db81-4d24-8925-ddb2f762edec,12-04-2025,23:13:16,8347.65,6df3d442-c65d-4a7a-86c1-52c3517dff93,Transfer,Health,27556.66,Voice Assistant,"Mysore, Karnataka",POS,0,Clean,INR,+91998223XXXXXX,Bitcoin transaction,pii_email_1ff165b050c6
cf4108aa-7468-42ac-8677-6c23b8e36b7c,pii_full_name_71b48227b264,Male,56,Karnataka,Mysore,Mysore Branch,Checking,0ee99e00-c3f0-4c7b-ad8e-46a9c6916b5d,18-05-2025,18:18:50,11212.77,60b9fadf-adbc-4f1c-8e0a-071445999892,Bill Payment,Restaurant,26435.38,ATM Booth Kiosk,"Mysore, Karnataka",Desktop,0,Clean,INR,+91998223XXXXXX,Food delivery,pii_email_1ff165b050c6
cf4108aa-7468-42ac-8677-6c23b8e36b7c,pii_full_name_71b48227b264,Male,56,Karnataka,Mysore,Mysore Branch,Checking,18657b9c-b608-4790-81df-9667190f197c,28-06-2025,03:22:27,29337.99,b6b38736-bef9-45c6-95a8-3a32025e5efe,Bill Payment,Restaurant,35157.17,QR Code Scanner,"Mysore, Karnataka",Desktop,0,Clean,INR,+91998223XXXXXX,Flight ticket,pii_email_1ff165b050c6
cf4108aa-7468-42ac-8677-6c23b8e36b7c,pii_full_name_71b48227b264,Male,56,Karnataka,Mysore,Mysore Branch,Checking,cf5198b0-9068-40fb-ae29-5593e8079ec4,27-07-2025,09:10:30,1174.2,4fcc272e-c43c-4e03-a439-7471758a6d1e,Withdrawal,Electronics,38090.97,Video Banking,"Mysore, Karnataka",Desktop,0,Clean,INR,+91998223XXXXXX,Bus ticket,pii_email_1ff165b050c6
cf4108aa-7468-42ac-8677-6c23b8e36b7c,pii_full_name_71b48227b264,Male,56,Karnataka,Mysore,Mysore Branch,Checking,b276b151-1236-47d2-856a-d67cc67fe2de,28-07-2025,04:42:21,65354.82,b82f55bc-e00b-4a3b-a089-ad8c551ba3dd,Debit,Clothing,5029.66,Chip Card,"Mysore, Karnataka",ATM,0,Clean,INR,+91998223XXXXXX,Bitcoin transaction,pii_email_1ff165b050c6
cf4108aa-7468-42ac-8677-6c23b8e36b7c,pii_full_name_71b48227b264,Male,56,Karnataka,Mysore,Mysore Branch,Checking,39627be5-484c-44dd-8154-c294fa69f199,03-09-2025,16:21:12,62779.9,48f5f8a0-09d4-44da-b33d-b972d6d489a2,Debit,Restaurant,16707.51,Video Banking,"Mysore, Karnataka",Mobile,0,Clean,INR,+91998223XXXXXX,Grocery delivery,pii_email_1ff165b050c6
cf4108aa-7468-42ac-8677-6c23b8e36b7c,pii_full_name_71b48227b264,Male,56,Karnataka,Mysore,Mysore Branch,Checking,61d8ca0d-220d-41f1-8946-a6b5e9febe4c,20-09-2025,05:36:03,2679.26,c2c0794c-d653-4412-bd46-f2a4304deb9f,Bill Payment,Health,52366.5,Chip Card,"Mysore, Karnataka",Mobile,0,Clean,INR,+91998223XXXXXX,Pharmacy bill,pii_email_1ff165b050c6
cf4108aa-7468-42ac-8677-6c23b8e36b7c,pii_full_name_71b48227b264,Male,56,Karnataka,Mysore,Mysore Branch,Checking,00b597c8-7ee3-4f0f-afa4-11b4ab9c9d59,22-09-2025,02:53:25,51238.46,c2be8fdd-f022-4ccf-880e-5f0a11c09dd3,Bill Payment,Groceries,11583.66,Magnetic Strip Card,"Mysore, Karnataka",Desktop,0,Clean,INR,+91998223XXXXXX,Gas bill,pii_email_1ff165b050c6
cf4108aa-7468-42ac-8677-6c23b8e36b7c,pii_full_name_71b48227b264,Male,56,Karnataka,Mysore,Mysore Branch,Checking,ef2e28a7-1ff7-4a4b-99ca-12f0899940b7,25-09-2025,16:12:18,10977.85,1517a3b7-e15d-4614-9c44-95e1b1fe9e89,Debit,Clothing,52752.46,Voice Assistant,"Mysore, Karnataka",ATM,0,Clean,INR,+91998223XXXXXX,Utility bill,pii_email_1ff165b050c6
cf4108aa-7468-42ac-8677-6c23b8e36b7c,pii_full_name_71b48227b264,Male,56,Karnataka,Mysore,Mysore Branch,Checking,5a852425-82f7-4363-bbc6-f319bf3fd68f,02-11-2025,19:39:07,88447.3,69afec22-eb4e-47af-bef3-70aecb700e9c,Credit,Health,60370.99,Self-service Banking Machine,"Mysore, Karnataka",Mobile,0,Clean,INR,+91998223XXXXXX,EMI payment,pii_email_1ff165b050c6
cf4108aa-7468-42ac-8677-6c23b8e36b7c,pii_full_name_71b48227b264,Male,56,Karnataka,Mysore,Mysore Branch,Checking,78f2bc20-5855-4d81-aa4b-9cbed2c80a80,09-12-2025,05:31:44,32773.68,8e9097f6-cbb9-46dc-8df8-f77761da19c7,Withdrawal,Health,5029.66,QR Code Scanner,"Mysore, Karnataka",POS,0,Clean,INR,+91998223XXXXXX,Train ticket,pii_email_1ff165b050c6
cf4108aa-7468-42ac-8677-6c23b8e36b7c,pii_full_name_71b48227b264,Male,56,Karnataka,Mysore,Mysore Branch,Checking,3ddd7635-1c8f-48d6-9d7c-35584b25ccc7,15-12-2025,19:32:40,68691.48,eba979b9-eaf8-4b8e-b4bc-bbc7e724521a,Withdrawal,Entertainment,38208.39,QR Code Scanner,"Mysore, Karnataka",Mobile,0,Clean,INR,+91998223XXXXXX,Utility bill,pii_email_1ff165b050c6
cf7f18d0-3029-4c71-a2f9-40e70c6a84c8,pii_full_name_62968df61d50,Female,50,Rajasthan,Jodhpur,Jodhpur Branch,Business,e9bf1c8d-ca9e-4b48-be4b-eb5bf141c293,04-01-2025,08:24:33,24057.83,6a81e175-9617-4075-9d79-68e927387beb,Bill Payment,Clothing,27815.49,Magnetic Strip Card,"Jodhpur, Rajasthan",Mobile,0,Clean,INR,+91981895XXXXXX,Food delivery,pii_email_397895299bae
cf7f18d0-3029-4c71-a2f9-40e70c6a84c8,pii_full_name_62968df61d50,Female,50,Rajasthan,Jodhpur,Jodhpur Branch,Business,a87660e3-3e3f-49fd-8eed-8db45a932e08,17-01-2025,14:49:42,79735.97,98184434-a32b-47e6-b928-e4770d28b36a,Bill Payment,Groceries,19371.48,Virtual Card,"Jodhpur, Rajasthan",Mobile,0,Clean,INR,+91981895XXXXXX,Insurance premium,pii_email_397895299bae
cf7f18d0-3029-4c71-a2f9-40e70c6a84c8,pii_full_name_62968df61d50,Female,50,Rajasthan,Jodhpur,Jodhpur Branch,Business,411c8ecd-de64-4719-9beb-d7960b02b91d,19-02-2025,09:57:27,85123.56,eb174827-ea53-4392-88da-a25709e2e603,Credit,Groceries,30221.27,Magnetic Strip Card,"Jodhpur, Rajasthan",Mobile,0,Clean,INR,+91981895XXXXXX,Bus ticket,pii_email_397895299bae
cf7f18d0-3029-4c71-a2f9-40e70c6a84c8,pii_full_name_62968df61d50,Female,50,Rajasthan,Jodhpur,Jodhpur Branch,Business,e4d393cb-7c91-4f15-9edd-42bb572829f7,21-02-2025,20:19:40,80635.97,6a5006c7-3400-436a-b776-ab65a5f51626,Debit,Electronics,10046.99,ATM Booth Kiosk,"Jodhpur, Rajasthan",Mobile,0,Clean,INR,+91981895XXXXXX,Restaurant dining,pii_email_397895299bae
cf7f18d0-3029-4c71-a2f9-40e70c6a84c8,pii_full_name_62968df61d50,Female,50,Rajasthan,Jodhpur,Jodhpur Branch,Business,c4ab3f4d-bf7b-40fa-a4ef-923c0e5c33cd,27-03-2025,07:06:24,96646.95,90d05f95-eda3-4f58-8bc5-f057cfbecdef,Credit,Clothing,21990.85,Self-service Banking Machine,"Jodhpur, Rajasthan",POS,0,Clean,INR,+91981895XXXXXX,Gas bill,pii_email_397895299bae
cf7f18d0-3029-4c71-a2f9-40e70c6a84c8,pii_full_name_62968df61d50,Female,50,Rajasthan,Jodhpur,Jodhpur Branch,Business,248fee1a-9970-4d39-8250-7a52348b2644,29-03-2025,13:27:44,3112.42,21b3b7f3-4d7a-4f10-b8ea-ae44ec1fd5dd,Credit,Electronics,10358.23,QR Code Scanner,"Jodhpur, Rajasthan",ATM,0,Clean,INR,+91981895XXXXXX,Insurance premium,pii_email_397895299bae
cf7f18d0-3029-4c71-a2f9-40e70c6a84c8,pii_full_name_62968df61d50,Female,50,Rajasthan,Jodhpur,Jodhpur Branch,Business,ea82ba85-c5ba-4310-bb12-eb279ecacbb0,02-04-2025,10:47:36,15638.25,dc145fae-c1cc-4ca6-ae1e-51ec2ca9cba9,Credit,Electronics,10792.02,Self-service Banking Machine,"Jodhpur, Rajasthan",Desktop,0,Clean,INR,+91981895XXXXXX,Mobile recharge,pii_email_397895299bae
cf7f18d0-3029-4c71-a2f9-40e70c6a84c8,pii_full_name_62968df61d50,Female,50,Rajasthan,Jodhpur,Jodhpur Branch,Business,96335c27-f978-490f-83ab-7b98f783c262,02-04-2025,12:33:37,2819.37,6fe5f65f-89c0-4edd-afec-cc1e5d16d6a4,Bill Payment,Clothing,21708.91,Self-service Banking Machine,"Jodhpur, Rajasthan",ATM,0,Clean,INR,+91981895XXXXXX,Gas bill,pii_email_397895299bae
cf7f18d0-3029-4c71-a2f9-40e70c6a84c8,pii_full_name_62968df61d50,Female,50,Rajasthan,Jodhpur,Jodhpur Branch,Business,aedc463d-6ad3-44e5-a804-a82d992b11ab,10-04-2025,06:03:08,21290.12,8e58d7c0-552d-4862-a56e-830b926ca217,Credit,Groceries,27345.07,QR Code Scanner,"Jodhpur, Rajasthan",POS,0,Clean,INR,+91981895XXXXXX,Food delivery,pii_email_397895299bae
cf7f18d0-3029-4c71-a2f9-40e70c6a84c8,pii_full_name_62968df61d50,Female,50,Rajasthan,Jodhpur,Jodhpur Branch,Business,4315f1ac-5f13-4159-a2e3-14b5aae6ecd7,22-05-2025,01:28:17,29724.85,d8fabc69-8f05-4a5c-aea1-acea5a25b03d,Transfer,Restaurant,24567.87,QR Code Scanner,"Jodhpur, Rajasthan",ATM,0,Clean,INR,+91981895XXXXXX,Gym membership,pii_email_397895299bae
cf7f18d0-3029-4c71-a2f9-40e70c6a84c8,pii_full_name_62968df61d50,Female,50,Rajasthan,Jodhpur,Jodhpur Branch,Business,3ec138c4-f8c4-460f-b878-16281e60147f,30-05-2025,02:00:32,55120.1,027c09c6-6eec-4bfe-959c-dc8087e72bc3,Credit,Groceries,18110.59,Digital Wallet,"Jodhpur, Rajasthan",POS,0,Clean,INR,+91981895XXXXXX,Insurance premium,pii_email_397895299bae
cf7f18d0-3029-4c71-a2f9-40e70c6a84c8,pii_full_name_62968df61d50,Female,50,Rajasthan,Jodhpur,Jodhpur Branch,Business,b2186cff-a783-4781-95b1-bd8b904d8fa5,30-06-2025,06:05:05,4711.02,c878514f-7ee7-43c4-8219-5aa1dff5bab2,Transfer,Health,12598.58,Internet Banking,"Jodhpur, Rajasthan",POS,0,Clean,INR,+91981895XXXXXX,Mutual fund investment,pii_email_397895299bae
cf7f18d0-3029-4c71-a2f9-40e70c6a84c8,pii_full_name_62968df61d50,Female,50,Rajasthan,Jodhpur,Jodhpur Branch,Business,832c2ba6-e8c2-4001-9965-a11e2013e9d4,27-07-2025,07:55:13,31243.42,f69c68df-fcee-4809-90eb-749491442469,Debit,Health,12127.47,Biometric ATM,"Jodhpur, Rajasthan",ATM,0,Clean,INR,+91981895XXXXXX,Grocery delivery,pii_email_397895299bae
cf7f18d0-3029-4c71-a2f9-40e70c6a84c8,pii_full_name_62968df61d50,Female,50,Rajasthan,Jodhpur,Jodhpur Branch,Business,40ee4f85-f2f1-47d5-bde7-8dd487a2e989,13-08-2025,00:46:53,45629.92,77fb2884-b2b1-4278-bb31-6da8cee025c6,Debit,Health,14808.49,Chip Card,"Jodhpur, Rajasthan",Desktop,0,Clean,INR,+91981895XXXXXX,Bus ticket,pii_email_397895299bae
cf7f18d0-3029-4c71-a2f9-40e70c6a84c8,pii_full_name_62968df61d50,Female,50,Rajasthan,Jodhpur,Jodhpur Branch,Business,cc93ffd7-112b-41ee-8a5f-2d33cb976ff6,30-08-2025,01:10:54,53423.15,af852433-b6e0-4e39-8ebf-1016b8482846,Bill Payment,Restaurant,12326.15,ATM,"Jodhpur, Rajasthan",Mobile,0,Clean,INR,+91981895XXXXXX,Gym membership,pii_email_397895299bae
cf7f18d0-3029-4c71-a2f9-40e70c6a84c8,pii_full_name_62968df61d50,Female,50,Rajasthan,Jodhpur,Jodhpur Branch,Business,7460d14d-b23f-440c-86c1-acec9a6e497e,05-09-2025,02:13:14,4433.31,99279570-d361-4744-a47d-fe1927c56263,Credit,Electronics,15251.82,Branch Counter,"Jodhpur, Rajasthan",Mobile,0,Clean,INR,+91981895XXXXXX,Gas bill,pii_email_397895299bae
cf7f18d0-3029-4c71-a2f9-40e70c6a84c8,pii_full_name_62968df61d50,Female,50,Rajasthan,Jodhpur,Jodhpur Branch,Business,ec501e9e-854d-43d9-b8a4-6308324a4f38,28-09-2025,05:10:31,62200.99,753fb465-a675-406a-b031-2dab5000c0b8,Bill Payment,Electronics,21595.39,QR Code Scanner,"Jodhpur, Rajasthan",ATM,0,Clean,INR,+91981895XXXXXX,Bus ticket,pii_email_397895299bae
cf7f18d0-3029-4c71-a2f9-40e70c6a84c8,pii_full_name_62968df61d50,Female,50,Rajasthan,Jodhpur,Jodhpur Branch,Business,1c9d6be3-e54e-41b6-aeb1-96e8a4c3e384,06-10-2025,21:09:54,6481.91,1bab6fa7-e910-4a11-936e-647c1adb37d3,Credit,Entertainment,25216.06,Magnetic Strip Card,"Jodhpur, Rajasthan",Desktop,0,Clean,INR,+91981895XXXXXX,Restaurant dining,pii_email_397895299bae
cf7f18d0-3029-4c71-a2f9-40e70c6a84c8,pii_full_name_62968df61d50,Female,50,Rajasthan,Jodhpur,Jodhpur Branch,Business,410fcebc-3681-4275-88cd-1702986f42d7,20-10-2025,10:33:16,11300.31,58469d94-b100-4681-bc99-a142b6b8f2d8,Debit,Clothing,9228.2,Branch Counter,"Jodhpur, Rajasthan",POS,0,Clean,INR,+91981895XXXXXX,Jewelry purchase,pii_email_397895299bae
d04dbedd-275b-4bc3-a6d7-0c2eabf93be2,pii_full_name_efa84bb08bb3,Female,40,Punjab,Ludhiana,Ludhiana Branch,Business,fc1c36bc-3cc1-468f-ac1d-0308cb1de129,12-01-2025,14:30:14,60369.12,7b1950cf-f1b6-4601-8ac3-344a1cc42f73,Withdrawal,Electronics,25080.26,ATM Booth Kiosk,"Ludhiana, Punjab",ATM,0,Clean,INR,+91952808XXXXXX,Cash withdrawal,pii_email_b6fe11ef3ab6
d04dbedd-275b-4bc3-a6d7-0c2eabf93be2,pii_full_name_efa84bb08bb3,Female,40,Punjab,Ludhiana,Ludhiana Branch,Business,2622bc2b-e829-409e-823e-cb0bf98bf9b3,18-01-2025,09:09:37,48928.19,d38a01cc-e176-44a8-b6da-86d302b6b40d,Credit,Groceries,36599.87,Internet Banking,"Ludhiana, Punjab",Desktop,0,Clean,INR,+91952808XXXXXX,Bus ticket,pii_email_b6fe11ef3ab6
d04dbedd-275b-4bc3-a6d7-0c2eabf93be2,pii_full_name_efa84bb08bb3,Female,40,Punjab,Ludhiana,Ludhiana Branch,Business,5d9d9aff-f0ef-465e-92ff-707c2c0f91c3,19-01-2025,01:31:48,42659.4,9cbb9ae3-6546-4fd6-b59e-ad11ee3e6492,Bill Payment,Groceries,53527.8,Branch Counter,"Ludhiana, Punjab",Mobile,1,Clean,INR,+91952808XXXXXX,Movie tickets,pii_email_b6fe11ef3ab6
d04dbedd-275b-4bc3-a6d7-0c2eabf93be2,pii_full_name_efa84bb08bb3,Female,40,Punjab,Ludhiana,Ludhiana Branch,Business,75cf87df-ebb8-4fa3-8fd1-2f8ca5f44f9b,07-02-2025,11:50:32,94179.73,dcb3fc0b-a08e-4fa5-a424-b9f7c9a52f9d,Withdrawal,Clothing,15662.29,Voice Assistant,"Ludhiana, Punjab",ATM,0,Clean,INR,+91952808XXXXXX,Debt repayment,pii_email_b6fe11ef3ab6
d04dbedd-275b-4bc3-a6d7-0c2eabf93be2,pii_full_name_efa84bb08bb3,Female,40,Punjab,Ludhiana,Ludhiana Branch,Business,c0cba005-e222-4e09-8e8d-8e69a4707a4c,11-02-2025,08:10:24,91828.58,17407c2a-ff84-4d79-8f10-4db11ee96cdc,Credit,Health,58422.3,Mobile Banking App,"Ludhiana, Punjab",ATM,0,Clean,INR,+91952808XXXXXX,Mutual fund investment,pii_email_b6fe11ef3ab6
d04dbedd-275b-4bc3-a6d7-0c2eabf93be2,pii_full_name_efa84bb08bb3,Female,40,Punjab,Ludhiana,Ludhiana Branch,Business,a7d9792d-2c50-4bbc-934c-cec4a609ff7c,09-03-2025,12:23:47,83742.71,d184ddec-3e4c-4cb2-94f4-c2d3764ba2f6,Withdrawal,Electronics,37322.91,POS Mobile Device,"Ludhiana, Punjab",Desktop,1,Clean,INR,+91952808XXXXXX,Grocery delivery,pii_email_b6fe11ef3ab6
d04dbedd-275b-4bc3-a6d7-0c2eabf93be2,pii_full_name_efa84bb08bb3,Female,40,Punjab,Ludhiana,Ludhiana Branch,Business,51bc1e91-3f9b-4919-b6ef-63bfded8b714,19-03-2025,12:13:07,87015.48,be98c8ea-59e3-4041-b997-efa89ad5193a,Credit,Health,63995.32,Video Banking,"Ludhiana, Punjab",POS,0,Clean,INR,+91952808XXXXXX,Hotel booking,pii_email_b6fe11ef3ab6
d04dbedd-275b-4bc3-a6d7-0c2eabf93be2,pii_full_name_efa84bb08bb3,Female,40,Punjab,Ludhiana,Ludhiana Branch,Business,9bd73dde-1dae-41c8-a022-784c8d8bf94b,23-04-2025,15:46:53,62749.87,0b6a8b6c-e97b-480a-9c83-717de72fb113,Bill Payment,Groceries,55539.72,POS Mobile Device,"Ludhiana, Punjab",Desktop,0,Clean,INR,+91952808XXXXXX,Bus ticket,pii_email_b6fe11ef3ab6
d04dbedd-275b-4bc3-a6d7-0c2eabf93be2,pii_full_name_efa84bb08bb3,Female,40,Punjab,Ludhiana,Ludhiana Branch,Business,08258aff-d153-4264-a432-c12160ecc0ac,01-05-2025,19:04:06,78306.21,47ad35e6-9426-402c-a391-52cc176985f8,Bill Payment,Health,45697.18,QR Code Scanner,"Ludhiana, Punjab",Mobile,0,Clean,INR,+91952808XXXXXX,Gym membership,pii_email_b6fe11ef3ab6
d04dbedd-275b-4bc3-a6d7-0c2eabf93be2,pii_full_name_efa84bb08bb3,Female,40,Punjab,Ludhiana,Ludhiana Branch,Business,e7eec78d-ae3f-4547-b30b-e0518eaa92cb,08-05-2025,20:47:20,63002.73,bc9c259e-e325-4e99-8bf7-8fedc404c154,Bill Payment,Restaurant,49239.44,QR Code Scanner,"Ludhiana, Punjab",POS,0,Clean,INR,+91952808XXXXXX,Gym membership,pii_email_b6fe11ef3ab6
d04dbedd-275b-4bc3-a6d7-0c2eabf93be2,pii_full_name_efa84bb08bb3,Female,40,Punjab,Ludhiana,Ludhiana Branch,Business,e7161391-d21c-40d5-bdef-03ae00ffb842,06-08-2025,13:57:40,21806.11,988cebe3-54ee-4c40-9b71-ee100cc75018,Debit,Clothing,61814.7,Internet Banking,"Ludhiana, Punjab",Mobile,0,Clean,INR,+91952808XXXXXX,Electricity bill,pii_email_b6fe11ef3ab6
d04dbedd-275b-4bc3-a6d7-0c2eabf93be2,pii_full_name_efa84bb08bb3,Female,40,Punjab,Ludhiana,Ludhiana Branch,Business,43438051-cc40-4d00-9cf7-b9fef1c1339a,02-09-2025,04:25:40,74710.27,116e9aaf-1aff-4c20-8516-a51f25f8355f,Debit,Health,8191.26,POS Mobile Device,"Ludhiana, Punjab",Desktop,0,Clean,INR,+91952808XXXXXX,Gym membership,pii_email_b6fe11ef3ab6
d04dbedd-275b-4bc3-a6d7-0c2eabf93be2,pii_full_name_efa84bb08bb3,Female,40,Punjab,Ludhiana,Ludhiana Branch,Business,abba5179-3f8e-4f93-aadd-7439d0bd9f07,01-10-2025,16:07:57,56158.58,1b160198-8903-485e-9941-15569284b01a,Debit,Groceries,31707.05,POS Mobile App,"Ludhiana, Punjab",ATM,0,Clean,INR,+91952808XXXXXX,Movie tickets,pii_email_b6fe11ef3ab6
d04dbedd-275b-4bc3-a6d7-0c2eabf93be2,pii_full_name_efa84bb08bb3,Female,40,Punjab,Ludhiana,Ludhiana Branch,Business,040302c6-ec65-4dd9-8041-7521f4738fcd,06-10-2025,10:09:49,68402.12,2003f483-ae75-41d9-a383-0d5f9f0840bb,Bill Payment,Groceries,55293.77,QR Code Scanner,"Ludhiana, Punjab",Desktop,0,Clean,INR,+91952808XXXXXX,Flight ticket,pii_email_b6fe11ef3ab6
d04dbedd-275b-4bc3-a6d7-0c2eabf93be2,pii_full_name_efa84bb08bb3,Female,40,Punjab,Ludhiana,Ludhiana Branch,Business,b226f7da-2c91-4bfc-ab38-468168556970,24-10-2025,09:05:04,24554.14,339d2d11-bc49-4b5a-a7b8-a811323790bc,Credit,Restaurant,57793.74,Digital Wallet,"Ludhiana, Punjab",Desktop,0,Clean,INR,+91952808XXXXXX,Jewelry purchase,pii_email_b6fe11ef3ab6
d04dbedd-275b-4bc3-a6d7-0c2eabf93be2,pii_full_name_efa84bb08bb3,Female,40,Punjab,Ludhiana,Ludhiana Branch,Business,49fc583e-ceee-4c14-a85a-61f65e8d1c06,08-12-2025,07:14:44,30839.76,cf4cde19-7bb3-4c5d-baf1-dc771fb50bf3,Bill Payment,Groceries,55338.32,QR Code Scanner,"Ludhiana, Punjab",Mobile,0,Clean,INR,+91952808XXXXXX,Electricity bill,pii_email_b6fe11ef3ab6
d04dbedd-275b-4bc3-a6d7-0c2eabf93be2,pii_full_name_efa84bb08bb3,Female,40,Punjab,Ludhiana,Ludhiana Branch,Business,7d254985-4416-4e65-892b-433d7c7c5f58,17-12-2025,22:06:37,54826.97,e1cf11e4-541d-4e10-b9bb-c7e020534293,Debit,Clothing,31117.17,Biometric ATM,"Ludhiana, Punjab",ATM,0,Clean,INR,+91952808XXXXXX,Gym membership,pii_email_b6fe11ef3ab6
d0bdf54b-2784-47a0-8db1-8767826bfe8f,pii_full_name_2b6ba26dd06a,Male,23,Gujarat,Vadodara,Vadodara Branch,Savings,9b4a988e-bafd-47da-a6d7-1e2e90efcd33,15-01-2025,11:16:40,45622.76,ddfa1118-e707-443e-b199-a797697b19c3,Bill Payment,Health,56765.92,Virtual Card,"Vadodara, Gujarat",Desktop,0,Clean,INR,+91913748XXXXXX,EMI payment,pii_email_fb6609764dcb
d0bdf54b-2784-47a0-8db1-8767826bfe8f,pii_full_name_2b6ba26dd06a,Male,23,Gujarat,Vadodara,Vadodara Branch,Savings,60e36c5e-c336-4fb3-bdc3-6086283063c5,22-01-2025,19:49:42,11270.41,2dc88dac-fb96-4207-9d8c-bf43ae9ab603,Debit,Health,66882.95,Digital Wallet,"Vadodara, Gujarat",ATM,0,Clean,INR,+91913748XXXXXX,Jewelry purchase,pii_email_fb6609764dcb
d0bdf54b-2784-47a0-8db1-8767826bfe8f,pii_full_name_2b6ba26dd06a,Male,23,Gujarat,Vadodara,Vadodara Branch,Savings,a7c4fa68-916b-4af2-9591-3911bbcdc7bc,29-03-2025,00:10:54,9895.81,78832cc7-6a1d-4956-8a97-3a69aae96da4,Bill Payment,Electronics,64252.76,Biometric ATM,"Vadodara, Gujarat",POS,0,Clean,INR,+91913748XXXXXX,Bitcoin transaction,pii_email_fb6609764dcb
d0bdf54b-2784-47a0-8db1-8767826bfe8f,pii_full_name_2b6ba26dd06a,Male,23,Gujarat,Vadodara,Vadodara Branch,Savings,a537e22a-0248-4375-b158-920a85a854db,26-05-2025,23:13:33,90795.32,41b8d8b9-584f-4512-a3ce-82016bd829b0,Credit,Restaurant,59997.75,POS Mobile Device,"Vadodara, Gujarat",ATM,0,Clean,INR,+91913748XXXXXX,Train ticket,pii_email_fb6609764dcb
d0bdf54b-2784-47a0-8db1-8767826bfe8f,pii_full_name_2b6ba26dd06a,Male,23,Gujarat,Vadodara,Vadodara Branch,Savings,498ee632-b58c-4eb8-abcd-363403b2a00c,28-05-2025,08:31:03,10493.86,70a1457b-2829-474b-b4c5-b8ad9c0ec392,Transfer,Entertainment,81152.23,POS Mobile Device,"Vadodara, Gujarat",ATM,0,Clean,INR,+91913748XXXXXX,Mobile recharge,pii_email_fb6609764dcb
d0bdf54b-2784-47a0-8db1-8767826bfe8f,pii_full_name_2b6ba26dd06a,Male,23,Gujarat,Vadodara,Vadodara Branch,Savings,0d6d07f3-8de0-4a34-be95-99822bc7cf51,29-05-2025,07:50:13,43811.96,c0cfc1f4-338d-4f9c-a69b-8038531f4553,Transfer,Entertainment,61328.2,Contactless Card,"Vadodara, Gujarat",Desktop,0,Clean,INR,+91913748XXXXXX,Restaurant dining,pii_email_fb6609764dcb
d0bdf54b-2784-47a0-8db1-8767826bfe8f,pii_full_name_2b6ba26dd06a,Male,23,Gujarat,Vadodara,Vadodara Branch,Savings,b85e71a4-bd38-4650-b3c6-a18f12970dfb,08-06-2025,13:01:28,79785.16,44894f80-9780-4898-9dba-f03657e9d591,Bill Payment,Restaurant,50918.21,Internet Banking,"Vadodara, Gujarat",POS,0,Clean,INR,+91913748XXXXXX,EMI payment,pii_email_fb6609764dcb
d0bdf54b-2784-47a0-8db1-8767826bfe8f,pii_full_name_2b6ba26dd06a,Male,23,Gujarat,Vadodara,Vadodara Branch,Savings,b50a04ed-0706-409b-b735-f61b72571d1b,15-06-2025,09:59:41,23131.67,748b05df-0b6e-4049-9f3b-0761585a8bc9,Withdrawal,Clothing,68009.99,POS Mobile App,"Vadodara, Gujarat",POS,0,Clean,INR,+91913748XXXXXX,Train ticket,pii_email_fb6609764dcb
d0bdf54b-2784-47a0-8db1-8767826bfe8f,pii_full_name_2b6ba26dd06a,Male,23,Gujarat,Vadodara,Vadodara Branch,Savings,6f309ce9-0b08-4047-8fae-1d46c9b3d956,06-07-2025,19:09:01,61264.26,29c83550-d4fc-4eed-b59c-4fb2c9135f62,Withdrawal,Electronics,65242.34,Debit/Credit Card,"Vadodara, Gujarat",ATM,0,Clean,INR,+91913748XXXXXX,Bus ticket,pii_email_fb6609764dcb
d0bdf54b-2784-47a0-8db1-8767826bfe8f,pii_full_name_2b6ba26dd06a,Male,23,Gujarat,Vadodara,Vadodara Branch,Savings,21e135ad-1751-45c9-84ee-d63cedf882b2,18-10-2025,04:08:28,8462.26,935a4c69-5894-4267-aae1-e447c9680419,Bill Payment,Electronics,59452.34,Virtual Card,"Vadodara, Gujarat",ATM,0,Clean,INR,+91913748XXXXXX,Gas bill,pii_email_fb6609764dcb
d0bdf54b-2784-47a0-8db1-8767826bfe8f,pii_full_name_2b6ba26dd06a,Male,23,Gujarat,Vadodara,Vadodara Branch,Savings,0c6603a2-e5df-4741-adc1-2e635131eb5c,25-10-2025,08:41:30,97834.68,45f5db29-a446-46e1-8d42-18355bb22f33,Debit,Clothing,71368.77,Phone Banking,"Vadodara, Gujarat",ATM,0,Clean,INR,+91913748XXXXXX,Bus ticket,pii_email_fb6609764dcb
d0bdf54b-2784-47a0-8db1-8767826bfe8f,pii_full_name_2b6ba26dd06a,Male,23,Gujarat,Vadodara,Vadodara Branch,Savings,7a4b9fb5-b7f4-456b-9640-9de7e40a853c,17-11-2025,14:27:52,75766.95,70bfe8ac-7a53-436e-b675-7549f3e8701f,Credit,Groceries,71829.45,UPI,"Vadodara, Gujarat",POS,0,Clean,INR,+91913748XXXXXX,Jewelry purchase,pii_email_fb6609764dcb
d0bdf54b-2784-47a0-8db1-8767826bfe8f,pii_full_name_2b6ba26dd06a,Male,23,Gujarat,Vadodara,Vadodara Branch,Savings,8d8b1410-efa7-497f-ace0-89d8b826df7e,27-11-2025,12:02:11,15062.96,a3e4f1d5-586f-4559-91a3-aeb89acfbff0,Debit,Groceries,70323.16,ATM Booth Kiosk,"Vadodara, Gujarat",Desktop,0,Clean,INR,+91913748XXXXXX,Train ticket,pii_email_fb6609764dcb
d0bdf54b-2784-47a0-8db1-8767826bfe8f,pii_full_name_2b6ba26dd06a,Male,23,Gujarat,Vadodara,Vadodara Branch,Savings,939b38b9-9a28-4848-85fe-dc58fe6c7112,02-12-2025,03:55:24,30507.46,c09c7a68-8975-4662-a9d0-659497782e4b,Debit,Entertainment,56947.0,QR Code Scanner,"Vadodara, Gujarat",ATM,0,Clean,INR,+91913748XXXXXX,Salary credit,pii_email_fb6609764dcb
d0bdf54b-2784-47a0-8db1-8767826bfe8f,pii_full_name_2b6ba26dd06a,Male,23,Gujarat,Vadodara,Vadodara Branch,Savings,7671c330-4680-4e56-a793-c77b7a3384bb,09-12-2025,10:38:46,96684.42,9b1a1f42-adad-46c7-b94b-82bec9bfce6c,Credit,Restaurant,69120.78,Branch Counter,"Vadodara, Gujarat",POS,0,Clean,INR,+91913748XXXXXX,EMI payment,pii_email_fb6609764dcb
d0bdf54b-2784-47a0-8db1-8767826bfe8f,pii_full_name_2b6ba26dd06a,Male,23,Gujarat,Vadodara,Vadodara Branch,Savings,8a172079-1d85-46a9-b187-faf9b0e72e63,12-12-2025,08:09:31,79862.2,166b8281-c59c-4aba-871e-ee09532c0dc5,Debit,Electronics,58896.73,Phone Banking,"Vadodara, Gujarat",Desktop,0,Clean,INR,+91913748XXXXXX,Food delivery,pii_email_fb6609764dcb
d0bdf54b-2784-47a0-8db1-8767826bfe8f,pii_full_name_2b6ba26dd06a,Male,23,Gujarat,Vadodara,Vadodara Branch,Savings,db08dba7-d80b-45ac-aa5f-a5742f977cbb,19-12-2025,20:30:34,35326.46,412ccdc6-4d6f-4818-9bd7-25938f71d87b,Credit,Restaurant,60298.57,Virtual Card,"Vadodara, Gujarat",ATM,0,Clean,INR,+91913748XXXXXX,Insurance premium,pii_email_fb6609764dcb
d195ec4f-d1f9-4e64-8d0c-da0ba706e261,pii_full_name_e60bbd0da419,Male,35,Rajasthan,Udaipur,Udaipur Branch,Savings,f5798ad7-4f6b-451a-a212-2225a94e9fe4,07-01-2025,22:50:54,37823.81,05dfb30f-63df-4b45-9ffb-d40e12e9f8c6,Transfer,Groceries,58373.05,Digital Wallet,"Udaipur, Rajasthan",ATM,1,Clean,INR,+91952078XXXXXX,Gas bill,pii_email_691b1f23d1de
d195ec4f-d1f9-4e64-8d0c-da0ba706e261,pii_full_name_e60bbd0da419,Male,35,Rajasthan,Udaipur,Udaipur Branch,Savings,3e353241-441c-4b9c-87bf-9861f24b842e,22-03-2025,05:46:29,59048.93,a858c921-686c-427a-b250-a97d2488da3b,Debit,Restaurant,52468.16,UPI,"Udaipur, Rajasthan",ATM,0,Clean,INR,+91952078XXXXXX,Cash withdrawal,pii_email_691b1f23d1de
d195ec4f-d1f9-4e64-8d0c-da0ba706e261,pii_full_name_e60bbd0da419,Male,35,Rajasthan,Udaipur,Udaipur Branch,Savings,04ff3c49-9482-4ade-857f-6255085c39f8,27-03-2025,06:00:36,46358.05,2f6eb346-c36d-4f05-a29d-77937e1d094f,Withdrawal,Clothing,54590.67,Chip Card,"Udaipur, Rajasthan",ATM,0,Clean,INR,+91952078XXXXXX,Movie tickets,pii_email_691b1f23d1de
d195ec4f-d1f9-4e64-8d0c-da0ba706e261,pii_full_name_e60bbd0da419,Male,35,Rajasthan,Udaipur,Udaipur Branch,Savings,966fe9e5-8053-42ac-9742-73ae21e58052,30-03-2025,01:54:57,58868.16,d6862a60-7c71-4353-99f2-f33ff44ef7e0,Bill Payment,Health,55074.87,UPI,"Udaipur, Rajasthan",ATM,1,Clean,INR,+91952078XXXXXX,Bus ticket,pii_email_691b1f23d1de
d195ec4f-d1f9-4e64-8d0c-da0ba706e261,pii_full_name_e60bbd0da419,Male,35,Rajasthan,Udaipur,Udaipur Branch,Savings,bff6ce83-bfc0-4beb-b193-e21aa82e01ad,14-05-2025,02:10:07,19500.75,ae0631a9-d76b-497d-9199-e97f7a27a6be,Credit,Health,53948.19,Biometric ATM,"Udaipur, Rajasthan",Mobile,0,Clean,INR,+91952078XXXXXX,Food delivery,pii_email_691b1f23d1de
d195ec4f-d1f9-4e64-8d0c-da0ba706e261,pii_full_name_e60bbd0da419,Male,35,Rajasthan,Udaipur,Udaipur Branch,Savings,a18bba27-3647-4571-983c-26a7ab1f0bc2,12-06-2025,18:36:06,54045.57,d337b54e-f433-4265-8b57-2a9123c60065,Bill Payment,Groceries,59538.77,Voice Assistant,"Udaipur, Rajasthan",Mobile,0,Clean,INR,+91952078XXXXXX,Insurance premium,pii_email_691b1f23d1de
d195ec4f-d1f9-4e64-8d0c-da0ba706e261,pii_full_name_e60bbd0da419,Male,35,Rajasthan,Udaipur,Udaipur Branch,Savings,3bff3899-34a7-4438-b907-9f9ae3e5adc5,18-07-2025,16:25:36,62774.46,439ba2df-551f-49b2-8cc7-0609b6edd31d,Bill Payment,Groceries,64943.33,Internet Banking,"Udaipur, Rajasthan",Desktop,0,Clean,INR,+91952078XXXXXX,Grocery delivery,pii_email_691b1f23d1de
d195ec4f-d1f9-4e64-8d0c-da0ba706e261,pii_full_name_e60bbd0da419,Male,35,Rajasthan,Udaipur,Udaipur Branch,Savings,6b1c1443-1ba3-4ef2-aef8-f15e3088c664,22-07-2025,09:25:09,5280.78,aab9802f-cadb-4a07-860c-56c44568024e,Credit,Clothing,62585.27,Magnetic Strip Card,"Udaipur, Rajasthan",Mobile,1,Money Laundering,INR,+91952078XXXXXX,Large cash deposit,pii_email_691b1f23d1de
d195ec4f-d1f9-4e64-8d0c-da0ba706e261,pii_full_name_e60bbd0da419,Male,35,Rajasthan,Udaipur,Udaipur Branch,Savings,930f400f-390b-4477-85ef-ab701fb03fd8,22-07-2025,10:40:03,3726.86,bc8705cb-5324-400b-a5b8-e6dbc37c898b,Withdrawal,Restaurant,59662.31,Chip Card,"Udaipur, Rajasthan",Desktop,1,Money Laundering,INR,+91952078XXXXXX,Cash payment,pii_email_691b1f23d1de
d195ec4f-d1f9-4e64-8d0c-da0ba706e261,pii_full_name_e60bbd0da419,Male,35,Rajasthan,Udaipur,Udaipur Branch,Savings,439adcee-2073-41e7-a655-d236ef5034b6,22-07-2025,12:25:48,2813.15,de6c3abd-8408-4833-ab7c-e47cdd5cd354,Debit,Electronics,60240.46,Voice Assistant,"Udaipur, Rajasthan",Mobile,1,Money Laundering,INR,+91952078XXXXXX,Cash withdrawal,pii_email_691b1f23d1de
d195ec4f-d1f9-4e64-8d0c-da0ba706e261,pii_full_name_e60bbd0da419,Male,35,Rajasthan,Udaipur,Udaipur Branch,Savings,74c053f8-9bd9-4441-83c3-6bab04371436,22-07-2025,12:46:53,-4815.44,f982a102-3e31-45b2-8eeb-7dd84ca8b794,Transfer,Groceries,62066.09,UPI,"Udaipur, Rajasthan",ATM,1,Money Laundering,INR,+91952078XXXXXX,Cash deposit,pii_email_691b1f23d1de
d195ec4f-d1f9-4e64-8d0c-da0ba706e261,pii_full_name_e60bbd0da419,Male,35,Rajasthan,Udaipur,Udaipur Branch,Savings,e5047e95-9b48-4fbb-b2bc-cf46b4f7d502,22-07-2025,13:09:27,3595.96,b7fdc156-56d7-44a1-9b4e-bd0a9f9534fe,Credit,Restaurant,56312.77,Branch Counter,"Udaipur, Rajasthan",ATM,1,Money Laundering,INR,+91952078XXXXXX,Cash transaction,pii_email_691b1f23d1de
d195ec4f-d1f9-4e64-8d0c-da0ba706e261,pii_full_name_e60bbd0da419,Male,35,Rajasthan,Udaipur,Udaipur Branch,Savings,a4a75e9e-9a6c-4694-8ae3-100979293056,15-09-2025,18:50:18,75406.59,a71615ff-c115-48e6-8660-fda40b49ef8b,Debit,Groceries,51998.11,Branch Counter,"Udaipur, Rajasthan",ATM,0,Clean,INR,+91952078XXXXXX,Gas bill,pii_email_691b1f23d1de
d195ec4f-d1f9-4e64-8d0c-da0ba706e261,pii_full_name_e60bbd0da419,Male,35,Rajasthan,Udaipur,Udaipur Branch,Savings,d5d5005c-82a1-48d2-a7bb-23a7761aa1a5,21-09-2025,10:49:00,82768.58,7450e8c9-fcb7-4243-b952-f18901f6f594,Bill Payment,Entertainment,46798.02,Chip Card,"Udaipur, Rajasthan",ATM,0,Clean,INR,+91952078XXXXXX,Mutual fund investment,pii_email_691b1f23d1de
d195ec4f-d1f9-4e64-8d0c-da0ba706e261,pii_full_name_e60bbd0da419,Male,35,Rajasthan,Udaipur,Udaipur Branch,Savings,6911e82d-fd44-4c6c-9097-92a892e3c9fe,30-09-2025,21:51:26,42018.38,3f72d536-fa5c-4b04-ae6a-347d6c586a25,Bill Payment,Groceries,42596.18,Internet Banking,"Udaipur, Rajasthan",ATM,0,Clean,INR,+91952078XXXXXX,Grocery delivery,pii_email_691b1f23d1de
d195ec4f-d1f9-4e64-8d0c-da0ba706e261,pii_full_name_e60bbd0da419,Male,35,Rajasthan,Udaipur,Udaipur Branch,Savings,954f97e4-f536-4606-b533-307585b82bb4,29-10-2025,15:26:59,73862.64,2594be72-0f68-4a19-9732-fe1ebaab53fb,Transfer,Health,49982.44,Digital Wallet,"Udaipur, Rajasthan",Mobile,0,Clean,INR,+91952078XXXXXX,Gas bill,pii_email_691b1f23d1de
d195ec4f-d1f9-4e64-8d0c-da0ba706e261,pii_full_name_e60bbd0da419,Male,35,Rajasthan,Udaipur,Udaipur Branch,Savings,c08ca316-affa-4827-a0e5-5df21cd05bf5,10-11-2025,15:05:13,52782.87,bb1b9d14-e7a9-4dd2-bdc7-15bf0d741cba,Transfer,Clothing,59226.48,Video Banking,"Udaipur, Rajasthan",ATM,0,Clean,INR,+91952078XXXXXX,Movie tickets,pii_email_691b1f23d1de
d195ec4f-d1f9-4e64-8d0c-da0ba706e261,pii_full_name_e60bbd0da419,Male,35,Rajasthan,Udaipur,Udaipur Branch,Savings,c5c8773e-d950-4a0e-bb69-2846eb72e2e9,26-11-2025,16:29:12,15343.15,25a646f7-cbba-424f-a7c8-552db8a2fdbf,Transfer,Electronics,60961.69,Phone Banking,"Udaipur, Rajasthan",ATM,0,Clean,INR,+91952078XXXXXX,Restaurant dining,pii_email_691b1f23d1de
d195ec4f-d1f9-4e64-8d0c-da0ba706e261,pii_full_name_e60bbd0da419,Male,35,Rajasthan,Udaipur,Udaipur Branch,Savings,ed79b72a-74fd-48d8-9d43-a4bf421c11ed,29-12-2025,07:12:42,69592.15,5011fd22-2aba-4741-9720-8cf205eabfda,Transfer,Restaurant,59427.38,POS Mobile Device,"Udaipur, Rajasthan",POS,0,Clean,INR,+91952078XXXXXX,Utility bill,pii_email_691b1f23d1de
d27a1fbb-fe3a-4624-8c9f-df9c71287662,pii_full_name_f9dd8c621f22,Male,48,Bihar,Patna,Patna Branch,Savings,ab24e7e9-bd32-48d1-aa1e-769e8d342a2c,10-01-2025,15:21:40,34320.97,8fd8ea96-36ce-4fe3-ae1f-39b9c05e5410,Transfer,Clothing,58781.08,Digital Wallet,"Patna, Bihar",POS,0,Clean,INR,+91997508XXXXXX,Gas bill,pii_email_d9d99d6843b3
d27a1fbb-fe3a-4624-8c9f-df9c71287662,pii_full_name_f9dd8c621f22,Male,48,Bihar,Patna,Patna Branch,Savings,4d82ab77-5167-4d2e-b7a6-de65db7b5c9a,23-01-2025,14:35:26,53104.91,646397ab-05ab-445c-88e2-8e9f337444fa,Credit,Electronics,80474.81,Mobile Banking App,"Patna, Bihar",ATM,0,Clean,INR,+91997508XXXXXX,Taxi fare,pii_email_d9d99d6843b3
d27a1fbb-fe3a-4624-8c9f-df9c71287662,pii_full_name_f9dd8c621f22,Male,48,Bihar,Patna,Patna Branch,Savings,15495f3f-b79c-4964-96b6-64e2a12ee607,07-02-2025,09:56:27,36281.84,f57dc395-3559-4003-956a-eaa5ce326d3a,Bill Payment,Entertainment,50461.91,ATM,"Patna, Bihar",Mobile,0,Clean,INR,+91997508XXXXXX,Taxi fare,pii_email_d9d99d6843b3
d27a1fbb-fe3a-4624-8c9f-df9c71287662,pii_full_name_f9dd8c621f22,Male,48,Bihar,Patna,Patna Branch,Savings,7a6ac860-64ef-4020-976f-2a2521ce04cb,18-02-2025,13:13:15,2879.96,dd0fd724-1a92-472b-baae-85de738389f6,Transfer,Health,57819.26,Chip Card,"Patna, Bihar",Mobile,0,Clean,INR,+91997508XXXXXX,Flight ticket,pii_email_d9d99d6843b3
d27a1fbb-fe3a-4624-8c9f-df9c71287662,pii_full_name_f9dd8c621f22,Male,48,Bihar,Patna,Patna Branch,Savings,018b8164-5627-46b1-99b3-b723f83c869d,13-03-2025,13:30:01,52616.42,b43910e4-e6bd-4608-9f68-2070de153803,Transfer,Health,60364.98,Self-service Banking Machine,"Patna, Bihar",Desktop,0,Clean,INR,+91997508XXXXXX,Debt repayment,pii_email_d9d99d6843b3
d27a1fbb-fe3a-4624-8c9f-df9c71287662,pii_full_name_f9dd8c621f22,Male,48,Bihar,Patna,Patna Branch,Savings,2d366af8-4afd-4bc4-bd52-8769986f77a3,16-05-2025,06:26:24,67033.03,24d59f56-8a34-4b30-84e9-30d15f465229,Bill Payment,Groceries,73650.14,Phone Banking,"Patna, Bihar",ATM,0,Clean,INR,+91997508XXXXXX,Insurance premium,pii_email_d9d99d6843b3
d27a1fbb-fe3a-4624-8c9f-df9c71287662,pii_full_name_f9dd8c621f22,Male,48,Bihar,Patna,Patna Branch,Savings,3496baaa-6cd9-4809-a7e7-9189c0c55a0e,07-06-2025,05:57:29,95865.18,f9078fe7-e091-46b9-baa9-45111242d675,Bill Payment,Clothing,55103.34,Magnetic Strip Card,"Patna, Bihar",Desktop,0,Clean,INR,+91997508XXXXXX,Electricity bill,pii_email_d9d99d6843b3
d27a1fbb-fe3a-4624-8c9f-df9c71287662,pii_full_name_f9dd8c621f22,Male,48,Bihar,Patna,Patna Branch,Savings,fbfe4948-3947-451a-a8c6-1b52d7e4ed93,18-06-2025,14:38:19,94067.56,4a1bf019-ca35-4f43-b709-4b3a4db5c5db,Transfer,Health,75164.32,QR Code Scanner,"Patna, Bihar",POS,0,Clean,INR,+91997508XXXXXX,Grocery delivery,pii_email_d9d99d6843b3
d27a1fbb-fe3a-4624-8c9f-df9c71287662,pii_full_name_f9dd8c621f22,Male,48,Bihar,Patna,Patna Branch,Savings,f78de005-aef8-4bd9-86ae-c65a40a8984d,06-07-2025,10:38:49,37284.57,f7f051e7-5c02-4b18-8a04-724f20100f8b,Credit,Groceries,84203.27,Contactless Card,"Patna, Bihar",Desktop,0,Clean,INR,+91997508XXXXXX,Utility bill,pii_email_d9d99d6843b3
d27a1fbb-fe3a-4624-8c9f-df9c71287662,pii_full_name_f9dd8c621f22,Male,48,Bihar,Patna,Patna Branch,Savings,3456e83d-c67f-4376-9af9-4f092137e876,20-07-2025,20:17:20,54001.68,0b9faff7-f90a-4a0c-9219-5ec5c05fae76,Transfer,Clothing,64181.25,Virtual Card,"Patna, Bihar",Mobile,0,Clean,INR,+91997508XXXXXX,Electricity bill,pii_email_d9d99d6843b3
d27a1fbb-fe3a-4624-8c9f-df9c71287662,pii_full_name_f9dd8c621f22,Male,48,Bihar,Patna,Patna Branch,Savings,5abdabe3-2e6e-4e2f-b619-76cb95f59e80,02-08-2025,13:55:23,38498.23,3edbd7f5-0155-43ed-815f-cb53d506a7e3,Bill Payment,Restaurant,80353.44,Voice Assistant,"Patna, Bihar",Desktop,0,Clean,INR,+91997508XXXXXX,Taxi fare,pii_email_d9d99d6843b3
d27a1fbb-fe3a-4624-8c9f-df9c71287662,pii_full_name_f9dd8c621f22,Male,48,Bihar,Patna,Patna Branch,Savings,e09e368f-d91c-42ad-80ad-4437de4701bb,13-08-2025,05:43:56,15763.14,556ecda9-9005-4080-a3a9-4305bbd8d0e1,Transfer,Groceries,65757.56,UPI,"Patna, Bihar",POS,0,Clean,INR,+91997508XXXXXX,Gym membership,pii_email_d9d99d6843b3
d27a1fbb-fe3a-4624-8c9f-df9c71287662,pii_full_name_f9dd8c621f22,Male,48,Bihar,Patna,Patna Branch,Savings,0327d401-bef7-40c7-81aa-767ed7fc3cf7,28-09-2025,11:02:42,48870.78,54e71e0d-81b5-4fa7-a116-2d3ff1433953,Transfer,Electronics,55348.98,Digital Wallet,"Patna, Bihar",Desktop,0,Clean,INR,+91997508XXXXXX,Grocery delivery,pii_email_d9d99d6843b3
d27a1fbb-fe3a-4624-8c9f-df9c71287662,pii_full_name_f9dd8c621f22,Male,48,Bihar,Patna,Patna Branch,Savings,4667cd9b-7bad-4d61-860f-f0cc67a8328b,09-10-2025,07:37:37,62748.94,b6e679ed-4b03-4d45-8770-3e574eaa103c,Debit,Groceries,54090.09,Virtual Card,"Patna, Bihar",Desktop,1,Clean,INR,+91997508XXXXXX,Bitcoin transaction,pii_email_d9d99d6843b3
d27a1fbb-fe3a-4624-8c9f-df9c71287662,pii_full_name_f9dd8c621f22,Male,48,Bihar,Patna,Patna Branch,Savings,9f8f499c-58c7-4a14-b3a4-fe0ec316943e,12-11-2025,12:23:29,68705.99,c3b7dabb-01aa-490e-970f-afb3790c37de,Transfer,Clothing,64689.86,Voice Assistant,"Patna, Bihar",POS,0,Clean,INR,+91997508XXXXXX,Mobile recharge,pii_email_d9d99d6843b3
d4d74fc7-07d6-482a-8c9a-8143acd8e3ba,pii_full_name_a2695885fa66,Female,52,Chandigarh,Chandigarh,Chandigarh Branch,Savings,ed087ddf-a5c4-4419-bce6-e7ddab89d1c9,05-03-2025,02:08:10,35737.19,0d27272f-cd9d-49b4-8e5e-4b4603c41144,Withdrawal,Entertainment,83606.31,Internet Banking,"Chandigarh, Chandigarh",POS,0,Clean,INR,+91998858XXXXXX,Train ticket,pii_email_b3c8be91a1b5
d4d74fc7-07d6-482a-8c9a-8143acd8e3ba,pii_full_name_a2695885fa66,Female,52,Chandigarh,Chandigarh,Chandigarh Branch,Savings,6a83c4e7-a3fc-465f-bb7a-71ba5527abc6,11-03-2025,15:10:09,58932.23,3392582c-4ea7-4a8d-8be6-d2a44901d353,Withdrawal,Restaurant,84362.81,Magnetic Strip Card,"Chandigarh, Chandigarh",POS,0,Clean,INR,+91998858XXXXXX,Taxi fare,pii_email_b3c8be91a1b5
d4d74fc7-07d6-482a-8c9a-8143acd8e3ba,pii_full_name_a2695885fa66,Female,52,Chandigarh,Chandigarh,Chandigarh Branch,Savings,e4ac401f-5455-44c0-8c13-eb1ef22c2e99,14-04-2025,18:05:43,82348.43,60962a79-ffab-47b6-aba1-2b623f945654,Transfer,Electronics,91327.62,Internet Banking,"Chandigarh, Chandigarh",Mobile,0,Clean,INR,+91998858XXXXXX,Online shopping,pii_email_b3c8be91a1b5
d4d74fc7-07d6-482a-8c9a-8143acd8e3ba,pii_full_name_a2695885fa66,Female,52,Chandigarh,Chandigarh,Chandigarh Branch,Savings,4eaa9b7f-a362-4706-b675-38e042e7dd57,06-06-2025,15:00:16,64010.94,2839b16d-43bc-4552-a8bc-842a1c931576,Transfer,Clothing,97728.71,Biometric ATM,"Chandigarh, Chandigarh",Mobile,1,Clean,INR,+91998858XXXXXX,EMI payment,pii_email_b3c8be91a1b5
d4d74fc7-07d6-482a-8c9a-8143acd8e3ba,pii_full_name_a2695885fa66,Female,52,Chandigarh,Chandigarh,Chandigarh Branch,Savings,e931b062-9b94-4a66-a5c2-89dfcaf538ef,11-07-2025,19:41:33,13375.66,097cbad5-4760-42cb-92c6-60e236759c05,Credit,Restaurant,89230.9,Voice Assistant,"Chandigarh, Chandigarh",Desktop,0,Clean,INR,+91998858XXXXXX,Food delivery,pii_email_b3c8be91a1b5
d4d74fc7-07d6-482a-8c9a-8143acd8e3ba,pii_full_name_a2695885fa66,Female,52,Chandigarh,Chandigarh,Chandigarh Branch,Savings,61a65cbd-ebe4-43bb-9251-3a1df9f287ee,02-08-2025,19:15:06,67024.88,381c1f8d-13c6-467d-b8b3-977b54e2a982,Withdrawal,Groceries,88177.78,Mobile Banking App,"Chandigarh, Chandigarh",ATM,0,Clean,INR,+91998858XXXXXX,EMI payment,pii_email_b3c8be91a1b5
d4d74fc7-07d6-482a-8c9a-8143acd8e3ba,pii_full_name_a2695885fa66,Female,52,Chandigarh,Chandigarh,Chandigarh Branch,Savings,c7caa5e1-f263-4d36-b020-875971d6f3bc,22-09-2025,14:06:13,39443.43,3cd246d4-6d62-4f9c-a111-bf227d4f2d29,Withdrawal,Restaurant,94880.27,Biometric ATM,"Chandigarh, Chandigarh",Mobile,0,Clean,INR,+91998858XXXXXX,Hotel booking,pii_email_b3c8be91a1b5
d4d74fc7-07d6-482a-8c9a-8143acd8e3ba,pii_full_name_a2695885fa66,Female,52,Chandigarh,Chandigarh,Chandigarh Branch,Savings,c39aa981-7c87-4bf0-b917-419657f77da6,26-09-2025,23:10:51,22282.55,193d3a00-71e8-442e-bf23-5e29b3512a5a,Transfer,Restaurant,83092.77,Internet Banking,"Chandigarh, Chandigarh",Desktop,0,Clean,INR,+91998858XXXXXX,Jewelry purchase,pii_email_b3c8be91a1b5
d4d74fc7-07d6-482a-8c9a-8143acd8e3ba,pii_full_name_a2695885fa66,Female,52,Chandigarh,Chandigarh,Chandigarh Branch,Savings,191d46cb-86c6-4b33-80f1-526535776036,20-10-2025,11:34:29,26759.46,ac192c1e-b38c-4a89-a8ce-e3c9175d9c7a,Withdrawal,Clothing,87180.03,Digital Wallet,"Chandigarh, Chandigarh",POS,0,Clean,INR,+91998858XXXXXX,Online shopping,pii_email_b3c8be91a1b5
d4d74fc7-07d6-482a-8c9a-8143acd8e3ba,pii_full_name_a2695885fa66,Female,52,Chandigarh,Chandigarh,Chandigarh Branch,Savings,1829a494-86c4-4897-9004-63c4c9d665d5,28-10-2025,08:37:52,95937.11,b5d64ad1-5462-460f-914f-a5f42484b327,Transfer,Restaurant,98824.61,Video Banking,"Chandigarh, Chandigarh",Desktop,0,Clean,INR,+91998858XXXXXX,EMI payment,pii_email_b3c8be91a1b5
d4d74fc7-07d6-482a-8c9a-8143acd8e3ba,pii_full_name_a2695885fa66,Female,52,Chandigarh,Chandigarh,Chandigarh Branch,Savings,a6140a3d-9735-4946-a696-a2e5d05ebbb8,04-11-2025,04:10:57,35305.31,c44528df-240b-4945-9cdc-e7529218f45c,Credit,Health,87893.34,Self-service Banking Machine,"Chandigarh, Chandigarh",Desktop,0,Clean,INR,+91998858XXXXXX,Insurance premium,pii_email_b3c8be91a1b5
d4d74fc7-07d6-482a-8c9a-8143acd8e3ba,pii_full_name_a2695885fa66,Female,52,Chandigarh,Chandigarh,Chandigarh Branch,Savings,9902a7b7-7f11-4ab2-b805-2b8d610da9e8,25-11-2025,04:39:10,66497.21,d7e0b885-457b-4621-9f86-5ffd6ff70e7f,Transfer,Entertainment,90256.03,Contactless Card,"Chandigarh, Chandigarh",POS,0,Clean,INR,+91998858XXXXXX,Debt repayment,pii_email_b3c8be91a1b5
d4d74fc7-07d6-482a-8c9a-8143acd8e3ba,pii_full_name_a2695885fa66,Female,52,Chandigarh,Chandigarh,Chandigarh Branch,Savings,0a3cc48d-975b-4e75-98f1-5b3c9e953502,27-12-2025,07:44:48,78727.39,5a3088e8-f80e-462d-9897-42599c71bff8,Withdrawal,Entertainment,89855.97,ATM Booth Kiosk,"Chandigarh, Chandigarh",Mobile,0,Clean,INR,+91998858XXXXXX,Salary credit,pii_email_b3c8be91a1b5
d7e82fbc-d1e8-4968-aa98-819af6e8d888,pii_full_name_99f83f53a00e,Male,49,Bihar,Gaya,Gaya Branch,Checking,d0359bfc-4902-4a24-aced-5d8582c710c0,03-01-2025,08:59:41,43440.04,4efff414-a36b-414f-9791-1dba56625d19,Withdrawal,Entertainment,26977.04,QR Code Scanner,"Gaya, Bihar",ATM,0,Clean,INR,+91969735XXXXXX,Hotel booking,pii_email_5be13936b170
d7e82fbc-d1e8-4968-aa98-819af6e8d888,pii_full_name_99f83f53a00e,Male,49,Bihar,Gaya,Gaya Branch,Checking,85586098-e5b5-435c-9907-165e3f6ccc20,24-02-2025,13:35:44,18064.83,d266fdc1-6866-42d0-90c6-ee1688fec7d7,Withdrawal,Entertainment,25170.56,Video Banking,"Gaya, Bihar",Mobile,0,Clean,INR,+91969735XXXXXX,Taxi fare,pii_email_5be13936b170
d7e82fbc-d1e8-4968-aa98-819af6e8d888,pii_full_name_99f83f53a00e,Male,49,Bihar,Gaya,Gaya Branch,Checking,e8238720-2a48-4856-bf82-1eecba5c163e,05-03-2025,12:16:07,46011.44,2fe0b3de-83d1-4cc8-84d5-33e071225721,Withdrawal,Electronics,61596.98,Voice Assistant,"Gaya, Bihar",Desktop,0,Clean,INR,+91969735XXXXXX,Utility bill,pii_email_5be13936b170
d7e82fbc-d1e8-4968-aa98-819af6e8d888,pii_full_name_99f83f53a00e,Male,49,Bihar,Gaya,Gaya Branch,Checking,5ab50440-d8bf-42d1-b7ac-2c63b92db287,18-03-2025,19:25:21,31913.13,0e9ab826-7482-4269-8b3c-280081d9b216,Debit,Health,43555.37,Chip Card,"Gaya, Bihar",ATM,1,Clean,INR,+91969735XXXXXX,Grocery delivery,pii_email_5be13936b170
d7e82fbc-d1e8-4968-aa98-819af6e8d888,pii_full_name_99f83f53a00e,Male,49,Bihar,Gaya,Gaya Branch,Checking,3a657920-b5c4-4d58-81f4-308e15e380d6,25-03-2025,01:38:05,64563.79,9bf26108-4264-4c0a-916f-ad15fb8807f6,Credit,Electronics,21101.06,POS Mobile App,"Gaya, Bihar",Desktop,0,Clean,INR,+91969735XXXXXX,Bitcoin transaction,pii_email_5be13936b170
d7e82fbc-d1e8-4968-aa98-819af6e8d888,pii_full_name_99f83f53a00e,Male,49,Bihar,Gaya,Gaya Branch,Checking,d3c92e2c-7695-43aa-ad1f-d81ec35796b2,27-03-2025,19:32:09,76799.95,aaa9af12-2794-4d95-aee8-46964df44bde,Debit,Restaurant,46746.69,Mobile Banking App,"Gaya, Bihar",ATM,0,Clean,INR,+91969735XXXXXX,Insurance premium,pii_email_5be13936b170
d7e82fbc-d1e8-4968-aa98-819af6e8d888,pii_full_name_99f83f53a00e,Male,49,Bihar,Gaya,Gaya Branch,Checking,b610a37c-d6c1-4c78-b711-24620337d736,28-03-2025,09:43:13,96150.26,bd54117d-709d-4c49-a9b2-08f95b266df7,Transfer,Groceries,14644.69,Chip Card,"Gaya, Bihar",Mobile,0,Clean,INR,+91969735XXXXXX,EMI payment,pii_email_5be13936b170
d7e82fbc-d1e8-4968-aa98-819af6e8d888,pii_full_name_99f83f53a00e,Male,49,Bihar,Gaya,Gaya Branch,Checking,d49da7a7-1dac-4a22-abf0-38f7535d6079,06-04-2025,08:35:57,71799.18,a0cf4ef0-432f-4aba-a72c-1e9dfe792f59,Bill Payment,Groceries,5029.66,Voice Assistant,"Gaya, Bihar",Desktop,0,Clean,INR,+91969735XXXXXX,Restaurant dining,pii_email_5be13936b170
d7e82fbc-d1e8-4968-aa98-819af6e8d888,pii_full_name_99f83f53a00e,Male,49,Bihar,Gaya,Gaya Branch,Checking,58318432-cca4-4763-b594-82b9d9d5135d,30-05-2025,04:31:55,96486.44,dd3bab40-0135-4821-a4ce-e8c3a19ea50b,Withdrawal,Health,15521.92,Chip Card,"Gaya, Bihar",ATM,0,Clean,INR,+91969735XXXXXX,Bitcoin transaction,pii_email_5be13936b170
d7e82fbc-d1e8-4968-aa98-819af6e8d888,pii_full_name_99f83f53a00e,Male,49,Bihar,Gaya,Gaya Branch,Checking,bab42f23-8e78-4e7e-90f0-0e826b8a6d7b,13-06-2025,12:22:46,23264.36,85aefa2d-c573-4a5c-9fb9-f9137c81dc9f,Debit,Electronics,18774.63,Internet Banking,"Gaya, Bihar",Mobile,0,Clean,INR,+91969735XXXXXX,Mobile recharge,pii_email_5be13936b170
d7e82fbc-d1e8-4968-aa98-819af6e8d888,pii_full_name_99f83f53a00e,Male,49,Bihar,Gaya,Gaya Branch,Checking,6c0913c0-41c9-426b-b307-2b3267c47aaa,05-07-2025,21:11:02,61679.24,e083d1d2-3cbd-41af-b1e0-d58226da5559,Withdrawal,Clothing,5029.66,Virtual Card,"Gaya, Bihar",POS,0,Clean,INR,+91969735XXXXXX,Food delivery,pii_email_5be13936b170
d7e82fbc-d1e8-4968-aa98-819af6e8d888,pii_full_name_99f83f53a00e,Male,49,Bihar,Gaya,Gaya Branch,Checking,63c410e8-4a08-4b05-a303-9681468fbee8,23-07-2025,04:48:48,69833.18,f63f2c0f-0ee7-4092-92b2-2961804e38e3,Bill Payment,Groceries,5680.98,Branch Counter,"Gaya, Bihar",ATM,0,Clean,INR,+91969735XXXXXX,Gym membership,pii_email_5be13936b170
d7e82fbc-d1e8-4968-aa98-819af6e8d888,pii_full_name_99f83f53a00e,Male,49,Bihar,Gaya,Gaya Branch,Checking,d849613a-7712-40fc-96a7-c83b5d023d54,24-08-2025,19:35:08,19885.87,3876b124-4a11-4a40-8f37-e284459a65b1,Bill Payment,Restaurant,66198.12,ATM Booth Kiosk,"Gaya, Bihar",ATM,0,Clean,INR,+91969735XXXXXX,Electricity bill,pii_email_5be13936b170
d7e82fbc-d1e8-4968-aa98-819af6e8d888,pii_full_name_99f83f53a00e,Male,49,Bihar,Gaya,Gaya Branch,Checking,d231dac8-70b7-4038-9ae5-8052ffcb90bf,14-09-2025,04:19:07,61103.29,d14e9565-c6f8-4e01-b6ae-754749bf412e,Withdrawal,Restaurant,12664.3,UPI,"Gaya, Bihar",POS,0,Clean,INR,+91969735XXXXXX,Debt repayment,pii_email_5be13936b170
d7e82fbc-d1e8-4968-aa98-819af6e8d888,pii_full_name_99f83f53a00e,Male,49,Bihar,Gaya,Gaya Branch,Checking,7f34ac23-e3be-4d0a-889d-679f162aa664,16-10-2025,05:40:07,71702.99,1d583379-ec1c-495c-89fb-2c0d2322a169,Withdrawal,Restaurant,54426.68,Contactless Card,"Gaya, Bihar",POS,0,Clean,INR,+91969735XXXXXX,Cash withdrawal,pii_email_5be13936b170
d7e82fbc-d1e8-4968-aa98-819af6e8d888,pii_full_name_99f83f53a00e,Male,49,Bihar,Gaya,Gaya Branch,Checking,cd9d5c11-3fb3-42b2-8daa-425ccb407f2e,20-10-2025,19:25:28,63364.69,5d2143c9-91b1-4788-922d-393d4579fabe,Credit,Health,12017.45,ATM,"Gaya, Bihar",POS,0,Clean,INR,+91969735XXXXXX,Movie tickets,pii_email_5be13936b170
d7e82fbc-d1e8-4968-aa98-819af6e8d888,pii_full_name_99f83f53a00e,Male,49,Bihar,Gaya,Gaya Branch,Checking,1a443b42-2ebf-44ea-be67-3707e06c650d,01-11-2025,07:10:02,88713.1,83bd0a43-1170-49af-bebe-0896c5ec3e72,Bill Payment,Entertainment,34684.06,Mobile Banking App,"Gaya, Bihar",ATM,0,Clean,INR,+91969735XXXXXX,Gym membership,pii_email_5be13936b170
d7e82fbc-d1e8-4968-aa98-819af6e8d888,pii_full_name_99f83f53a00e,Male,49,Bihar,Gaya,Gaya Branch,Checking,a63ebee3-3e80-41b2-9e10-a014ed0aeec0,01-11-2025,20:30:57,73525.45,15d7a38c-5588-4b58-a852-f725ccd1f1f6,Bill Payment,Health,8169.37,Branch Counter,"Gaya, Bihar",Mobile,0,Clean,INR,+91969735XXXXXX,Electricity bill,pii_email_5be13936b170
d7e82fbc-d1e8-4968-aa98-819af6e8d888,pii_full_name_99f83f53a00e,Male,49,Bihar,Gaya,Gaya Branch,Checking,de5c82e3-d5f2-42f5-94c8-1824fab859e7,24-11-2025,17:27:19,33630.16,0ecf8cfa-2c15-46a4-bdec-29a20e39dc0c,Debit,Restaurant,31321.05,POS Mobile Device,"Gaya, Bihar",Desktop,0,Clean,INR,+91969735XXXXXX,Taxi fare,pii_email_5be13936b170
d7e82fbc-d1e8-4968-aa98-819af6e8d888,pii_full_name_99f83f53a00e,Male,49,Bihar,Gaya,Gaya Branch,Checking,eb55423a-4a7d-409d-8371-a94f79694990,15-12-2025,11:52:23,91149.47,880b8244-0eca-4f31-bdff-014dda103dae,Bill Payment,Clothing,68186.71,Contactless Card,"Gaya, Bihar",Mobile,0,Clean,INR,+91969735XXXXXX,Restaurant dining,pii_email_5be13936b170
da500be4-8b2a-4c46-94d4-6c73b4f328ad,pii_full_name_211235280d04,Female,47,Lakshadweep,Kavaratti,Kavaratti Branch,Savings,62f801fd-fae1-42fc-9ac9-a489e946e859,04-01-2025,09:42:10,92845.25,707207b1-8cac-49d5-bb58-6c2f6e2a99f7,Withdrawal,Groceries,23009.5,Chip Card,"Kavaratti, Lakshadweep",ATM,0,Clean,INR,+91934762XXXXXX,Hotel booking,pii_email_85cff35ba6e2
da500be4-8b2a-4c46-94d4-6c73b4f328ad,pii_full_name_211235280d04,Female,47,Lakshadweep,Kavaratti,Kavaratti Branch,Savings,6735850a-2e01-4f35-a4e3-0fb6a1dc1af7,09-01-2025,04:15:33,74242.57,b422c266-5e8e-4b41-8582-8611fd4e9822,Credit,Electronics,32294.03,Self-service Banking Machine,"Kavaratti, Lakshadweep",Mobile,0,Clean,INR,+91934762XXXXXX,Cash withdrawal,pii_email_85cff35ba6e2
da500be4-8b2a-4c46-94d4-6c73b4f328ad,pii_full_name_211235280d04,Female,47,Lakshadweep,Kavaratti,Kavaratti Branch,Savings,8e6f915c-dbeb-47a9-89a8-6a94163f8834,07-02-2025,20:45:43,74007.41,587cc3b0-5bb8-4c04-b6c5-b5bbf7d92d41,Bill Payment,Clothing,7567.13,UPI,"Kavaratti, Lakshadweep",Desktop,0,Clean,INR,+91934762XXXXXX,Food delivery,pii_email_85cff35ba6e2
da500be4-8b2a-4c46-94d4-6c73b4f328ad,pii_full_name_211235280d04,Female,47,Lakshadweep,Kavaratti,Kavaratti Branch,Savings,7152de85-4d9e-4828-954d-15a450f6512d,07-02-2025,23:07:33,98278.61,6e43c6c1-8d4c-45d6-8679-08d6f56c8b62,Withdrawal,Clothing,14967.87,Debit/Credit Card,"Kavaratti, Lakshadweep",Mobile,0,Clean,INR,+91934762XXXXXX,Mutual fund investment,pii_email_85cff35ba6e2
da500be4-8b2a-4c46-94d4-6c73b4f328ad,pii_full_name_211235280d04,Female,47,Lakshadweep,Kavaratti,Kavaratti Branch,Savings,ac4d10d1-31e4-4b79-a1de-fd32cc923e1b,11-03-2025,02:15:40,53283.71,ea00cfea-5a7e-407b-930c-f652d23ec800,Credit,Health,29994.0,Phone Banking,"Kavaratti, Lakshadweep",POS,0,Clean,INR,+91934762XXXXXX,Debt repayment,pii_email_85cff35ba6e2
da500be4-8b2a-4c46-94d4-6c73b4f328ad,pii_full_name_211235280d04,Female,47,Lakshadweep,Kavaratti,Kavaratti Branch,Savings,0d23d486-b9f6-4bad-a7be-02d32801e438,31-03-2025,23:25:09,31756.35,5a4e911b-7aec-43eb-a6c2-94d4df9845ef,Transfer,Entertainment,8236.05,Virtual Card,"Kavaratti, Lakshadweep",Mobile,0,Clean,INR,+91934762XXXXXX,Electricity bill,pii_email_85cff35ba6e2
da500be4-8b2a-4c46-94d4-6c73b4f328ad,pii_full_name_211235280d04,Female,47,Lakshadweep,Kavaratti,Kavaratti Branch,Savings,15a8b865-eb86-4205-9a6e-b41ab3c602c1,09-04-2025,09:41:09,1968.23,1c133cb3-b6b2-47c6-940f-9d13aa339b29,Credit,Restaurant,30840.69,Mobile Banking App,"Kavaratti, Lakshadweep",Desktop,0,Clean,INR,+91934762XXXXXX,Movie tickets,pii_email_85cff35ba6e2
da500be4-8b2a-4c46-94d4-6c73b4f328ad,pii_full_name_211235280d04,Female,47,Lakshadweep,Kavaratti,Kavaratti Branch,Savings,1ae65296-f8d1-499f-a9ef-259892295e6f,13-05-2025,07:17:52,65697.0,bca3e66b-9c7c-4e8a-a628-87b0678b1d23,Credit,Restaurant,29579.2,Branch Counter,"Kavaratti, Lakshadweep",ATM,0,Clean,INR,+91934762XXXXXX,Bus ticket,pii_email_85cff35ba6e2
da500be4-8b2a-4c46-94d4-6c73b4f328ad,pii_full_name_211235280d04,Female,47,Lakshadweep,Kavaratti,Kavaratti Branch,Savings,3c3e839c-9a65-468b-8fe8-f541a4f25ec4,28-05-2025,16:27:05,59709.26,a3519f1b-3413-4e22-9e26-47e1942fb2d8,Bill Payment,Health,24869.77,Branch Counter,"Kavaratti, Lakshadweep",ATM,0,Clean,INR,+91934762XXXXXX,Mutual fund investment,pii_email_85cff35ba6e2
da500be4-8b2a-4c46-94d4-6c73b4f328ad,pii_full_name_211235280d04,Female,47,Lakshadweep,Kavaratti,Kavaratti Branch,Savings,d7d7272d-0856-43e7-a3e3-28a874c935ee,04-06-2025,18:33:27,63759.59,e6d9f2b2-74b5-4632-9b8a-7d130c9d766c,Transfer,Restaurant,30643.87,Video Banking,"Kavaratti, Lakshadweep",POS,0,Clean,INR,+91934762XXXXXX,Taxi fare,pii_email_85cff35ba6e2
da500be4-8b2a-4c46-94d4-6c73b4f328ad,pii_full_name_211235280d04,Female,47,Lakshadweep,Kavaratti,Kavaratti Branch,Savings,b1c0b587-d2c4-4da9-a45d-9a0fc4507f46,21-06-2025,17:06:22,25067.13,a3cb1b43-fbd0-4244-8cd5-7b0d2423a95b,Withdrawal,Clothing,5060.42,Mobile Banking App,"Kavaratti, Lakshadweep",POS,0,Clean,INR,+91934762XXXXXX,Gas bill,pii_email_85cff35ba6e2
da500be4-8b2a-4c46-94d4-6c73b4f328ad,pii_full_name_211235280d04,Female,47,Lakshadweep,Kavaratti,Kavaratti Branch,Savings,615a3b0a-5d3d-4a6b-88df-6bd8a4175ad1,03-08-2025,16:50:24,47834.66,9c053fa8-d379-40de-8783-dc9a80d8856f,Withdrawal,Clothing,24795.73,POS Mobile App,"Kavaratti, Lakshadweep",ATM,0,Clean,INR,+91934762XXXXXX,EMI payment,pii_email_85cff35ba6e2
da500be4-8b2a-4c46-94d4-6c73b4f328ad,pii_full_name_211235280d04,Female,47,Lakshadweep,Kavaratti,Kavaratti Branch,Savings,6ff66573-d45e-4d45-969f-609916d3b788,08-08-2025,10:38:01,70764.44,86d5e150-6381-4ed4-a8a1-68f0cb5b4cd4,Withdrawal,Clothing,5029.66,QR Code Scanner,"Kavaratti, Lakshadweep",POS,0,Clean,INR,+91934762XXXXXX,EMI payment,pii_email_85cff35ba6e2
da500be4-8b2a-4c46-94d4-6c73b4f328ad,pii_full_name_211235280d04,Female,47,Lakshadweep,Kavaratti,Kavaratti Branch,Savings,de5df34f-08ad-4f87-8337-b45f4cc10ad6,11-09-2025,22:58:04,18937.31,1f98f436-059e-4b57-8073-41fbd026ca5f,Withdrawal,Health,19768.47,ATM,"Kavaratti, Lakshadweep",Desktop,0,Clean,INR,+91934762XXXXXX,Movie tickets,pii_email_85cff35ba6e2
da500be4-8b2a-4c46-94d4-6c73b4f328ad,pii_full_name_211235280d04,Female,47,Lakshadweep,Kavaratti,Kavaratti Branch,Savings,bfb19d4e-996b-4b5e-a19c-1c7e386e4cf1,05-10-2025,19:32:04,55655.74,d720f2ee-2316-4068-a541-b8ce2446904c,Bill Payment,Clothing,5029.66,Video Banking,"Kavaratti, Lakshadweep",Mobile,0,Clean,INR,+91934762XXXXXX,Insurance premium,pii_email_85cff35ba6e2
da500be4-8b2a-4c46-94d4-6c73b4f328ad,pii_full_name_211235280d04,Female,47,Lakshadweep,Kavaratti,Kavaratti Branch,Savings,b5c7d69d-9758-4036-bfa1-62c69ea2aebd,05-11-2025,17:41:05,57260.9,ea0a6874-01dd-4e33-9bcb-dcaf91445f78,Debit,Restaurant,24267.91,POS Mobile Device,"Kavaratti, Lakshadweep",Desktop,0,Clean,INR,+91934762XXXXXX,Hotel booking,pii_email_85cff35ba6e2
da500be4-8b2a-4c46-94d4-6c73b4f328ad,pii_full_name_211235280d04,Female,47,Lakshadweep,Kavaratti,Kavaratti Branch,Savings,6c5d0152-851b-47f7-8932-e8119e7964fc,08-12-2025,15:43:18,48971.61,e6cc0bb7-2489-4daf-ac02-a3c57c61adf6,Credit,Groceries,24665.63,Self-service Banking Machine,"Kavaratti, Lakshadweep",POS,0,Clean,INR,+91934762XXXXXX,Insurance premium,pii_email_85cff35ba6e2
dbabd158-5f13-4dda-82b6-973a149daaaa,pii_full_name_5679568c48e7,Male,26,Maharashtra,Nagpur,Nagpur Branch,Business,b5263666-5c4f-4018-80d0-0c4423d44f69,16-01-2025,14:11:15,83037.35,184375ef-99f6-4064-ace0-86ec8cc969b3,Withdrawal,Clothing,91692.7,Biometric ATM,"Nagpur, Maharashtra",Mobile,0,Clean,INR,+91950806XXXXXX,Cash withdrawal,pii_email_0994b1d1dfa2
dbabd158-5f13-4dda-82b6-973a149daaaa,pii_full_name_5679568c48e7,Male,26,Maharashtra,Nagpur,Nagpur Branch,Business,9b0b1132-78f8-487c-ac74-45339d33d2ea,22-01-2025,21:48:30,27509.27,5587da8f-1723-4978-87fc-1d321de16ca8,Credit,Entertainment,86698.09,Magnetic Strip Card,"Nagpur, Maharashtra",Mobile,0,Clean,INR,+91950806XXXXXX,Taxi fare,pii_email_0994b1d1dfa2
dbabd158-5f13-4dda-82b6-973a149daaaa,pii_full_name_5679568c48e7,Male,26,Maharashtra,Nagpur,Nagpur Branch,Business,23ae00b9-4394-4c5f-be1e-8bf51759436e,24-01-2025,18:10:39,78593.99,32b0aa14-23e3-4c2a-af0e-2ea50095c690,Debit,Groceries,84956.95,Digital Wallet,"Nagpur, Maharashtra",Mobile,0,Clean,INR,+91950806XXXXXX,EMI payment,pii_email_0994b1d1dfa2
dbabd158-5f13-4dda-82b6-973a149daaaa,pii_full_name_5679568c48e7,Male,26,Maharashtra,Nagpur,Nagpur Branch,Business,3f595975-8791-425b-a8cc-d349055ab583,05-02-2025,22:44:18,26535.39,1410cc8e-16b3-4e02-8558-8e9668af9927,Credit,Entertainment,81739.2,ATM,"Nagpur, Maharashtra",POS,0,Clean,INR,+91950806XXXXXX,Bitcoin transaction,pii_email_0994b1d1dfa2
dbabd158-5f13-4dda-82b6-973a149daaaa,pii_full_name_5679568c48e7,Male,26,Maharashtra,Nagpur,Nagpur Branch,Business,9d2b5926-1acf-4512-84e9-05563081ef70,12-02-2025,01:00:20,75052.17,95938378-5524-4b83-a2e6-421e8171dca3,Transfer,Entertainment,97731.23,Video Banking,"Nagpur, Maharashtra",Desktop,0,Clean,INR,+91950806XXXXXX,Electricity bill,pii_email_0994b1d1dfa2
dbabd158-5f13-4dda-82b6-973a149daaaa,pii_full_name_5679568c48e7,Male,26,Maharashtra,Nagpur,Nagpur Branch,Business,508fc691-194a-4529-91a3-d957a368136f,05-03-2025,19:52:05,59345.32,7e1f7e28-d1aa-459e-b36c-4071edd4dc13,Credit,Health,99996.44,POS Mobile Device,"Nagpur, Maharashtra",Desktop,0,Clean,INR,+91950806XXXXXX,Taxi fare,pii_email_0994b1d1dfa2
dbabd158-5f13-4dda-82b6-973a149daaaa,pii_full_name_5679568c48e7,Male,26,Maharashtra,Nagpur,Nagpur Branch,Business,2211342b-7cd2-4227-a6c3-675f3c13f361,04-04-2025,09:19:44,11236.41,aaa3bf50-fa75-4f1b-bea7-c0d5f051599c,Credit,Entertainment,92816.35,Contactless Card,"Nagpur, Maharashtra",Mobile,0,Clean,INR,+91950806XXXXXX,Insurance premium,pii_email_0994b1d1dfa2
dbabd158-5f13-4dda-82b6-973a149daaaa,pii_full_name_5679568c48e7,Male,26,Maharashtra,Nagpur,Nagpur Branch,Business,77a28ab5-f988-4fc4-b1fa-9df88d1e015e,05-04-2025,05:33:43,29779.63,fea10cb7-a969-46d3-92a2-2b32e0439768,Credit,Electronics,99996.44,Internet Banking,"Nagpur, Maharashtra",ATM,0,Clean,INR,+91950806XXXXXX,Restaurant dining,pii_email_0994b1d1dfa2
dbabd158-5f13-4dda-82b6-973a149daaaa,pii_full_name_5679568c48e7,Male,26,Maharashtra,Nagpur,Nagpur Branch,Business,185ecebc-fe8c-4592-a483-3b9d3f434fbd,05-04-2025,10:30:52,97816.38,7c4cf8e0-04f8-444a-ada3-8fc73a50ca77,Debit,Groceries,76405.28,Chip Card,"Nagpur, Maharashtra",ATM,0,Clean,INR,+91950806XXXXXX,Jewelry purchase,pii_email_0994b1d1dfa2
dbabd158-5f13-4dda-82b6-973a149daaaa,pii_full_name_5679568c48e7,Male,26,Maharashtra,Nagpur,Nagpur Branch,Business,110f81bc-cfcc-4abf-acaf-fbfa0a98c40c,15-04-2025,22:30:07,7490.95,bb18e7ca-ee7d-4ba4-8d80-a3dd04ab1bb9,Bill Payment,Restaurant,96982.13,Phone Banking,"Nagpur, Maharashtra",POS,0,Clean,INR,+91950806XXXXXX,Hotel booking,pii_email_0994b1d1dfa2
dbabd158-5f13-4dda-82b6-973a149daaaa,pii_full_name_5679568c48e7,Male,26,Maharashtra,Nagpur,Nagpur Branch,Business,70d5e5bc-c8fa-4a70-bef0-0721a14ba36c,20-05-2025,10:48:42,4638.3,95cfdc73-d397-426c-8d58-6c586b75da61,Credit,Restaurant,99996.44,Branch Counter,"Nagpur, Maharashtra",Mobile,1,Clean,INR,+91950806XXXXXX,Electricity bill,pii_email_0994b1d1dfa2
dbabd158-5f13-4dda-82b6-973a149daaaa,pii_full_name_5679568c48e7,Male,26,Maharashtra,Nagpur,Nagpur Branch,Business,c845f217-2384-40e9-a455-ffa79619d11c,08-07-2025,11:41:11,91722.7,4d049090-e3dd-4ea2-8d1f-c4cfb1195249,Bill Payment,Electronics,75784.68,Magnetic Strip Card,"Nagpur, Maharashtra",POS,1,Clean,INR,+91950806XXXXXX,Gym membership,pii_email_0994b1d1dfa2
dbabd158-5f13-4dda-82b6-973a149daaaa,pii_full_name_5679568c48e7,Male,26,Maharashtra,Nagpur,Nagpur Branch,Business,1dce7b50-8fe7-4516-9f7e-1fce05de13c0,15-07-2025,21:39:26,93092.66,8414e561-2f41-4873-a919-3f787b44d80c,Withdrawal,Restaurant,90687.17,Contactless Card,"Nagpur, Maharashtra",Desktop,0,Clean,INR,+91950806XXXXXX,Taxi fare,pii_email_0994b1d1dfa2
dbabd158-5f13-4dda-82b6-973a149daaaa,pii_full_name_5679568c48e7,Male,26,Maharashtra,Nagpur,Nagpur Branch,Business,3fd89586-d727-4cba-8928-0332d98dbdb5,17-08-2025,20:12:57,33009.84,11ed2ec1-469a-49b8-bd6a-c5850b26aa03,Credit,Entertainment,79085.66,POS Mobile Device,"Nagpur, Maharashtra",Mobile,0,Clean,INR,+91950806XXXXXX,Mobile recharge,pii_email_0994b1d1dfa2
dbabd158-5f13-4dda-82b6-973a149daaaa,pii_full_name_5679568c48e7,Male,26,Maharashtra,Nagpur,Nagpur Branch,Business,17d53b7a-f867-4086-977e-0a9941249a12,18-08-2025,02:54:05,66643.11,215a7f29-6e89-4ba5-939a-f2664213a22e,Credit,Restaurant,97351.49,POS Mobile Device,"Nagpur, Maharashtra",Mobile,0,Clean,INR,+91950806XXXXXX,Taxi fare,pii_email_0994b1d1dfa2
dbabd158-5f13-4dda-82b6-973a149daaaa,pii_full_name_5679568c48e7,Male,26,Maharashtra,Nagpur,Nagpur Branch,Business,90de2b7e-7bc1-44fa-af88-ab4f87ee4795,14-12-2025,06:16:11,75418.85,fb56b5ed-546f-46f6-9f2d-eb91b0d91cf0,Credit,Electronics,83947.17,Self-service Banking Machine,"Nagpur, Maharashtra",Mobile,0,Clean,INR,+91950806XXXXXX,Hotel booking,pii_email_0994b1d1dfa2
dbabd158-5f13-4dda-82b6-973a149daaaa,pii_full_name_5679568c48e7,Male,26,Maharashtra,Nagpur,Nagpur Branch,Business,f546c9ac-c874-4c3e-a49e-ce247eaafea5,31-12-2025,12:58:31,35279.17,242d2366-431c-4e5b-ac0d-a8c644e70701,Credit,Health,90226.01,Phone Banking,"Nagpur, Maharashtra",Mobile,0,Clean,INR,+91950806XXXXXX,Grocery delivery,pii_email_0994b1d1dfa2
dc34543d-82df-4b92-896b-7e5b2c6fef0c,pii_full_name_af099c7a1f6b,Male,37,Chandigarh,Chandigarh,Chandigarh Branch,Business,ad1326e7-e99e-4292-b1ca-94c73f4268d6,01-02-2025,08:58:44,5612.03,4238a54d-5baf-4edf-a206-4d4ff282990f,Transfer,Groceries,14584.39,POS Mobile Device,"Chandigarh, Chandigarh",Desktop,0,Clean,INR,+91925338XXXXXX,Flight ticket,pii_email_85ac509dd87f
dc34543d-82df-4b92-896b-7e5b2c6fef0c,pii_full_name_af099c7a1f6b,Male,37,Chandigarh,Chandigarh,Chandigarh Branch,Business,ba8d838e-81f7-472e-8206-b26a7f48153f,28-02-2025,00:36:40,49916.47,8d06440d-bb73-4bed-8d4f-6519e4e0ec77,Bill Payment,Health,5029.66,ATM,"Chandigarh, Chandigarh",Desktop,0,Clean,INR,+91925338XXXXXX,Mobile recharge,pii_email_85ac509dd87f
dc34543d-82df-4b92-896b-7e5b2c6fef0c,pii_full_name_af099c7a1f6b,Male,37,Chandigarh,Chandigarh,Chandigarh Branch,Business,455a8bb3-5183-457c-abcc-2f493a03b11b,29-03-2025,08:21:11,52688.25,7ef724f6-30e7-4fb2-a67d-0ef70b171ee7,Bill Payment,Clothing,14023.19,Internet Banking,"Chandigarh, Chandigarh",POS,0,Clean,INR,+91925338XXXXXX,Mobile recharge,pii_email_85ac509dd87f
dc34543d-82df-4b92-896b-7e5b2c6fef0c,pii_full_name_af099c7a1f6b,Male,37,Chandigarh,Chandigarh,Chandigarh Branch,Business,6ebbc931-eb08-4824-b80b-e4f60aabe3d0,30-03-2025,00:24:00,15947.22,65b4ab50-67cb-4bbd-847b-d9630afc2092,Debit,Restaurant,5029.66,Video Banking,"Chandigarh, Chandigarh",Mobile,0,Clean,INR,+91925338XXXXXX,Grocery delivery,pii_email_85ac509dd87f
dc34543d-82df-4b92-896b-7e5b2c6fef0c,pii_full_name_af099c7a1f6b,Male,37,Chandigarh,Chandigarh,Chandigarh Branch,Business,1ece2b6b-a1ac-4a12-b193-d9fbb1a3dcf1,27-04-2025,10:47:50,55121.52,bda8b9e9-7018-4a13-ace6-122010995ec8,Withdrawal,Restaurant,5147.02,POS Mobile Device,"Chandigarh, Chandigarh",POS,0,Clean,INR,+91925338XXXXXX,Hotel booking,pii_email_85ac509dd87f
dc34543d-82df-4b92-896b-7e5b2c6fef0c,pii_full_name_af099c7a1f6b,Male,37,Chandigarh,Chandigarh,Chandigarh Branch,Business,bd90c0a1-ba49-429e-a262-a9c3940ea14d,25-05-2025,13:35:16,66329.41,023f076d-e478-4cd5-8e96-91676139e48a,Transfer,Health,11662.6,Video Banking,"Chandigarh, Chandigarh",ATM,0,Clean,INR,+91925338XXXXXX,Food delivery,pii_email_85ac509dd87f
dc34543d-82df-4b92-896b-7e5b2c6fef0c,pii_full_name_af099c7a1f6b,Male,37,Chandigarh,Chandigarh,Chandigarh Branch,Business,5010ec1a-b03d-459a-b5dd-e5d56c9007d0,08-06-2025,10:47:19,39252.22,afe17e45-2df1-49b0-b0e0-5f1878f3c1af,Withdrawal,Electronics,10659.17,Self-service Banking Machine,"Chandigarh, Chandigarh",ATM,0,Clean,INR,+91925338XXXXXX,Pharmacy bill,pii_email_85ac509dd87f
dc34543d-82df-4b92-896b-7e5b2c6fef0c,pii_full_name_af099c7a1f6b,Male,37,Chandigarh,Chandigarh,Chandigarh Branch,Business,efd906dd-0f53-4ab0-b075-ef188fe3a847,20-10-2025,13:41:14,76294.13,15b4a4df-a09f-4189-861c-fbf349ed9839,Credit,Restaurant,19292.01,Magnetic Strip Card,"Chandigarh, Chandigarh",ATM,0,Clean,INR,+91925338XXXXXX,Grocery delivery,pii_email_85ac509dd87f
dd96e9d7-d7b9-43a1-8467-e318e499a952,pii_full_name_8a8fb5acf2a8,Female,70,Lakshadweep,Kavaratti,Kavaratti Branch,Business,9e701bc8-d678-4557-8546-e232cbcd352b,09-06-2025,07:19:33,8919.51,1968c938-5367-4f23-a2cd-c88840cd064c,Withdrawal,Restaurant,78802.4,POS Mobile App,"Kavaratti, Lakshadweep",Mobile,0,Clean,INR,+91920789XXXXXX,Train ticket,pii_email_d621cfefd6b1
dd96e9d7-d7b9-43a1-8467-e318e499a952,pii_full_name_8a8fb5acf2a8,Female,70,Lakshadweep,Kavaratti,Kavaratti Branch,Business,4a16de4d-4828-4238-9e09-49e7596c4add,30-06-2025,13:58:01,84802.97,4d2bd803-e2c6-4645-8c44-379db148a341,Bill Payment,Restaurant,71801.36,UPI,"Kavaratti, Lakshadweep",Desktop,1,Clean,INR,+91920789XXXXXX,Food delivery,pii_email_d621cfefd6b1
dd96e9d7-d7b9-43a1-8467-e318e499a952,pii_full_name_8a8fb5acf2a8,Female,70,Lakshadweep,Kavaratti,Kavaratti Branch,Business,95ef9d79-bad1-415c-a938-5857f544819c,23-08-2025,10:15:34,14792.56,4ee4b710-b679-4f41-8049-c513dee3476b,Credit,Restaurant,80281.65,Internet Banking,"Kavaratti, Lakshadweep",ATM,0,Clean,INR,+91920789XXXXXX,Flight ticket,pii_email_d621cfefd6b1
dd96e9d7-d7b9-43a1-8467-e318e499a952,pii_full_name_8a8fb5acf2a8,Female,70,Lakshadweep,Kavaratti,Kavaratti Branch,Business,35ad712c-ea3e-4137-ab1e-beba3ed22073,30-08-2025,21:25:11,42577.81,20e6d067-ce51-4a2d-a8c2-1a2e76c03ec0,Withdrawal,Entertainment,79694.35,POS Mobile App,"Kavaratti, Lakshadweep",Desktop,0,Clean,INR,+91920789XXXXXX,Taxi fare,pii_email_d621cfefd6b1
e14a5873-c1df-4db0-89ac-4acfefb1c70a,pii_full_name_df60e295ac63,Male,70,Tamil Nadu,Madurai,Madurai Branch,Checking,a76fce24-a641-48d8-9147-65c6af5c7701,10-01-2025,03:53:03,35006.45,0cb5b9ef-bc51-45c3-a548-df60e72c477a,Bill Payment,Entertainment,39339.14,Voice Assistant,"Madurai, Tamil Nadu",Mobile,0,Clean,INR,+91977298XXXXXX,Movie tickets,pii_email_5b6a3b21ef31
e14a5873-c1df-4db0-89ac-4acfefb1c70a,pii_full_name_df60e295ac63,Male,70,Tamil Nadu,Madurai,Madurai Branch,Checking,909e2e84-1b00-4274-a293-40faf8a9e967,06-02-2025,23:05:25,89370.36,d7613125-a5a8-4dd8-a105-a1050d46ac91,Bill Payment,Electronics,42839.78,Phone Banking,"Madurai, Tamil Nadu",Desktop,0,Clean,INR,+91977298XXXXXX,Pharmacy bill,pii_email_5b6a3b21ef31
e14a5873-c1df-4db0-89ac-4acfefb1c70a,pii_full_name_df60e295ac63,Male,70,Tamil Nadu,Madurai,Madurai Branch,Checking,3b7ea7f1-e923-45b9-9594-793103f8b0c9,25-02-2025,08:41:04,53211.83,1be0df2f-6ec4-4985-8374-1854e6d2c2f7,Transfer,Restaurant,51776.82,Branch Counter,"Madurai, Tamil Nadu",ATM,0,Clean,INR,+91977298XXXXXX,Electricity bill,pii_email_5b6a3b21ef31
e14a5873-c1df-4db0-89ac-4acfefb1c70a,pii_full_name_df60e295ac63,Male,70,Tamil Nadu,Madurai,Madurai Branch,Checking,97a0e303-019a-4fa6-b4ed-a6c6b2584a8c,05-03-2025,00:31:08,72831.16,b1ad5bc7-40c9-41a3-ae9f-07992d956523,Debit,Clothing,61587.91,Video Banking,"Madurai, Tamil Nadu",Mobile,0,Clean,INR,+91977298XXXXXX,Mobile recharge,pii_email_5b6a3b21ef31
e14a5873-c1df-4db0-89ac-4acfefb1c70a,pii_full_name_df60e295ac63,Male,70,Tamil Nadu,Madurai,Madurai Branch,Checking,eb1e41ac-6395-4569-b9b2-6d72df8f83d1,09-03-2025,21:15:22,69901.52,53cb677b-73f3-4cb3-8705-3ffb9ea483c3,Bill Payment,Restaurant,54597.76,Biometric ATM,"Madurai, Tamil Nadu",Desktop,0,Clean,INR,+91977298XXXXXX,Cash withdrawal,pii_email_5b6a3b21ef31
e14a5873-c1df-4db0-89ac-4acfefb1c70a,pii_full_name_df60e295ac63,Male,70,Tamil Nadu,Madurai,Madurai Branch,Checking,101e6ad0-53e8-4378-9ffc-6aa4820877cb,24-03-2025,17:16:48,41011.71,df7ea9e2-46f6-4f9d-87a1-c40916055607,Credit,Clothing,43440.31,Biometric ATM,"Madurai, Tamil Nadu",Desktop,1,Clean,INR,+91977298XXXXXX,Bus ticket,pii_email_5b6a3b21ef31
e14a5873-c1df-4db0-89ac-4acfefb1c70a,pii_full_name_df60e295ac63,Male,70,Tamil Nadu,Madurai,Madurai Branch,Checking,8b50fa79-da52-405a-9a7f-6cffa818f2c6,11-04-2025,01:56:44,3927.39,e1872887-422c-459c-ab5a-de29ff833057,Withdrawal,Entertainment,53571.18,POS Mobile Device,"Madurai, Tamil Nadu",ATM,0,Clean,INR,+91977298XXXXXX,Insurance premium,pii_email_5b6a3b21ef31
e14a5873-c1df-4db0-89ac-4acfefb1c70a,pii_full_name_df60e295ac63,Male,70,Tamil Nadu,Madurai,Madurai Branch,Checking,2a632360-2d3d-44fd-ac26-f390d977cb3d,06-06-2025,07:39:54,145.52,e64c74ff-6b8d-4ddf-914c-523eaf009075,Debit,Entertainment,53556.63,ATM Booth Kiosk,"Madurai, Tamil Nadu",POS,0,Clean,INR,+91977298XXXXXX,Movie tickets,pii_email_5b6a3b21ef31
e14a5873-c1df-4db0-89ac-4acfefb1c70a,pii_full_name_df60e295ac63,Male,70,Tamil Nadu,Madurai,Madurai Branch,Checking,cd6e3f89-165a-418f-b615-4d2a8b07e5a8,14-07-2025,15:11:14,44471.12,eec83c38-dc15-4d62-b71d-6d076cf8839d,Transfer,Restaurant,43413.2,QR Code Scanner,"Madurai, Tamil Nadu",Mobile,0,Clean,INR,+91977298XXXXXX,Utility bill,pii_email_5b6a3b21ef31
e14a5873-c1df-4db0-89ac-4acfefb1c70a,pii_full_name_df60e295ac63,Male,70,Tamil Nadu,Madurai,Madurai Branch,Checking,08a727de-d3ff-4f37-8350-8a6e2d35ea25,01-08-2025,16:10:50,55851.11,533f07a6-ef24-4695-9db2-fb7313dc964f,Transfer,Clothing,48998.31,ATM,"Madurai, Tamil Nadu",Mobile,0,Clean,INR,+91977298XXXXXX,Movie tickets,pii_email_5b6a3b21ef31
e14a5873-c1df-4db0-89ac-4acfefb1c70a,pii_full_name_df60e295ac63,Male,70,Tamil Nadu,Madurai,Madurai Branch,Checking,2844f3f5-77b8-4170-b201-6186ecb4c49b,08-08-2025,10:19:49,44742.19,e22632c3-965c-4c21-a9b7-33de30c3fd02,Debit,Entertainment,38966.09,Biometric ATM,"Madurai, Tamil Nadu",ATM,0,Clean,INR,+91977298XXXXXX,Jewelry purchase,pii_email_5b6a3b21ef31
e14a5873-c1df-4db0-89ac-4acfefb1c70a,pii_full_name_df60e295ac63,Male,70,Tamil Nadu,Madurai,Madurai Branch,Checking,a39497f6-2db6-4f2d-a770-2669e09b49ba,24-08-2025,06:09:39,45800.55,36b395de-d71d-4575-9c0c-fc6c435e2f38,Debit,Health,46455.63,UPI,"Madurai, Tamil Nadu",ATM,0,Clean,INR,+91977298XXXXXX,Insurance premium,pii_email_5b6a3b21ef31
e14a5873-c1df-4db0-89ac-4acfefb1c70a,pii_full_name_df60e295ac63,Male,70,Tamil Nadu,Madurai,Madurai Branch,Checking,b5b6d6bf-d17d-4e29-9b22-9c4284bf42cf,19-10-2025,21:16:35,6338.33,a89e78bf-6700-4c62-82dc-78e1cfea4968,Debit,Groceries,53963.92,Internet Banking,"Madurai, Tamil Nadu",POS,0,Clean,INR,+91977298XXXXXX,EMI payment,pii_email_5b6a3b21ef31
e14a5873-c1df-4db0-89ac-4acfefb1c70a,pii_full_name_df60e295ac63,Male,70,Tamil Nadu,Madurai,Madurai Branch,Checking,effc8261-857f-4da2-bc78-93183b419efb,10-11-2025,00:42:38,11483.22,616aec47-ac22-4eaa-b4c7-779b4afa755e,Bill Payment,Electronics,68871.02,Magnetic Strip Card,"Madurai, Tamil Nadu",Desktop,0,Clean,INR,+91977298XXXXXX,Cash withdrawal,pii_email_5b6a3b21ef31
e14a5873-c1df-4db0-89ac-4acfefb1c70a,pii_full_name_df60e295ac63,Male,70,Tamil Nadu,Madurai,Madurai Branch,Checking,14261e21-6445-4a25-a61a-e22006dcbbf6,15-11-2025,04:24:08,25209.44,e8c422e0-1a03-44b6-b8ca-498ea94d1529,Debit,Groceries,51035.69,Branch Counter,"Madurai, Tamil Nadu",Desktop,0,Clean,INR,+91977298XXXXXX,Debt repayment,pii_email_5b6a3b21ef31
e14a5873-c1df-4db0-89ac-4acfefb1c70a,pii_full_name_df60e295ac63,Male,70,Tamil Nadu,Madurai,Madurai Branch,Checking,42859b6b-6167-4607-9844-9aaada9e15ca,19-12-2025,22:53:08,100623.63,2ade0404-5bff-4b7e-81b6-89cbe7ae66ed,Withdrawal,Electronics,41678.35,QR Code Scanner,"Madurai, Tamil Nadu",Mobile,1,Money Laundering,INR,+91977298XXXXXX,EMI payment,pii_email_5b6a3b21ef31
e1ef1757-9fdb-4951-8af6-ca9f916696bd,pii_full_name_e30db25b5aa7,Female,26,Maharashtra,Nagpur,Nagpur Branch,Checking,d5d4a344-ec31-461e-8243-6308fb047704,10-06-2025,06:29:45,1726.19,ffdcad6d-6362-4bc1-921f-9bd19ca6a875,Debit,Restaurant,80372.49,ATM Booth Kiosk,"Nagpur, Maharashtra",POS,0,Clean,INR,+91996831XXXXXX,Jewelry purchase,pii_email_4984b9c2e3b4
e1ef1757-9fdb-4951-8af6-ca9f916696bd,pii_full_name_e30db25b5aa7,Female,26,Maharashtra,Nagpur,Nagpur Branch,Checking,efebef6b-d1af-4c5f-9752-6967af8466c0,17-07-2025,22:43:35,8028.28,44d58717-1830-478f-adb2-c67be1b0b469,Withdrawal,Entertainment,72129.76,Self-service Banking Machine,"Nagpur, Maharashtra",Mobile,0,Clean,INR,+91996831XXXXXX,Mobile recharge,pii_email_4984b9c2e3b4
e1ef1757-9fdb-4951-8af6-ca9f916696bd,pii_full_name_e30db25b5aa7,Female,26,Maharashtra,Nagpur,Nagpur Branch,Checking,38e45e5a-4275-4cee-bd6b-0d6c41e01535,15-08-2025,01:38:36,81435.22,c84a6321-231e-45f2-83d3-c031a1783ae2,Transfer,Entertainment,88516.01,Voice Assistant,"Nagpur, Maharashtra",Mobile,0,Clean,INR,+91996831XXXXXX,Flight ticket,pii_email_4984b9c2e3b4
e1ef1757-9fdb-4951-8af6-ca9f916696bd,pii_full_name_e30db25b5aa7,Female,26,Maharashtra,Nagpur,Nagpur Branch,Checking,22c99b87-8e43-4ab9-b65c-01a7a61ecba2,20-08-2025,21:39:24,152709.64,002aef1e-ebd4-4cba-9773-20bac0fe1343,Credit,Digital Services,233082.13,,"Nagpur, Maharashtra",POS,0,Clean,,,Online deposit,pii_email_4984b9c2e3b4
e1ef1757-9fdb-4951-8af6-ca9f916696bd,pii_full_name_e30db25b5aa7,Female,26,Maharashtra,Nagpur,Nagpur Branch,Checking,064f07d2-6fd0-4a14-8031-4b499ff2e8ee,21-08-2025,13:08:36,73340.95,26dfd285-d607-42f9-93ba-db550c7be214,Withdrawal,Digital Services,159741.19,,"Nagpur, Maharashtra",POS,1,Money Mule,,,Wire transfer,pii_email_4984b9c2e3b4
e1ef1757-9fdb-4951-8af6-ca9f916696bd,pii_full_name_e30db25b5aa7,Female,26,Maharashtra,Nagpur,Nagpur Branch,Checking,0a5af8b2-6650-41bc-9ccf-44fb3c388093,21-08-2025,19:43:21,71733.21,8868e8f1-1d0a-4e94-9630-681baef6ec78,Debit,Unknown Merchant,88007.97,,"Nagpur, Maharashtra",POS,1,Money Mule,,,Payment sent,pii_email_4984b9c2e3b4
e1ef1757-9fdb-4951-8af6-ca9f916696bd,pii_full_name_e30db25b5aa7,Female,26,Maharashtra,Nagpur,Nagpur Branch,Checking,0784dda2-0b95-4041-b7a1-40e92d735220,25-08-2025,16:16:02,316685.19,089242f3-c567-4b77-bfd9-75b03be8c7fc,Transfer,Digital Services,404693.16,,"Nagpur, Maharashtra",POS,0,Clean,,,Online deposit,pii_email_4984b9c2e3b4
e1ef1757-9fdb-4951-8af6-ca9f916696bd,pii_full_name_e30db25b5aa7,Female,26,Maharashtra,Nagpur,Nagpur Branch,Checking,c1e5f0f1-e0f4-4e26-801e-6b6a5a348143,26-08-2025,11:02:03,125244.98,3fd87642-039f-49ab-864f-f959ec99c79c,Withdrawal,Digital Services,103842.23,,"Nagpur, Maharashtra",POS,1,Money Mule,,,Transfer,pii_email_4984b9c2e3b4
e1ef1757-9fdb-4951-8af6-ca9f916696bd,pii_full_name_e30db25b5aa7,Female,26,Maharashtra,Nagpur,Nagpur Branch,Checking,7aab80c3-b95c-4303-9ff1-59f50e2c29e7,26-08-2025,16:23:31,83730.56,8a752e6d-7e8f-48d1-ac94-1d073bfb297f,Withdrawal,Electronics,320962.6,,"Nagpur, Maharashtra",POS,1,Money Mule,,,Transfer,pii_email_4984b9c2e3b4
e1ef1757-9fdb-4951-8af6-ca9f916696bd,pii_full_name_e30db25b5aa7,Female,26,Maharashtra,Nagpur,Nagpur Branch,Checking,cc4cec81-c80a-48c5-ae03-8347111bedc2,26-08-2025,20:11:28,91875.39,8d44b7bc-f3ef-45f7-a9d5-8b18854979e4,Debit,Digital Services,229087.21,,"Nagpur, Maharashtra",POS,1,Money Mule,,,Payment,pii_email_4984b9c2e3b4
e1ef1757-9fdb-4951-8af6-ca9f916696bd,pii_full_name_e30db25b5aa7,Female,26,Maharashtra,Nagpur,Nagpur Branch,Checking,fca61645-073f-44b1-bd63-53f4518a7cd8,05-09-2025,13:21:22,84153.43,f940f71f-2ac5-48d5-b42a-e2ed8a45dc18,Credit,Groceries,80545.11,Biometric ATM,"Nagpur, Maharashtra",POS,0,Clean,INR,+91996831XXXXXX,Grocery delivery,pii_email_4984b9c2e3b4
e1ef1757-9fdb-4951-8af6-ca9f916696bd,pii_full_name_e30db25b5aa7,Female,26,Maharashtra,Nagpur,Nagpur Branch,Checking,cae92191-2553-40fc-a2ad-1085b0687150,08-09-2025,05:30:18,3.76,521c59fb-ed83-4c8b-a909-021098bd31f9,Credit,Unknown Merchant,80368.73,,"Nagpur, Maharashtra",ATM,1,CNP Fraud,,,Online marketplace order,pii_email_4984b9c2e3b4
e1ef1757-9fdb-4951-8af6-ca9f916696bd,pii_full_name_e30db25b5aa7,Female,26,Maharashtra,Nagpur,Nagpur Branch,Checking,87613727-a22c-4a21-af44-a5ba0ba2431f,08-09-2025,05:32:28,4.13,39848610-784b-49ec-90a7-d8ba62b7d13f,Debit,Entertainment,80364.6,,"Nagpur, Maharashtra",ATM,1,CNP Fraud,,,Web purchase,pii_email_4984b9c2e3b4
e1ef1757-9fdb-4951-8af6-ca9f916696bd,pii_full_name_e30db25b5aa7,Female,26,Maharashtra,Nagpur,Nagpur Branch,Checking,6d9c8bbb-903a-4ad2-8cdb-b5f2d6e73299,08-09-2025,05:34:57,313112.94,d51dc542-9f84-4950-a090-f03aa7e9c3b2,Debit,Digital Services,0.0,,"Nagpur, Maharashtra",ATM,1,CNP Fraud,,,Online marketplace order,pii_email_4984b9c2e3b4
e1ef1757-9fdb-4951-8af6-ca9f916696bd,pii_full_name_e30db25b5aa7,Female,26,Maharashtra,Nagpur,Nagpur Branch,Checking,fca9cc5c-647a-44fa-9deb-95d3983fdd17,08-09-2025,05:35:06,176881.88,5ba83f55-b421-422b-8651-4b6df2f50170,Bill Payment,Unknown Merchant,0.0,,"Nagpur, Maharashtra",ATM,1,CNP Fraud,,,Online service,pii_email_4984b9c2e3b4
e1ef1757-9fdb-4951-8af6-ca9f916696bd,pii_full_name_e30db25b5aa7,Female,26,Maharashtra,Nagpur,Nagpur Branch,Checking,a51382c4-a278-435f-8b57-3568bc4690bc,08-09-2025,05:36:36,232129.97,c86d9b4a-85ae-47bf-8256-17178f797c13,Credit,Digital Services,0.0,,"Nagpur, Maharashtra",ATM,1,CNP Fraud,,,Web purchase,pii_email_4984b9c2e3b4
e1ef1757-9fdb-4951-8af6-ca9f916696bd,pii_full_name_e30db25b5aa7,Female,26,Maharashtra,Nagpur,Nagpur Branch,Checking,68a2c2ca-58f7-408a-9b35-1be01a5e727f,08-09-2025,05:38:39,415223.95,6db7db61-186b-4b30-bb93-8b569f9ff183,Debit,Entertainment,0.0,,"Nagpur, Maharashtra",ATM,1,CNP Fraud,,,Online marketplace order,pii_email_4984b9c2e3b4
e1ef1757-9fdb-4951-8af6-ca9f916696bd,pii_full_name_e30db25b5aa7,Female,26,Maharashtra,Nagpur,Nagpur Branch,Checking,fb8d2f18-5f53-424c-8631-4a16f7e8748b,13-09-2025,15:00:52,61637.73,509129e7-8d1a-44cb-b1b5-7b90ac75caaf,Credit,Electronics,72932.59,ATM,"Nagpur, Maharashtra",Desktop,0,Clean,INR,+91996831XXXXXX,Bus ticket,pii_email_4984b9c2e3b4
e2429866-5e15-47c6-b8c0-836c25d13198,pii_full_name_a75046dbb299,Female,47,Punjab,Amritsar,Amritsar Branch,Checking,769e7179-65ca-48d6-a3ab-18fe9baea42c,20-02-2025,16:20:45,67063.23,fa44101e-2273-4c5f-9988-f5c119c672ab,Credit,Clothing,23383.37,ATM,"Amritsar, Punjab",ATM,0,Clean,INR,+91919268XXXXXX,Electricity bill,pii_email_5342391fc3fe
e2429866-5e15-47c6-b8c0-836c25d13198,pii_full_name_a75046dbb299,Female,47,Punjab,Amritsar,Amritsar Branch,Checking,140c09e8-1e78-409c-b475-e1f1224025b4,21-04-2025,01:10:35,39796.5,2109f8bd-f3d5-450a-acb6-863a4bb95745,Debit,Groceries,19403.72,Phone Banking,"Amritsar, Punjab",ATM,0,Clean,INR,+91919268XXXXXX,Debt repayment,pii_email_5342391fc3fe
e2429866-5e15-47c6-b8c0-836c25d13198,pii_full_name_a75046dbb299,Female,47,Punjab,Amritsar,Amritsar Branch,Checking,1296c673-ed83-4a14-a669-8105ae9e33b9,14-06-2025,08:48:12,53639.78,83ca1fc6-f4b2-4104-ba5f-ae7142c2edff,Withdrawal,Clothing,16677.04,Internet Banking,"Amritsar, Punjab",Mobile,0,Clean,INR,+91919268XXXXXX,Grocery delivery,pii_email_5342391fc3fe
e2429866-5e15-47c6-b8c0-836c25d13198,pii_full_name_a75046dbb299,Female,47,Punjab,Amritsar,Amritsar Branch,Checking,1e8c8742-c65c-47fb-82be-06347b538b5e,19-09-2025,14:52:29,12913.39,86ec8dc8-853a-405c-a2a2-1e05e4d01de0,Debit,Electronics,24899.04,Self-service Banking Machine,"Amritsar, Punjab",Mobile,0,Clean,INR,+91919268XXXXXX,Gas bill,pii_email_5342391fc3fe
e2429866-5e15-47c6-b8c0-836c25d13198,pii_full_name_a75046dbb299,Female,47,Punjab,Amritsar,Amritsar Branch,Checking,f0b7f628-50b0-481d-ac5d-327e6bebda81,01-10-2025,08:48:28,28580.16,b2f15ac8-2fd8-44d5-a9c4-ae98e2979726,Debit,Electronics,22041.02,Magnetic Strip Card,"Amritsar, Punjab",Mobile,0,Clean,INR,+91919268XXXXXX,Train ticket,pii_email_5342391fc3fe
e2429866-5e15-47c6-b8c0-836c25d13198,pii_full_name_a75046dbb299,Female,47,Punjab,Amritsar,Amritsar Branch,Checking,07d88966-7876-406b-aebe-6b653207c808,21-11-2025,23:23:58,52671.02,16ceecd8-0b6c-48d6-b592-c6d4e90070f5,Transfer,Restaurant,26190.38,UPI,"Amritsar, Punjab",POS,0,Clean,INR,+91919268XXXXXX,Online shopping,pii_email_5342391fc3fe
e2af8981-f971-475c-8bb1-f6fda926c759,pii_full_name_5898b9792b1d,Female,39,Tamil Nadu,Madurai,Madurai Branch,Checking,d0b17ab4-2802-436e-af0c-669c08a8bd85,21-01-2025,14:55:35,20208.37,e7fccd66-954c-4f3d-9044-c5c77b9c6a16,Withdrawal,Health,85898.75,Internet Banking,"Madurai, Tamil Nadu",Desktop,0,Clean,INR,+91967492XXXXXX,Gas bill,pii_email_c616e3ec0f37
e2af8981-f971-475c-8bb1-f6fda926c759,pii_full_name_5898b9792b1d,Female,39,Tamil Nadu,Madurai,Madurai Branch,Checking,80f35144-cada-4eaa-8e6d-9054da1a49a2,26-01-2025,09:12:29,11391.35,435d6f6f-83d8-4925-b54d-034924abc4ef,Debit,Electronics,78633.06,Magnetic Strip Card,"Madurai, Tamil Nadu",POS,0,Clean,INR,+91967492XXXXXX,Hotel booking,pii_email_c616e3ec0f37
e2af8981-f971-475c-8bb1-f6fda926c759,pii_full_name_5898b9792b1d,Female,39,Tamil Nadu,Madurai,Madurai Branch,Checking,f54b45a0-5e4f-432c-ae71-af9accac86c2,05-02-2025,05:36:28,37337.74,b325cdaf-018b-4498-ab4e-4d90b7dd4202,Withdrawal,Clothing,62075.16,Chip Card,"Madurai, Tamil Nadu",POS,0,Clean,INR,+91967492XXXXXX,Bus ticket,pii_email_c616e3ec0f37
e2af8981-f971-475c-8bb1-f6fda926c759,pii_full_name_5898b9792b1d,Female,39,Tamil Nadu,Madurai,Madurai Branch,Checking,3e9b5fba-bd4a-4852-87f1-0aab0b021b17,27-02-2025,08:45:52,8459.89,0b1ba882-f59a-4e16-8359-addc57809f02,Bill Payment,Clothing,85052.77,Biometric ATM,"Madurai, Tamil Nadu",Desktop,0,Clean,INR,+91967492XXXXXX,Mutual fund investment,pii_email_c616e3ec0f37
e2af8981-f971-475c-8bb1-f6fda926c759,pii_full_name_5898b9792b1d,Female,39,Tamil Nadu,Madurai,Madurai Branch,Checking,58fcbf6b-b06f-462e-bc73-35d8a3833ea2,04-03-2025,11:46:27,15999.0,f3ced65d-6ffb-4182-b46a-f75e83db874d,Transfer,Clothing,92396.15,Magnetic Strip Card,"Madurai, Tamil Nadu",ATM,0,Clean,INR,+91967492XXXXXX,Movie tickets,pii_email_c616e3ec0f37
e2af8981-f971-475c-8bb1-f6fda926c759,pii_full_name_5898b9792b1d,Female,39,Tamil Nadu,Madurai,Madurai Branch,Checking,f6306029-73c3-49a9-9c9b-5f345d4b9822,08-03-2025,22:55:17,17694.4,9332eb4d-d9fa-4672-ae28-84832f41697c,Debit,Health,76863.62,Voice Assistant,"Madurai, Tamil Nadu",Mobile,0,Clean,INR,+91967492XXXXXX,Mobile recharge,pii_email_c616e3ec0f37
e2af8981-f971-475c-8bb1-f6fda926c759,pii_full_name_5898b9792b1d,Female,39,Tamil Nadu,Madurai,Madurai Branch,Checking,36fa65b5-0100-4e5a-a92f-bf8035592624,08-04-2025,21:59:56,90863.97,e158612d-d52d-4422-9259-06629db3b2ca,Transfer,Restaurant,61746.95,Mobile Banking App,"Madurai, Tamil Nadu",Desktop,0,Clean,INR,+91967492XXXXXX,Insurance premium,pii_email_c616e3ec0f37
e2af8981-f971-475c-8bb1-f6fda926c759,pii_full_name_5898b9792b1d,Female,39,Tamil Nadu,Madurai,Madurai Branch,Checking,292d806d-63d7-412e-8ec6-69170d616448,10-06-2025,12:37:52,94146.07,75752d31-c69a-45a5-a0ef-721b96c909dc,Debit,Restaurant,52660.56,Virtual Card,"Madurai, Tamil Nadu",Desktop,0,Clean,INR,+91967492XXXXXX,EMI payment,pii_email_c616e3ec0f37
e2af8981-f971-475c-8bb1-f6fda926c759,pii_full_name_5898b9792b1d,Female,39,Tamil Nadu,Madurai,Madurai Branch,Checking,d1e3157c-2b70-4ead-b6c9-b7311bf05939,30-06-2025,04:31:24,57434.81,157c19cc-06bb-4d03-9a24-b46114707796,Transfer,Electronics,90796.25,Magnetic Strip Card,"Madurai, Tamil Nadu",POS,0,Clean,INR,+91967492XXXXXX,Movie tickets,pii_email_c616e3ec0f37
e2af8981-f971-475c-8bb1-f6fda926c759,pii_full_name_5898b9792b1d,Female,39,Tamil Nadu,Madurai,Madurai Branch,Checking,a6a3ea2d-9530-49cf-a6a8-aad1510b3d77,15-07-2025,11:23:45,72247.85,3740b674-88f6-43f5-9b80-1d5f49d9d018,Bill Payment,Health,79772.19,Self-service Banking Machine,"Madurai, Tamil Nadu",Desktop,0,Clean,INR,+91967492XXXXXX,EMI payment,pii_email_c616e3ec0f37
e2af8981-f971-475c-8bb1-f6fda926c759,pii_full_name_5898b9792b1d,Female,39,Tamil Nadu,Madurai,Madurai Branch,Checking,3d6fe80f-c459-4107-854a-fd5b50c567b4,22-07-2025,06:58:25,39042.38,d8f7fb91-baf5-4eeb-a118-a04e838a6a31,Bill Payment,Entertainment,72959.38,Branch Counter,"Madurai, Tamil Nadu",Desktop,0,Clean,INR,+91967492XXXXXX,Jewelry purchase,pii_email_c616e3ec0f37
e2af8981-f971-475c-8bb1-f6fda926c759,pii_full_name_5898b9792b1d,Female,39,Tamil Nadu,Madurai,Madurai Branch,Checking,6de4fc40-1fde-48ff-bdc1-7975a6f31154,13-08-2025,06:42:19,71504.41,88f2736a-380d-404c-927f-52340c25ba94,Bill Payment,Entertainment,65808.94,ATM,"Madurai, Tamil Nadu",POS,0,Clean,INR,+91967492XXXXXX,Mobile recharge,pii_email_c616e3ec0f37
e2af8981-f971-475c-8bb1-f6fda926c759,pii_full_name_5898b9792b1d,Female,39,Tamil Nadu,Madurai,Madurai Branch,Checking,f30ce3e6-2aa4-46b0-a2b7-b389a9e9253f,02-09-2025,17:13:27,36060.03,746a475a-6c8a-4c5b-ae36-424268c9485f,Withdrawal,Clothing,65887.1,ATM,"Madurai, Tamil Nadu",Desktop,1,Clean,INR,+91967492XXXXXX,Bus ticket,pii_email_c616e3ec0f37
e2af8981-f971-475c-8bb1-f6fda926c759,pii_full_name_5898b9792b1d,Female,39,Tamil Nadu,Madurai,Madurai Branch,Checking,6868381a-1bae-4f25-ada5-e7a9158c5933,05-09-2025,17:12:28,53991.72,71da8a48-7a91-44ca-ae13-06e86a644353,Bill Payment,Groceries,86996.98,Mobile Banking App,"Madurai, Tamil Nadu",Desktop,0,Clean,INR,+91967492XXXXXX,EMI payment,pii_email_c616e3ec0f37
e2af8981-f971-475c-8bb1-f6fda926c759,pii_full_name_5898b9792b1d,Female,39,Tamil Nadu,Madurai,Madurai Branch,Checking,94122781-a4cb-4832-87ca-ae6e6232080a,26-09-2025,16:22:24,70627.96,67376774-945c-4a79-bbd4-a2f997dc73e9,Transfer,Electronics,69493.1,ATM,"Madurai, Tamil Nadu",Mobile,0,Clean,INR,+91967492XXXXXX,Pharmacy bill,pii_email_c616e3ec0f37
e2af8981-f971-475c-8bb1-f6fda926c759,pii_full_name_5898b9792b1d,Female,39,Tamil Nadu,Madurai,Madurai Branch,Checking,62b7c9ba-462b-40e5-bf9b-d036aab74ba1,13-11-2025,11:37:19,52045.11,d9d46888-ae8c-48d1-b5dc-a63bbc11a413,Transfer,Electronics,87919.59,Contactless Card,"Madurai, Tamil Nadu",Mobile,0,Clean,INR,+91967492XXXXXX,Restaurant dining,pii_email_c616e3ec0f37
e2af8981-f971-475c-8bb1-f6fda926c759,pii_full_name_5898b9792b1d,Female,39,Tamil Nadu,Madurai,Madurai Branch,Checking,1d3213ec-fd93-4df9-b230-93f38dd0d641,07-12-2025,16:41:39,6833.54,c5343c6f-a9db-4658-90ac-750255be3c54,Credit,Electronics,62430.31,Internet Banking,"Madurai, Tamil Nadu",ATM,0,Clean,INR,+91967492XXXXXX,Bitcoin transaction,pii_email_c616e3ec0f37
e3d196ca-6820-4569-bd12-f43102785706,pii_full_name_9826b555f11d,Female,49,Maharashtra,Mumbai,Mumbai Branch,Business,1bf1ef92-3793-4007-9487-ba11d43fbf3d,21-01-2025,06:06:46,66667.92,a591e2c9-11cb-4962-bff4-3db3997d1628,Bill Payment,Health,32134.97,Debit/Credit Card,"Mumbai, Maharashtra",POS,0,Clean,INR,+91945547XXXXXX,Cash withdrawal,pii_email_c6751779f636
e3d196ca-6820-4569-bd12-f43102785706,pii_full_name_9826b555f11d,Female,49,Maharashtra,Mumbai,Mumbai Branch,Business,9ad0e87b-cd3c-40da-bb43-b309234b09d4,18-02-2025,02:18:00,69582.41,462502d9-3290-4963-bf36-815e68677c43,Bill Payment,Electronics,16550.8,Debit/Credit Card,"Mumbai, Maharashtra",Mobile,0,Clean,INR,+91945547XXXXXX,Taxi fare,pii_email_c6751779f636
e3d196ca-6820-4569-bd12-f43102785706,pii_full_name_9826b555f11d,Female,49,Maharashtra,Mumbai,Mumbai Branch,Business,71b9d75b-8607-4157-8142-0b57a6eb35df,18-03-2025,11:50:25,59954.11,a02cd964-ccce-4bfe-8fde-23ef58dabaf3,Bill Payment,Restaurant,23509.04,Phone Banking,"Mumbai, Maharashtra",Mobile,0,Clean,INR,+91945547XXXXXX,Bus ticket,pii_email_c6751779f636
e3d196ca-6820-4569-bd12-f43102785706,pii_full_name_9826b555f11d,Female,49,Maharashtra,Mumbai,Mumbai Branch,Business,ff7bdc9b-edc7-4754-ad1f-5303440d07e4,23-03-2025,20:20:00,44879.47,94d41439-d138-40bf-8af5-f54ad7f86eb5,Transfer,Groceries,38801.77,Mobile Banking App,"Mumbai, Maharashtra",Desktop,0,Clean,INR,+91945547XXXXXX,Taxi fare,pii_email_c6751779f636
e3d196ca-6820-4569-bd12-f43102785706,pii_full_name_9826b555f11d,Female,49,Maharashtra,Mumbai,Mumbai Branch,Business,63126579-bd41-4eec-b7c9-617ad4fdfd18,09-04-2025,19:42:36,57299.33,f0d9e80d-75c0-4dc2-a7d4-21d6a66892b9,Transfer,Clothing,41865.7,Internet Banking,"Mumbai, Maharashtra",ATM,0,Clean,INR,+91945547XXXXXX,Grocery delivery,pii_email_c6751779f636
e3d196ca-6820-4569-bd12-f43102785706,pii_full_name_9826b555f11d,Female,49,Maharashtra,Mumbai,Mumbai Branch,Business,742d2f8d-b9a3-43be-9f52-c1d5d2b0d4d1,03-05-2025,05:42:58,75518.84,b0b155fd-bcb1-4ff6-9e87-f4e308f2de98,Bill Payment,Restaurant,34313.82,POS Mobile App,"Mumbai, Maharashtra",Desktop,0,Clean,INR,+91945547XXXXXX,Online shopping,pii_email_c6751779f636
e3d196ca-6820-4569-bd12-f43102785706,pii_full_name_9826b555f11d,Female,49,Maharashtra,Mumbai,Mumbai Branch,Business,968d89d3-98ec-498c-9db9-2afc0c1b34c2,13-05-2025,19:24:37,35890.06,46032996-9399-4949-b74f-550f9d64859e,Credit,Groceries,29504.45,Magnetic Strip Card,"Mumbai, Maharashtra",POS,0,Clean,INR,+91945547XXXXXX,Pharmacy bill,pii_email_c6751779f636
e3d196ca-6820-4569-bd12-f43102785706,pii_full_name_9826b555f11d,Female,49,Maharashtra,Mumbai,Mumbai Branch,Business,d9ee87d5-dada-4ad7-8623-f8f6669a0fd8,29-08-2025,12:11:03,44535.49,3d60d2b5-ec67-4297-a42a-a1b361fb9b13,Withdrawal,Restaurant,12097.25,UPI,"Mumbai, Maharashtra",Mobile,0,Clean,INR,+91945547XXXXXX,Jewelry purchase,pii_email_c6751779f636
e3d196ca-6820-4569-bd12-f43102785706,pii_full_name_9826b555f11d,Female,49,Maharashtra,Mumbai,Mumbai Branch,Business,cd42f152-5248-4e33-a7cf-e37b946d1bfe,30-08-2025,09:53:49,62195.27,8018e9bb-a411-406c-afee-e64bc99d6b90,Bill Payment,Health,25915.45,QR Code Scanner,"Mumbai, Maharashtra",Mobile,0,Clean,INR,+91945547XXXXXX,Salary credit,pii_email_c6751779f636
e51692c6-42e3-4b6b-b33e-e81510610bb5,pii_full_name_31a55f424d9c,Male,25,Rajasthan,Udaipur,Udaipur Branch,Savings,9cb32481-df45-45fc-b976-19b9ad7aaeb2,30-03-2025,12:17:58,43766.58,6051ba10-cd01-4039-b257-b6273461130d,Transfer,Clothing,36195.75,Self-service Banking Machine,"Udaipur, Rajasthan",Desktop,0,Clean,INR,+91966958XXXXXX,Restaurant dining,pii_email_6f81b4bd778b
e51692c6-42e3-4b6b-b33e-e81510610bb5,pii_full_name_31a55f424d9c,Male,25,Rajasthan,Udaipur,Udaipur Branch,Savings,132c7317-204b-4373-92f7-3564de6b5c62,18-06-2025,13:35:35,60468.81,e6e1f496-0fef-43dc-8a6d-be43c37d3fb3,Credit,Health,32446.31,POS Mobile Device,"Udaipur, Rajasthan",ATM,0,Clean,INR,+91966958XXXXXX,Salary credit,pii_email_6f81b4bd778b
e51692c6-42e3-4b6b-b33e-e81510610bb5,pii_full_name_31a55f424d9c,Male,25,Rajasthan,Udaipur,Udaipur Branch,Savings,8a616ac5-61b6-4b0c-a83a-ecab805ca877,01-07-2025,19:00:12,31400.49,12f686e5-1ba0-4e2c-ae88-c42792ce13e5,Bill Payment,Health,20800.76,Magnetic Strip Card,"Udaipur, Rajasthan",Desktop,0,Clean,INR,+91966958XXXXXX,Insurance premium,pii_email_6f81b4bd778b
e51692c6-42e3-4b6b-b33e-e81510610bb5,pii_full_name_31a55f424d9c,Male,25,Rajasthan,Udaipur,Udaipur Branch,Savings,c71363e2-5956-4ae6-be7c-29721b93f53e,30-07-2025,15:46:06,46407.49,38897dfb-6b0b-4f0f-9687-572720d77280,Bill Payment,Groceries,39810.3,POS Mobile App,"Udaipur, Rajasthan",Desktop,0,Clean,INR,+91966958XXXXXX,Movie tickets,pii_email_6f81b4bd778b
e51692c6-42e3-4b6b-b33e-e81510610bb5,pii_full_name_31a55f424d9c,Male,25,Rajasthan,Udaipur,Udaipur Branch,Savings,c0a4e32f-526a-4993-a4cc-e0158c672a79,02-08-2025,07:32:01,79912.07,a4937ee5-fe8d-4d3e-b040-6240c01b6bdf,Bill Payment,Health,31819.1,POS Mobile Device,"Udaipur, Rajasthan",Desktop,0,Clean,INR,+91966958XXXXXX,Debt repayment,pii_email_6f81b4bd778b
e51692c6-42e3-4b6b-b33e-e81510610bb5,pii_full_name_31a55f424d9c,Male,25,Rajasthan,Udaipur,Udaipur Branch,Savings,b5431bfc-03c3-49bb-8991-55feeb1786ff,24-08-2025,08:05:54,90587.46,a108fe8b-edfe-4a8e-a603-fe42996162b4,Bill Payment,Restaurant,26399.42,Voice Assistant,"Udaipur, Rajasthan",ATM,0,Clean,INR,+91966958XXXXXX,Debt repayment,pii_email_6f81b4bd778b
e51692c6-42e3-4b6b-b33e-e81510610bb5,pii_full_name_31a55f424d9c,Male,25,Rajasthan,Udaipur,Udaipur Branch,Savings,bdccbdc2-2f74-4db9-bd84-3cddcd3088cc,28-09-2025,03:59:19,86588.59,f978efa5-8b5c-4565-a404-a7a1d3ce156a,Debit,Clothing,23940.81,ATM Booth Kiosk,"Udaipur, Rajasthan",Desktop,0,Clean,INR,+91966958XXXXXX,Restaurant dining,pii_email_6f81b4bd778b
e51692c6-42e3-4b6b-b33e-e81510610bb5,pii_full_name_31a55f424d9c,Male,25,Rajasthan,Udaipur,Udaipur Branch,Savings,e7866e6e-421c-4548-9b1c-e1d368993191,03-11-2025,07:37:41,1533.61,061341e4-f8ef-435d-a9fb-95dd1d46405a,Credit,Entertainment,32599.67,ATM,"Udaipur, Rajasthan",POS,0,Clean,INR,+91966958XXXXXX,Restaurant dining,pii_email_6f81b4bd778b
e51692c6-42e3-4b6b-b33e-e81510610bb5,pii_full_name_31a55f424d9c,Male,25,Rajasthan,Udaipur,Udaipur Branch,Savings,43112155-0666-40ee-8a42-f65c628e65eb,17-11-2025,09:20:08,7375.83,39662669-24ab-498e-adca-720c4d0848ce,Debit,Electronics,35458.17,Mobile Banking App,"Udaipur, Rajasthan",Mobile,0,Clean,INR,+91966958XXXXXX,Gas bill,pii_email_6f81b4bd778b
e62516c3-3db0-46e7-a640-e74e60d1c951,pii_full_name_b1ce03673a28,Male,58,Bihar,Bhagalpur,Bhagalpur Branch,Checking,856abe53-6121-4503-91b0-98e66f89375e,12-01-2025,23:39:20,478.06,b8b13e83-ce25-4c34-9ca0-d806d2c9011e,Bill Payment,Groceries,68616.02,Internet Banking,"Bhagalpur, Bihar",Mobile,0,Clean,INR,+91964917XXXXXX,Insurance premium,pii_email_92e43b4876ec
e62516c3-3db0-46e7-a640-e74e60d1c951,pii_full_name_b1ce03673a28,Male,58,Bihar,Bhagalpur,Bhagalpur Branch,Checking,6e57c644-67d5-4f4e-939a-40667df94331,13-01-2025,00:01:17,75331.64,25a9599b-5275-4d2b-a99b-91b082c2fe75,Bill Payment,Restaurant,71791.53,Mobile Banking App,"Bhagalpur, Bihar",Mobile,0,Clean,INR,+91964917XXXXXX,Movie tickets,pii_email_92e43b4876ec
e62516c3-3db0-46e7-a640-e74e60d1c951,pii_full_name_b1ce03673a28,Male,58,Bihar,Bhagalpur,Bhagalpur Branch,Checking,de1ca2b3-6a0a-42bc-aef2-30560844b1eb,16-01-2025,02:10:10,53990.86,6f169cde-84a7-4f71-b42b-fa3681b2d7ff,Withdrawal,Entertainment,68663.83,Virtual Card,"Bhagalpur, Bihar",Desktop,0,Clean,INR,+91964917XXXXXX,Insurance premium,pii_email_92e43b4876ec
e62516c3-3db0-46e7-a640-e74e60d1c951,pii_full_name_b1ce03673a28,Male,58,Bihar,Bhagalpur,Bhagalpur Branch,Checking,1eae78b7-0765-4818-8831-0d89df8e5c7b,23-01-2025,08:25:27,42573.25,8ca9c7d2-8b57-4a9e-9520-ee1f3537b282,Transfer,Restaurant,85563.36,Biometric ATM,"Bhagalpur, Bihar",ATM,0,Clean,INR,+91964917XXXXXX,Restaurant dining,pii_email_92e43b4876ec
e62516c3-3db0-46e7-a640-e74e60d1c951,pii_full_name_b1ce03673a28,Male,58,Bihar,Bhagalpur,Bhagalpur Branch,Checking,c66465a9-7a0d-4d41-af4b-22893b4819df,09-02-2025,23:11:20,72971.47,b0a4d342-d6c0-4cb1-b197-443f06a9d6e5,Withdrawal,Electronics,36082.26,ATM,"Bhagalpur, Bihar",Desktop,0,Clean,INR,+91964917XXXXXX,Train ticket,pii_email_92e43b4876ec
e62516c3-3db0-46e7-a640-e74e60d1c951,pii_full_name_b1ce03673a28,Male,58,Bihar,Bhagalpur,Bhagalpur Branch,Checking,c121c8d0-a155-4c00-9a7e-f3d422ba6e68,21-03-2025,22:38:47,67533.45,42b5e548-2729-4904-8167-2e638595416f,Withdrawal,Health,78810.02,Video Banking,"Bhagalpur, Bihar",POS,0,Clean,INR,+91964917XXXXXX,Electricity bill,pii_email_92e43b4876ec
e62516c3-3db0-46e7-a640-e74e60d1c951,pii_full_name_b1ce03673a28,Male,58,Bihar,Bhagalpur,Bhagalpur Branch,Checking,e940201c-0cac-4489-8b61-926b2966c0cd,05-04-2025,08:05:59,81710.2,d891aef5-b0e5-433c-86f4-31af9aab3820,Bill Payment,Electronics,27276.07,QR Code Scanner,"Bhagalpur, Bihar",POS,0,Clean,INR,+91964917XXXXXX,Bus ticket,pii_email_92e43b4876ec
e62516c3-3db0-46e7-a640-e74e60d1c951,pii_full_name_b1ce03673a28,Male,58,Bihar,Bhagalpur,Bhagalpur Branch,Checking,5aa83f5b-a806-4d7e-b3e5-7696465ad70d,08-07-2025,19:30:58,47471.07,66d165fb-8c9e-4581-9bfe-f1436866f601,Bill Payment,Groceries,74062.91,Phone Banking,"Bhagalpur, Bihar",ATM,0,Clean,INR,+91964917XXXXXX,Utility bill,pii_email_92e43b4876ec
e62516c3-3db0-46e7-a640-e74e60d1c951,pii_full_name_b1ce03673a28,Male,58,Bihar,Bhagalpur,Bhagalpur Branch,Checking,2733b231-cf49-4b3f-9389-a41486cdc86f,09-07-2025,07:42:53,33010.14,8ccd6801-4867-46f5-a45e-48325dd2872d,Debit,Clothing,45455.94,Internet Banking,"Bhagalpur, Bihar",Desktop,0,Clean,INR,+91964917XXXXXX,Electricity bill,pii_email_92e43b4876ec
e62516c3-3db0-46e7-a640-e74e60d1c951,pii_full_name_b1ce03673a28,Male,58,Bihar,Bhagalpur,Bhagalpur Branch,Checking,a02d7726-8279-4663-ac16-e25004e13e3e,28-07-2025,19:53:10,6186.28,4d948d7e-69aa-4c4c-851f-299f055ac45f,Bill Payment,Health,61426.53,POS Mobile App,"Bhagalpur, Bihar",ATM,0,Clean,INR,+91964917XXXXXX,Utility bill,pii_email_92e43b4876ec
e62516c3-3db0-46e7-a640-e74e60d1c951,pii_full_name_b1ce03673a28,Male,58,Bihar,Bhagalpur,Bhagalpur Branch,Checking,91dc2718-cce1-4698-bd15-5c9f88982175,31-07-2025,02:13:08,6351.72,6257b384-30fd-47d0-81b7-f7935957d90c,Debit,Entertainment,35447.09,QR Code Scanner,"Bhagalpur, Bihar",Mobile,0,Clean,INR,+91964917XXXXXX,Movie tickets,pii_email_92e43b4876ec
e62516c3-3db0-46e7-a640-e74e60d1c951,pii_full_name_b1ce03673a28,Male,58,Bihar,Bhagalpur,Bhagalpur Branch,Checking,66478f33-1edf-4c4a-b3dc-4dab712f63bf,10-08-2025,04:02:31,68652.44,7b72c414-afc0-499e-a0ad-07b64f2e48fb,Transfer,Restaurant,79324.7,Phone Banking,"Bhagalpur, Bihar",Desktop,0,Clean,INR,+91964917XXXXXX,Restaurant dining,pii_email_92e43b4876ec
e62516c3-3db0-46e7-a640-e74e60d1c951,pii_full_name_b1ce03673a28,Male,58,Bihar,Bhagalpur,Bhagalpur Branch,Checking,fb83c659-abb8-40fc-942e-9c7a8d367189,01-09-2025,20:01:02,95145.06,5f2e17ff-dc73-42c8-bb00-6612347d13d9,Credit,Restaurant,81306.04,Biometric ATM,"Bhagalpur, Bihar",Mobile,0,Clean,INR,+91964917XXXXXX,Food delivery,pii_email_92e43b4876ec
e62516c3-3db0-46e7-a640-e74e60d1c951,pii_full_name_b1ce03673a28,Male,58,Bihar,Bhagalpur,Bhagalpur Branch,Checking,c11abf6b-b386-4def-8373-16a56496310c,24-10-2025,09:13:23,65708.63,24ed70ea-c477-49c0-a7ca-1a1f26aa1c4e,Debit,Clothing,62045.16,Branch Counter,"Bhagalpur, Bihar",ATM,0,Clean,INR,+91964917XXXXXX,Movie tickets,pii_email_92e43b4876ec
e62516c3-3db0-46e7-a640-e74e60d1c951,pii_full_name_b1ce03673a28,Male,58,Bihar,Bhagalpur,Bhagalpur Branch,Checking,bfcc5c41-3c94-40ad-b6a6-b24e765455fe,14-12-2025,06:20:25,57289.78,fb07b742-37e8-44d9-8a56-5b8c32e1deaf,Withdrawal,Entertainment,55697.55,Virtual Card,"Bhagalpur, Bihar",ATM,0,Clean,INR,+91964917XXXXXX,Pharmacy bill,pii_email_92e43b4876ec
e62516c3-3db0-46e7-a640-e74e60d1c951,pii_full_name_b1ce03673a28,Male,58,Bihar,Bhagalpur,Bhagalpur Branch,Checking,174dc8e0-ff3a-40d9-95ec-951ab54c81f8,26-12-2025,19:39:37,20765.37,51672550-f9f4-4b75-ba87-464fbe9ce187,Bill Payment,Entertainment,43379.41,POS Mobile Device,"Bhagalpur, Bihar",POS,0,Clean,INR,+91964917XXXXXX,Movie tickets,pii_email_92e43b4876ec
e62516c3-3db0-46e7-a640-e74e60d1c951,pii_full_name_b1ce03673a28,Male,58,Bihar,Bhagalpur,Bhagalpur Branch,Checking,5575851d-adef-4cb9-99ba-f142cfc79136,29-12-2025,19:21:38,69405.95,7cae75a1-7a3e-4440-a305-e55eaecf3893,Withdrawal,Entertainment,48756.96,Digital Wallet,"Bhagalpur, Bihar",ATM,0,Clean,INR,+91964917XXXXXX,Hotel booking,pii_email_92e43b4876ec
e88df42b-3a1b-4650-b97e-1d7f16b020f6,pii_full_name_64ce57d50431,Female,63,Bihar,Bhagalpur,Bhagalpur Branch,Savings,fbdbbe9e-5b17-446b-9b3c-b681db811e14,09-01-2025,21:55:27,34883.22,79a2959a-a371-408c-9045-78d65553350e,Bill Payment,Electronics,50370.49,POS Mobile App,"Bhagalpur, Bihar",POS,0,Clean,INR,+91984055XXXXXX,Electricity bill,pii_email_62b9372949e9
e88df42b-3a1b-4650-b97e-1d7f16b020f6,pii_full_name_64ce57d50431,Female,63,Bihar,Bhagalpur,Bhagalpur Branch,Savings,8c417cf1-04c7-4558-acc7-f184ccdfb01c,06-02-2025,13:46:49,24653.54,b24dd6c8-8775-4169-8848-e88a714ff874,Transfer,Clothing,79965.82,Voice Assistant,"Bhagalpur, Bihar",ATM,0,Clean,INR,+91984055XXXXXX,Jewelry purchase,pii_email_62b9372949e9
e88df42b-3a1b-4650-b97e-1d7f16b020f6,pii_full_name_64ce57d50431,Female,63,Bihar,Bhagalpur,Bhagalpur Branch,Savings,0fe9ea3f-f04a-469a-adba-d334ab6cefdd,10-03-2025,06:22:24,45557.69,e59b6521-3deb-4280-8ba8-0ab2a518572a,Withdrawal,Electronics,75410.06,Contactless Card,"Bhagalpur, Bihar",POS,0,Clean,INR,+91984055XXXXXX,Bitcoin transaction,pii_email_62b9372949e9
e88df42b-3a1b-4650-b97e-1d7f16b020f6,pii_full_name_64ce57d50431,Female,63,Bihar,Bhagalpur,Bhagalpur Branch,Savings,abb84c78-3550-41d3-a244-59104e0fe7a9,18-03-2025,06:09:27,46731.28,535ec34b-e783-4756-bdeb-92e151959aea,Bill Payment,Health,62683.71,Mobile Banking App,"Bhagalpur, Bihar",ATM,0,Clean,INR,+91984055XXXXXX,Insurance premium,pii_email_62b9372949e9
e88df42b-3a1b-4650-b97e-1d7f16b020f6,pii_full_name_64ce57d50431,Female,63,Bihar,Bhagalpur,Bhagalpur Branch,Savings,5566c702-32ac-44f2-b37c-01da25a475ee,18-03-2025,16:50:44,28953.68,4255bfff-7e7f-4856-ad9d-828025fd62b5,Withdrawal,Electronics,53858.82,ATM,"Bhagalpur, Bihar",POS,0,Clean,INR,+91984055XXXXXX,Cash withdrawal,pii_email_62b9372949e9
e88df42b-3a1b-4650-b97e-1d7f16b020f6,pii_full_name_64ce57d50431,Female,63,Bihar,Bhagalpur,Bhagalpur Branch,Savings,ac643112-ad0e-4212-9edd-ecb993b109d1,18-03-2025,19:51:12,33109.14,e7ba855a-692b-4c11-b909-3af0545f9fe5,Credit,Restaurant,84726.57,Internet Banking,"Bhagalpur, Bihar",POS,0,Clean,INR,+91984055XXXXXX,Hotel booking,pii_email_62b9372949e9
e88df42b-3a1b-4650-b97e-1d7f16b020f6,pii_full_name_64ce57d50431,Female,63,Bihar,Bhagalpur,Bhagalpur Branch,Savings,86612719-7935-4180-bda4-de345aad0844,23-03-2025,21:17:50,62531.2,8fcfbbce-51af-4ead-a369-4ea70e17e0cd,Credit,Restaurant,78949.36,POS Mobile App,"Bhagalpur, Bihar",Mobile,0,Clean,INR,+91984055XXXXXX,Gas bill,pii_email_62b9372949e9
e88df42b-3a1b-4650-b97e-1d7f16b020f6,pii_full_name_64ce57d50431,Female,63,Bihar,Bhagalpur,Bhagalpur Branch,Savings,eae815a8-7349-4763-bbc3-c76c7eaff19e,17-05-2025,01:42:14,93058.5,0832692f-dc1e-4b26-ada0-67e3423fba07,Transfer,Restaurant,72696.24,Contactless Card,"Bhagalpur, Bihar",Desktop,1,Money Laundering,INR,+91984055XXXXXX,Debt repayment,pii_email_62b9372949e9
e88df42b-3a1b-4650-b97e-1d7f16b020f6,pii_full_name_64ce57d50431,Female,63,Bihar,Bhagalpur,Bhagalpur Branch,Savings,13aa82a6-6b98-46ab-94c3-69c96b2ef853,05-06-2025,09:24:59,68674.82,44f1b697-8cbf-400d-b7f0-823db16f61db,Credit,Restaurant,85816.85,Self-service Banking Machine,"Bhagalpur, Bihar",Desktop,0,Clean,INR,+91984055XXXXXX,Utility bill,pii_email_62b9372949e9
e88df42b-3a1b-4650-b97e-1d7f16b020f6,pii_full_name_64ce57d50431,Female,63,Bihar,Bhagalpur,Bhagalpur Branch,Savings,c1f849a5-3cf2-42a3-88a2-6ab9445f411d,12-06-2025,12:12:53,53646.03,fc6ef67c-9d53-4f72-8fe1-95fc8378317f,Debit,Health,57877.93,Phone Banking,"Bhagalpur, Bihar",Mobile,0,Clean,INR,+91984055XXXXXX,Restaurant dining,pii_email_62b9372949e9
e88df42b-3a1b-4650-b97e-1d7f16b020f6,pii_full_name_64ce57d50431,Female,63,Bihar,Bhagalpur,Bhagalpur Branch,Savings,22a0f880-ea86-4c9e-9352-66488418a3ba,16-06-2025,00:10:01,8427.08,8a462ab7-280c-4078-bf7e-baa46fb0d922,Bill Payment,Restaurant,63242.54,Chip Card,"Bhagalpur, Bihar",Mobile,1,Clean,INR,+91984055XXXXXX,Mutual fund investment,pii_email_62b9372949e9
e88df42b-3a1b-4650-b97e-1d7f16b020f6,pii_full_name_64ce57d50431,Female,63,Bihar,Bhagalpur,Bhagalpur Branch,Savings,4fe5ae89-10ff-4acc-b8d6-de172580a263,29-06-2025,05:35:35,62075.79,4fe8e06f-3ae6-443f-95d7-455dbc48fdd5,Debit,Restaurant,64085.25,QR Code Scanner,"Bhagalpur, Bihar",ATM,0,Clean,INR,+91984055XXXXXX,Mutual fund investment,pii_email_62b9372949e9
e88df42b-3a1b-4650-b97e-1d7f16b020f6,pii_full_name_64ce57d50431,Female,63,Bihar,Bhagalpur,Bhagalpur Branch,Savings,d45f1c73-5eef-49ab-ae5e-e0c567aaa7d5,22-07-2025,06:31:03,6463.48,91a6898b-fcf0-44c9-acd1-78af96e6410f,Credit,Electronics,76056.4,Virtual Card,"Bhagalpur, Bihar",POS,0,Clean,INR,+91984055XXXXXX,Grocery delivery,pii_email_62b9372949e9
e88df42b-3a1b-4650-b97e-1d7f16b020f6,pii_full_name_64ce57d50431,Female,63,Bihar,Bhagalpur,Bhagalpur Branch,Savings,99ad8afc-9b35-4fbd-9fb1-17bdcb25a865,26-07-2025,12:36:04,44011.91,3d3ca6cd-0420-4458-90df-cb8b16584d9e,Bill Payment,Clothing,81415.66,Digital Wallet,"Bhagalpur, Bihar",Mobile,0,Clean,INR,+91984055XXXXXX,Pharmacy bill,pii_email_62b9372949e9
e88df42b-3a1b-4650-b97e-1d7f16b020f6,pii_full_name_64ce57d50431,Female,63,Bihar,Bhagalpur,Bhagalpur Branch,Savings,437b43d5-337c-4055-83a2-4ad966ed667e,12-08-2025,10:11:57,64280.0,11516f3e-b58a-41f4-97c0-b3bd0351799a,Credit,Restaurant,56798.49,Magnetic Strip Card,"Bhagalpur, Bihar",Mobile,0,Clean,INR,+91984055XXXXXX,Bus ticket,pii_email_62b9372949e9
e88df42b-3a1b-4650-b97e-1d7f16b020f6,pii_full_name_64ce57d50431,Female,63,Bihar,Bhagalpur,Bhagalpur Branch,Savings,965d22a7-5380-4f32-8e0c-f3a1c07db407,22-08-2025,12:03:29,94789.06,6cf28166-33f8-4e0c-868e-21f51d872640,Credit,Restaurant,67356.84,ATM Booth Kiosk,"Bhagalpur, Bihar",Desktop,0,Clean,INR,+91984055XXXXXX,Utility bill,pii_email_62b9372949e9
e88df42b-3a1b-4650-b97e-1d7f16b020f6,pii_full_name_64ce57d50431,Female,63,Bihar,Bhagalpur,Bhagalpur Branch,Savings,41442606-c58b-4a85-8bc3-108776cdc8f0,10-09-2025,06:14:53,72261.0,0adbad42-3914-4a44-a361-c86fc4c7b26b,Bill Payment,Electronics,77500.47,Branch Counter,"Bhagalpur, Bihar",Desktop,0,Clean,INR,+91984055XXXXXX,Grocery delivery,pii_email_62b9372949e9
e88df42b-3a1b-4650-b97e-1d7f16b020f6,pii_full_name_64ce57d50431,Female,63,Bihar,Bhagalpur,Bhagalpur Branch,Savings,09994ec8-fa0d-4550-9f1d-d6436826dfe1,18-09-2025,15:28:54,40053.47,81648c05-f2b2-4e8a-a788-ac6dcb119ba7,Bill Payment,Groceries,65749.64,Biometric ATM,"Bhagalpur, Bihar",Desktop,0,Clean,INR,+91984055XXXXXX,Movie tickets,pii_email_62b9372949e9
e88df42b-3a1b-4650-b97e-1d7f16b020f6,pii_full_name_64ce57d50431,Female,63,Bihar,Bhagalpur,Bhagalpur Branch,Savings,8e81e5da-c1cf-42c8-a35c-a7ee438c065f,25-09-2025,10:36:43,57635.79,c180c122-8804-47b8-b42b-31e3a4209194,Debit,Entertainment,70292.83,POS Mobile Device,"Bhagalpur, Bihar",POS,0,Clean,INR,+91984055XXXXXX,Jewelry purchase,pii_email_62b9372949e9
e88df42b-3a1b-4650-b97e-1d7f16b020f6,pii_full_name_64ce57d50431,Female,63,Bihar,Bhagalpur,Bhagalpur Branch,Savings,2cd137af-2dd2-4f85-806c-b8e26fe08ef7,02-11-2025,13:21:36,59295.29,09a049b5-ea92-489e-8010-194ec8af4dba,Withdrawal,Groceries,56754.18,Contactless Card,"Bhagalpur, Bihar",ATM,0,Clean,INR,+91984055XXXXXX,Gas bill,pii_email_62b9372949e9
e8dd5567-1497-427e-8e0c-7999a63d70f1,pii_full_name_b4070dc74cd2,Male,36,Gujarat,Surat,Surat Branch,Savings,9cd12f18-29c3-43d2-bad6-d96233c9df9e,19-09-2025,19:39:00,30143.2,07aeba32-8a18-4356-8044-9cb4208c5129,Withdrawal,Electronics,89826.13,Mobile Banking App,"Surat, Gujarat",Mobile,0,Clean,INR,+91983686XXXXXX,Debt repayment,pii_email_85eddf76a5f3
e8dd5567-1497-427e-8e0c-7999a63d70f1,pii_full_name_b4070dc74cd2,Male,36,Gujarat,Surat,Surat Branch,Savings,4ef3a82f-6572-4b78-8e3b-d2972d8f3b16,07-11-2025,10:34:16,929.16,36505d6a-f312-4a43-b69d-175d2e4f4bbc,Transfer,Entertainment,98861.38,ATM Booth Kiosk,"Surat, Gujarat",POS,0,Clean,INR,+91983686XXXXXX,Bitcoin transaction,pii_email_85eddf76a5f3
e8dd5567-1497-427e-8e0c-7999a63d70f1,pii_full_name_b4070dc74cd2,Male,36,Gujarat,Surat,Surat Branch,Savings,eca58697-52a8-4c67-962b-29cdebd0efda,21-12-2025,03:09:38,89423.33,d2670050-c704-4d4c-910a-0606f8d8cab8,Credit,Restaurant,98768.47,Mobile Banking App,"Surat, Gujarat",POS,0,Clean,INR,+91983686XXXXXX,Utility bill,pii_email_85eddf76a5f3
ea7de07b-74a5-487a-84dc-1d09ceb184fb,pii_full_name_ebdc806f8dbf,Male,18,Bihar,Gaya,Gaya Branch,Checking,1ff0c17e-3fdc-43f5-8e31-96503ac8c5d3,12-01-2025,05:47:17,60085.74,ac81e281-a4e2-4dd7-b46a-4ea8a6cf35a5,Withdrawal,Clothing,86860.22,POS Mobile App,"Gaya, Bihar",POS,0,Clean,INR,+91977526XXXXXX,EMI payment,pii_email_c1f151fb0ee2
ea7de07b-74a5-487a-84dc-1d09ceb184fb,pii_full_name_ebdc806f8dbf,Male,18,Bihar,Gaya,Gaya Branch,Checking,d73eaf4c-7d03-4920-bbb2-f091f7d82dde,21-01-2025,14:10:09,32371.09,d756e368-92a5-4a80-a443-239b5062144d,Credit,Electronics,99996.44,ATM Booth Kiosk,"Gaya, Bihar",POS,0,Clean,INR,+91977526XXXXXX,Restaurant dining,pii_email_c1f151fb0ee2
ea7de07b-74a5-487a-84dc-1d09ceb184fb,pii_full_name_ebdc806f8dbf,Male,18,Bihar,Gaya,Gaya Branch,Checking,aff1ae28-c990-4fa9-a2f1-fbda65f2557b,01-02-2025,14:13:50,54728.14,3e5afc68-07ae-48e5-b3ac-9cb8c45b3a94,Bill Payment,Electronics,92868.8,Debit/Credit Card,"Gaya, Bihar",POS,0,Clean,INR,+91977526XXXXXX,Mobile recharge,pii_email_c1f151fb0ee2
ea7de07b-74a5-487a-84dc-1d09ceb184fb,pii_full_name_ebdc806f8dbf,Male,18,Bihar,Gaya,Gaya Branch,Checking,b3ce9ab7-ccc6-48d7-9fbb-5ad290ee8f83,16-06-2025,22:13:28,16548.29,f707f627-072a-4b92-bbe7-a4b9f6264862,Debit,Health,98341.61,UPI,"Gaya, Bihar",ATM,0,Clean,INR,+91977526XXXXXX,Online shopping,pii_email_c1f151fb0ee2
ecad928c-8248-45f2-ba62-ae4f37c0e3f4,pii_full_name_c26b05255768,Male,35,Tamil Nadu,Madurai,Madurai Branch,Savings,cef15f9a-2c34-4b85-9f90-c41af8374087,10-01-2025,20:45:38,60888.93,841e4938-e2ba-47f9-979c-fb46cf3c7db3,Withdrawal,Electronics,35083.22,POS Mobile Device,"Madurai, Tamil Nadu",ATM,0,Clean,INR,+91958555XXXXXX,Train ticket,pii_email_4b090dcc9032
ecad928c-8248-45f2-ba62-ae4f37c0e3f4,pii_full_name_c26b05255768,Male,35,Tamil Nadu,Madurai,Madurai Branch,Savings,51d20dab-b3e0-4b79-9d6b-79af8816fdb3,28-01-2025,18:42:57,9781.95,e94073e7-b2c0-4e8b-a607-c3b016afbd5a,Withdrawal,Clothing,72757.63,Voice Assistant,"Madurai, Tamil Nadu",Mobile,0,Clean,INR,+91958555XXXXXX,Cash withdrawal,pii_email_4b090dcc9032
ecad928c-8248-45f2-ba62-ae4f37c0e3f4,pii_full_name_c26b05255768,Male,35,Tamil Nadu,Madurai,Madurai Branch,Savings,3de8b1ac-4ef8-4bdd-b378-cd2a9b94324c,10-03-2025,11:00:22,67344.25,6005f0f3-596e-47e1-87d3-2c68955574c7,Transfer,Restaurant,66434.7,QR Code Scanner,"Madurai, Tamil Nadu",ATM,0,Clean,INR,+91958555XXXXXX,Hotel booking,pii_email_4b090dcc9032
ecad928c-8248-45f2-ba62-ae4f37c0e3f4,pii_full_name_c26b05255768,Male,35,Tamil Nadu,Madurai,Madurai Branch,Savings,cdf39489-01eb-440d-b450-0dc2e1a10627,11-03-2025,23:18:36,12385.7,3e89d47c-b8aa-4df1-8a68-22ef9c8a479a,Credit,Entertainment,36207.91,Self-service Banking Machine,"Madurai, Tamil Nadu",Desktop,0,Clean,INR,+91958555XXXXXX,Debt repayment,pii_email_4b090dcc9032
ecad928c-8248-45f2-ba62-ae4f37c0e3f4,pii_full_name_c26b05255768,Male,35,Tamil Nadu,Madurai,Madurai Branch,Savings,30b23eca-bf0b-4fcf-9c81-b6e758ac29e7,19-03-2025,08:40:24,52511.68,0e89363f-cc30-4008-9c85-05dbcf860524,Transfer,Groceries,70393.91,Digital Wallet,"Madurai, Tamil Nadu",Desktop,0,Clean,INR,+91958555XXXXXX,Jewelry purchase,pii_email_4b090dcc9032
ecad928c-8248-45f2-ba62-ae4f37c0e3f4,pii_full_name_c26b05255768,Male,35,Tamil Nadu,Madurai,Madurai Branch,Savings,1b36e151-12e5-41de-bc81-53fc16e42de4,23-04-2025,08:16:55,31251.49,a7145166-22a1-454f-b200-676342e81afa,Withdrawal,Electronics,54793.89,Internet Banking,"Madurai, Tamil Nadu",POS,1,Clean,INR,+91958555XXXXXX,Gym membership,pii_email_4b090dcc9032
ecad928c-8248-45f2-ba62-ae4f37c0e3f4,pii_full_name_c26b05255768,Male,35,Tamil Nadu,Madurai,Madurai Branch,Savings,de2d5687-6e93-444a-9fd9-acbc74a2a3af,02-05-2025,22:38:48,25614.76,f83be541-0e8c-4fba-8680-d4bee28829fb,Bill Payment,Entertainment,58323.7,Virtual Card,"Madurai, Tamil Nadu",POS,0,Clean,INR,+91958555XXXXXX,EMI payment,pii_email_4b090dcc9032
ecad928c-8248-45f2-ba62-ae4f37c0e3f4,pii_full_name_c26b05255768,Male,35,Tamil Nadu,Madurai,Madurai Branch,Savings,acf111de-6e4a-43ea-a9e2-e029233021e0,15-05-2025,22:43:31,17600.92,7bca08a9-04f2-4e66-8eaa-1763ea96b9be,Bill Payment,Groceries,56563.6,QR Code Scanner,"Madurai, Tamil Nadu",Desktop,0,Clean,INR,+91958555XXXXXX,Gym membership,pii_email_4b090dcc9032
ecad928c-8248-45f2-ba62-ae4f37c0e3f4,pii_full_name_c26b05255768,Male,35,Tamil Nadu,Madurai,Madurai Branch,Savings,fdeeb5bd-6148-4119-958b-003f579848df,01-06-2025,16:04:19,73011.18,d8099fbd-c5c5-424f-a84b-78b37703e35f,Credit,Health,73735.82,Chip Card,"Madurai, Tamil Nadu",Mobile,0,Clean,INR,+91958555XXXXXX,Hotel booking,pii_email_4b090dcc9032
ecad928c-8248-45f2-ba62-ae4f37c0e3f4,pii_full_name_c26b05255768,Male,35,Tamil Nadu,Madurai,Madurai Branch,Savings,1c84fb7d-b145-4f65-a7b6-c1fec6569b73,02-06-2025,07:58:13,43518.97,2eee52d0-bb35-43e5-bcdf-969ac04a8f65,Bill Payment,Groceries,60885.17,Digital Wallet,"Madurai, Tamil Nadu",POS,0,Clean,INR,+91958555XXXXXX,Hotel booking,pii_email_4b090dcc9032
ecad928c-8248-45f2-ba62-ae4f37c0e3f4,pii_full_name_c26b05255768,Male,35,Tamil Nadu,Madurai,Madurai Branch,Savings,a4e5160c-6b6c-4405-97f5-68d51167576c,30-06-2025,17:36:44,4265.21,fea98f08-48cb-4768-b0f1-b69d6322b5b4,Credit,Health,65218.66,Branch Counter,"Madurai, Tamil Nadu",ATM,0,Clean,INR,+91958555XXXXXX,Gas bill,pii_email_4b090dcc9032
ecad928c-8248-45f2-ba62-ae4f37c0e3f4,pii_full_name_c26b05255768,Male,35,Tamil Nadu,Madurai,Madurai Branch,Savings,c81c2632-1702-4d76-b913-d30d376cfe8e,03-07-2025,02:53:18,15042.58,85c1f70c-87fa-4957-8513-dce8ea0a6310,Transfer,Entertainment,48514.82,POS Mobile App,"Madurai, Tamil Nadu",Desktop,0,Clean,INR,+91958555XXXXXX,Cash withdrawal,pii_email_4b090dcc9032
ecad928c-8248-45f2-ba62-ae4f37c0e3f4,pii_full_name_c26b05255768,Male,35,Tamil Nadu,Madurai,Madurai Branch,Savings,08fbc632-5a00-4fea-bc48-e9c5bf580902,05-07-2025,15:07:00,73427.06,f0178b69-3069-4b5c-ba53-fa683f8a9bf6,Debit,Health,41172.11,Internet Banking,"Madurai, Tamil Nadu",POS,0,Clean,INR,+91958555XXXXXX,Grocery delivery,pii_email_4b090dcc9032
ecad928c-8248-45f2-ba62-ae4f37c0e3f4,pii_full_name_c26b05255768,Male,35,Tamil Nadu,Madurai,Madurai Branch,Savings,68f25aa3-f705-4f40-8cc1-ee7186d7c767,15-07-2025,01:51:47,72996.21,88ec46d2-c93a-43a1-a87f-93733961c994,Bill Payment,Electronics,57919.04,Voice Assistant,"Madurai, Tamil Nadu",Mobile,0,Clean,INR,+91958555XXXXXX,Online shopping,pii_email_4b090dcc9032
ecad928c-8248-45f2-ba62-ae4f37c0e3f4,pii_full_name_c26b05255768,Male,35,Tamil Nadu,Madurai,Madurai Branch,Savings,780eed6a-38a3-4919-b808-fd2318d22986,01-08-2025,14:51:26,95530.41,8e1de2c4-ba1f-40bf-8779-7ed3cd05a516,Bill Payment,Restaurant,47010.56,UPI,"Madurai, Tamil Nadu",Mobile,0,Clean,INR,+91958555XXXXXX,Debt repayment,pii_email_4b090dcc9032
ecad928c-8248-45f2-ba62-ae4f37c0e3f4,pii_full_name_c26b05255768,Male,35,Tamil Nadu,Madurai,Madurai Branch,Savings,6f91a037-e695-46a6-964a-a9179beb3544,08-08-2025,16:30:07,76148.81,70fa8d85-2f84-4f4f-8e95-439b99aa37eb,Withdrawal,Electronics,65142.75,Biometric ATM,"Madurai, Tamil Nadu",POS,0,Clean,INR,+91958555XXXXXX,Food delivery,pii_email_4b090dcc9032
ecad928c-8248-45f2-ba62-ae4f37c0e3f4,pii_full_name_c26b05255768,Male,35,Tamil Nadu,Madurai,Madurai Branch,Savings,a4cb41e7-18c5-4eba-8834-b976af02944b,20-08-2025,20:27:10,49063.87,a9c40752-2a6b-445f-b7d9-a80f31a775c0,Credit,Electronics,59700.28,Biometric ATM,"Madurai, Tamil Nadu",POS,0,Clean,INR,+91958555XXXXXX,Gas bill,pii_email_4b090dcc9032
ecad928c-8248-45f2-ba62-ae4f37c0e3f4,pii_full_name_c26b05255768,Male,35,Tamil Nadu,Madurai,Madurai Branch,Savings,da227eb0-3749-4acc-9363-305458b6baca,26-09-2025,20:31:30,51568.46,a18f2481-3212-4228-bf20-d84a00a78177,Bill Payment,Restaurant,65237.07,Biometric ATM,"Madurai, Tamil Nadu",POS,0,Clean,INR,+91958555XXXXXX,Jewelry purchase,pii_email_4b090dcc9032
ecad928c-8248-45f2-ba62-ae4f37c0e3f4,pii_full_name_c26b05255768,Male,35,Tamil Nadu,Madurai,Madurai Branch,Savings,ac500ca5-4e17-43ca-8f35-72c2cf787dfd,06-11-2025,07:38:20,2923.5,2ff48798-a457-458d-905e-4c7df2f02acd,Transfer,Health,36500.26,Biometric ATM,"Madurai, Tamil Nadu",Mobile,0,Clean,INR,+91958555XXXXXX,Gas bill,pii_email_4b090dcc9032
ecad928c-8248-45f2-ba62-ae4f37c0e3f4,pii_full_name_c26b05255768,Male,35,Tamil Nadu,Madurai,Madurai Branch,Savings,7f25665d-1073-44d3-9527-735a2918db84,10-11-2025,21:11:16,1138.78,a7253c1a-bbbf-4559-b5c5-e974ebd49e75,Withdrawal,Clothing,34969.34,Magnetic Strip Card,"Madurai, Tamil Nadu",ATM,0,Clean,INR,+91958555XXXXXX,Hotel booking,pii_email_4b090dcc9032
ed0a55e6-7051-4d56-8161-3cf8f68e5c86,pii_full_name_33fdae82fce6,Female,70,Madhya Pradesh,Indore,Indore Branch,Checking,51f00ce4-1e0a-4b5e-81e4-c151d71a1059,03-01-2025,03:53:04,8748.83,86de7049-9ac5-4553-98db-82c305ad1218,Withdrawal,Electronics,40650.68,POS Mobile App,"Indore, Madhya Pradesh",POS,0,Clean,INR,+91971529XXXXXX,Debt repayment,pii_email_8db1f3b1856d
ed0a55e6-7051-4d56-8161-3cf8f68e5c86,pii_full_name_33fdae82fce6,Female,70,Madhya Pradesh,Indore,Indore Branch,Checking,d535c8ad-fd4a-4eba-950b-a4177558ae76,14-01-2025,01:31:30,44358.55,6aa2676f-f2f9-4698-b2a9-a3cea250e564,Credit,Electronics,33760.9,ATM,"Indore, Madhya Pradesh",Mobile,0,Clean,INR,+91971529XXXXXX,Mobile recharge,pii_email_8db1f3b1856d
ed0a55e6-7051-4d56-8161-3cf8f68e5c86,pii_full_name_33fdae82fce6,Female,70,Madhya Pradesh,Indore,Indore Branch,Checking,8a0ea895-9b78-4cd5-a52c-60a8f0f11a8b,02-02-2025,03:58:20,44865.42,6268f6ef-98ab-4d93-80b9-83de379115d1,Debit,Restaurant,36164.13,Internet Banking,"Indore, Madhya Pradesh",POS,0,Clean,INR,+91971529XXXXXX,Movie tickets,pii_email_8db1f3b1856d
ed0a55e6-7051-4d56-8161-3cf8f68e5c86,pii_full_name_33fdae82fce6,Female,70,Madhya Pradesh,Indore,Indore Branch,Checking,f3db4f2d-41c9-40d2-bd4e-f695a5abf917,10-03-2025,18:12:42,116437.56,5a899445-f787-49a0-91eb-724234594dc7,Debit,Health,28619.72,ATM,"Indore, Madhya Pradesh",Desktop,1,Money Laundering,INR,+91971529XXXXXX,Utility bill,pii_email_8db1f3b1856d
ed0a55e6-7051-4d56-8161-3cf8f68e5c86,pii_full_name_33fdae82fce6,Female,70,Madhya Pradesh,Indore,Indore Branch,Checking,3fb539d9-52a9-4536-aae6-d1467374a452,31-03-2025,09:44:30,88137.06,a088c6f2-e7cc-435b-8e9b-fc033b53cb08,Debit,Health,40173.98,Branch Counter,"Indore, Madhya Pradesh",POS,0,Clean,INR,+91971529XXXXXX,Flight ticket,pii_email_8db1f3b1856d
ed0a55e6-7051-4d56-8161-3cf8f68e5c86,pii_full_name_33fdae82fce6,Female,70,Madhya Pradesh,Indore,Indore Branch,Checking,1b157db6-6e62-4c57-8539-70745fa5a87e,05-04-2025,03:50:10,42695.56,6705bc2c-f553-4d01-a1a3-486254778313,Credit,Restaurant,40433.69,Mobile Banking App,"Indore, Madhya Pradesh",ATM,1,Clean,INR,+91971529XXXXXX,Gas bill,pii_email_8db1f3b1856d
ed0a55e6-7051-4d56-8161-3cf8f68e5c86,pii_full_name_33fdae82fce6,Female,70,Madhya Pradesh,Indore,Indore Branch,Checking,4d668411-1c0e-4182-a89d-6e34be56da81,17-04-2025,12:57:01,7053.29,9ac785db-8862-4bac-92c3-32753e407198,Credit,Entertainment,29325.05,Digital Wallet,"Indore, Madhya Pradesh",Desktop,0,Clean,INR,+91971529XXXXXX,Utility bill,pii_email_8db1f3b1856d
ed0a55e6-7051-4d56-8161-3cf8f68e5c86,pii_full_name_33fdae82fce6,Female,70,Madhya Pradesh,Indore,Indore Branch,Checking,29db698c-5fe4-4e9c-abef-58d9196b0fa2,28-04-2025,19:38:02,24021.76,366872a7-2d71-4e06-95e1-383679a21868,Withdrawal,Entertainment,37801.89,Chip Card,"Indore, Madhya Pradesh",Desktop,0,Clean,INR,+91971529XXXXXX,Online shopping,pii_email_8db1f3b1856d
ed0a55e6-7051-4d56-8161-3cf8f68e5c86,pii_full_name_33fdae82fce6,Female,70,Madhya Pradesh,Indore,Indore Branch,Checking,711bbe7e-08a8-40c2-9e3b-1875748522fd,05-05-2025,14:33:12,40203.01,aca58a75-67cc-4fbf-87a8-76bf9ee67256,Transfer,Groceries,40204.07,Video Banking,"Indore, Madhya Pradesh",Desktop,0,Clean,INR,+91971529XXXXXX,Train ticket,pii_email_8db1f3b1856d
ed0a55e6-7051-4d56-8161-3cf8f68e5c86,pii_full_name_33fdae82fce6,Female,70,Madhya Pradesh,Indore,Indore Branch,Checking,35e1d2e7-9b98-4ab2-b542-3d4a330cee5b,04-06-2025,05:47:26,23619.36,b5a4a567-1c9d-4c59-b0c5-847bc955099f,Debit,Entertainment,31398.97,ATM Booth Kiosk,"Indore, Madhya Pradesh",POS,0,Clean,INR,+91971529XXXXXX,Bus ticket,pii_email_8db1f3b1856d
ed0a55e6-7051-4d56-8161-3cf8f68e5c86,pii_full_name_33fdae82fce6,Female,70,Madhya Pradesh,Indore,Indore Branch,Checking,35779698-52e0-4875-bf0b-c8b6b3db9a8c,07-06-2025,13:11:28,59734.35,40e4caa9-6498-4c30-bf92-01e4cbe7460e,Transfer,Groceries,51827.68,Digital Wallet,"Indore, Madhya Pradesh",Desktop,0,Clean,INR,+91971529XXXXXX,Debt repayment,pii_email_8db1f3b1856d
ed0a55e6-7051-4d56-8161-3cf8f68e5c86,pii_full_name_33fdae82fce6,Female,70,Madhya Pradesh,Indore,Indore Branch,Checking,c53bee9d-3574-4887-bad2-0cd3f32636e7,24-06-2025,07:54:23,51294.83,30abd63c-76ce-4975-bce2-f4246f9befab,Withdrawal,Clothing,48987.69,QR Code Scanner,"Indore, Madhya Pradesh",ATM,0,Clean,INR,+91971529XXXXXX,Salary credit,pii_email_8db1f3b1856d
ed0a55e6-7051-4d56-8161-3cf8f68e5c86,pii_full_name_33fdae82fce6,Female,70,Madhya Pradesh,Indore,Indore Branch,Checking,94b28029-ca13-4ef1-ac43-b4b4ee6bf557,06-07-2025,12:13:43,13515.75,462c191d-0df2-4f1b-a68e-c9ee3ff8a0a4,Transfer,Entertainment,41525.56,Contactless Card,"Indore, Madhya Pradesh",POS,0,Clean,INR,+91971529XXXXXX,Mutual fund investment,pii_email_8db1f3b1856d
ed0a55e6-7051-4d56-8161-3cf8f68e5c86,pii_full_name_33fdae82fce6,Female,70,Madhya Pradesh,Indore,Indore Branch,Checking,26278805-a4af-4977-bff6-f767db09de77,25-07-2025,02:45:31,105873.36,97cc2672-be83-4c52-968e-b497a35c7eaa,Debit,Entertainment,24165.48,Chip Card,"Indore, Madhya Pradesh",POS,1,Money Laundering,INR,+91971529XXXXXX,Jewelry purchase,pii_email_8db1f3b1856d
ed0a55e6-7051-4d56-8161-3cf8f68e5c86,pii_full_name_33fdae82fce6,Female,70,Madhya Pradesh,Indore,Indore Branch,Checking,782d63d9-da25-426d-9fee-022c0eef21c8,25-09-2025,22:33:37,22894.97,ee2014b2-d40e-4974-b5a4-bffda384003c,Transfer,Groceries,54117.17,Internet Banking,"Indore, Madhya Pradesh",Mobile,0,Clean,INR,+91971529XXXXXX,Movie tickets,pii_email_8db1f3b1856d
ed0a55e6-7051-4d56-8161-3cf8f68e5c86,pii_full_name_33fdae82fce6,Female,70,Madhya Pradesh,Indore,Indore Branch,Checking,ccb944c5-d7db-4ad0-969e-752605211c86,03-10-2025,07:53:20,42499.25,bb524795-c68f-4973-abb5-1b15e6ce5f79,Debit,Clothing,36183.77,POS Mobile Device,"Indore, Madhya Pradesh",Mobile,0,Clean,INR,+91971529XXXXXX,Restaurant dining,pii_email_8db1f3b1856d
ed0a55e6-7051-4d56-8161-3cf8f68e5c86,pii_full_name_33fdae82fce6,Female,70,Madhya Pradesh,Indore,Indore Branch,Checking,b5dd76db-95b0-482d-90be-7d7b76b9ae7d,25-12-2025,09:51:08,50477.65,96848aa6-0519-4cc1-b993-5c3fc4dbcde2,Credit,Electronics,29213.25,Voice Assistant,"Indore, Madhya Pradesh",POS,0,Clean,INR,+91971529XXXXXX,Train ticket,pii_email_8db1f3b1856d
ede5543b-6b4d-450e-b3fd-b91d62c4a4be,pii_full_name_18ad6679834a,Male,24,Kerala,Thiruvananthapuram,Thiruvananthapuram Branch,Savings,e0f5f4c2-57c6-466a-9f70-caa63803b4c3,23-01-2025,01:02:29,55003.95,99ae5646-2190-46a7-83eb-779c02ea0105,Transfer,Groceries,68852.45,Debit/Credit Card,"Thiruvananthapuram, Kerala",ATM,1,Clean,INR,+91991818XXXXXX,Restaurant dining,pii_email_6a48f1b0aa9c
ede5543b-6b4d-450e-b3fd-b91d62c4a4be,pii_full_name_18ad6679834a,Male,24,Kerala,Thiruvananthapuram,Thiruvananthapuram Branch,Savings,2b4bc85a-00f5-4dc3-a22a-ab5696cb01a5,03-03-2025,10:44:10,52761.26,707340d3-adaa-4f31-a177-f8aa667faaf9,Withdrawal,Groceries,59928.83,Biometric ATM,"Thiruvananthapuram, Kerala",Mobile,0,Clean,INR,+91991818XXXXXX,Utility bill,pii_email_6a48f1b0aa9c
ede5543b-6b4d-450e-b3fd-b91d62c4a4be,pii_full_name_18ad6679834a,Male,24,Kerala,Thiruvananthapuram,Thiruvananthapuram Branch,Savings,004f3100-5b7d-400a-a291-d6cd3ddc5ca4,15-03-2025,13:08:37,34923.04,216d4a05-8cde-453d-816c-de36a454a948,Withdrawal,Electronics,65204.96,UPI,"Thiruvananthapuram, Kerala",POS,0,Clean,INR,+91991818XXXXXX,Mobile recharge,pii_email_6a48f1b0aa9c
ede5543b-6b4d-450e-b3fd-b91d62c4a4be,pii_full_name_18ad6679834a,Male,24,Kerala,Thiruvananthapuram,Thiruvananthapuram Branch,Savings,9c66f411-03eb-41cc-ad85-e78438de85e6,15-04-2025,23:07:34,38190.74,264ef377-21da-499b-8826-19269dea4396,Debit,Groceries,55462.66,UPI,"Thiruvananthapuram, Kerala",ATM,0,Clean,INR,+91991818XXXXXX,Debt repayment,pii_email_6a48f1b0aa9c
ede5543b-6b4d-450e-b3fd-b91d62c4a4be,pii_full_name_18ad6679834a,Male,24,Kerala,Thiruvananthapuram,Thiruvananthapuram Branch,Savings,8fd577e9-f854-40bb-8153-3a2131684ba5,03-05-2025,07:46:52,89285.06,c89a70c1-d186-417a-901a-8fab647095ee,Debit,Clothing,58901.69,Mobile Banking App,"Thiruvananthapuram, Kerala",ATM,0,Clean,INR,+91991818XXXXXX,Electricity bill,pii_email_6a48f1b0aa9c
ede5543b-6b4d-450e-b3fd-b91d62c4a4be,pii_full_name_18ad6679834a,Male,24,Kerala,Thiruvananthapuram,Thiruvananthapuram Branch,Savings,793f599f-3a63-4214-81ad-7ad6e1a87a10,16-05-2025,22:53:17,10222.53,369a4041-9bfc-4b09-8c66-7b84ce616540,Bill Payment,Health,67830.19,Internet Banking,"Thiruvananthapuram, Kerala",ATM,0,Clean,INR,+91991818XXXXXX,Online shopping,pii_email_6a48f1b0aa9c
ede5543b-6b4d-450e-b3fd-b91d62c4a4be,pii_full_name_18ad6679834a,Male,24,Kerala,Thiruvananthapuram,Thiruvananthapuram Branch,Savings,8331b3ef-218b-476d-a77e-be81efac7e00,21-05-2025,13:47:30,19767.06,7067a2a3-de6a-4717-919c-46cbc3481f45,Transfer,Groceries,65806.48,Internet Banking,"Thiruvananthapuram, Kerala",Desktop,0,Clean,INR,+91991818XXXXXX,Restaurant dining,pii_email_6a48f1b0aa9c
ede5543b-6b4d-450e-b3fd-b91d62c4a4be,pii_full_name_18ad6679834a,Male,24,Kerala,Thiruvananthapuram,Thiruvananthapuram Branch,Savings,8c2b9233-6de8-4b52-9c2b-825a9aa0145e,22-05-2025,13:06:22,34223.38,5f8bf0c7-d4d9-492e-8d8d-0c478268c329,Withdrawal,Groceries,62511.24,Phone Banking,"Thiruvananthapuram, Kerala",Mobile,0,Clean,INR,+91991818XXXXXX,EMI payment,pii_email_6a48f1b0aa9c
ede5543b-6b4d-450e-b3fd-b91d62c4a4be,pii_full_name_18ad6679834a,Male,24,Kerala,Thiruvananthapuram,Thiruvananthapuram Branch,Savings,5a3281b2-f648-446e-8c5f-46814ece1e03,05-08-2025,13:56:27,65247.5,9989bfc6-78f2-4b7e-b898-7ec2e7f2d6ad,Withdrawal,Groceries,59281.73,Self-service Banking Machine,"Thiruvananthapuram, Kerala",Desktop,0,Clean,INR,+91991818XXXXXX,Hotel booking,pii_email_6a48f1b0aa9c
ede5543b-6b4d-450e-b3fd-b91d62c4a4be,pii_full_name_18ad6679834a,Male,24,Kerala,Thiruvananthapuram,Thiruvananthapuram Branch,Savings,70e0ddf7-5e5c-4227-8a62-55c9fe086654,04-09-2025,04:28:47,34232.22,8cc7a011-eab5-4c04-88d2-f569343fc488,Credit,Entertainment,63352.05,Branch Counter,"Thiruvananthapuram, Kerala",Mobile,0,Clean,INR,+91991818XXXXXX,EMI payment,pii_email_6a48f1b0aa9c
ede5543b-6b4d-450e-b3fd-b91d62c4a4be,pii_full_name_18ad6679834a,Male,24,Kerala,Thiruvananthapuram,Thiruvananthapuram Branch,Savings,6c79a1c4-5eb1-42b4-ac2f-fb2b15174280,22-09-2025,12:59:51,66712.09,2f0b70ed-05d3-45f8-ae8e-898b398d0968,Credit,Clothing,62133.86,Debit/Credit Card,"Thiruvananthapuram, Kerala",Mobile,0,Clean,INR,+91991818XXXXXX,Salary credit,pii_email_6a48f1b0aa9c
ede5543b-6b4d-450e-b3fd-b91d62c4a4be,pii_full_name_18ad6679834a,Male,24,Kerala,Thiruvananthapuram,Thiruvananthapuram Branch,Savings,ecc19628-37d3-4fdf-b8a5-fafc08e7e237,10-11-2025,14:01:51,40127.66,6288e7c4-150e-4978-8999-4b8963b47371,Debit,Electronics,65933.58,ATM,"Thiruvananthapuram, Kerala",POS,0,Clean,INR,+91991818XXXXXX,Utility bill,pii_email_6a48f1b0aa9c
ede5543b-6b4d-450e-b3fd-b91d62c4a4be,pii_full_name_18ad6679834a,Male,24,Kerala,Thiruvananthapuram,Thiruvananthapuram Branch,Savings,d3f9d512-b65b-433c-8ad3-a46674894aea,15-11-2025,11:14:55,43873.8,1c29759e-b488-431a-aa85-275bb8bbc5a8,Credit,Groceries,73811.4,Voice Assistant,"Thiruvananthapuram, Kerala",Mobile,0,Clean,INR,+91991818XXXXXX,Online shopping,pii_email_6a48f1b0aa9c
ede5543b-6b4d-450e-b3fd-b91d62c4a4be,pii_full_name_18ad6679834a,Male,24,Kerala,Thiruvananthapuram,Thiruvananthapuram Branch,Savings,3ce77152-90d1-4c0b-9de8-ac2af2c30ef4,22-11-2025,15:25:56,49280.85,b2b45be3-ac15-4bc5-91b3-da4249e9a394,Credit,Entertainment,63829.77,Branch Counter,"Thiruvananthapuram, Kerala",POS,0,Clean,INR,+91991818XXXXXX,Train ticket,pii_email_6a48f1b0aa9c
ede5543b-6b4d-450e-b3fd-b91d62c4a4be,pii_full_name_18ad6679834a,Male,24,Kerala,Thiruvananthapuram,Thiruvananthapuram Branch,Savings,b64a2812-5262-4477-9482-4d470e69bc11,23-11-2025,11:02:46,61860.2,35ae2dcb-ef3c-4aa0-aeec-9738e9ee1e37,Credit,Health,68697.26,Contactless Card,"Thiruvananthapuram, Kerala",POS,0,Clean,INR,+91991818XXXXXX,Jewelry purchase,pii_email_6a48f1b0aa9c
ede5543b-6b4d-450e-b3fd-b91d62c4a4be,pii_full_name_18ad6679834a,Male,24,Kerala,Thiruvananthapuram,Thiruvananthapuram Branch,Savings,a6767adf-98ea-471f-be02-d9acbf4f260b,02-12-2025,03:05:18,38650.58,df86653d-0c9b-448f-bb75-779ffe5818c9,Bill Payment,Groceries,69946.34,ATM,"Thiruvananthapuram, Kerala",POS,0,Clean,INR,+91991818XXXXXX,Cash withdrawal,pii_email_6a48f1b0aa9c
eeb73f70-48b9-4552-90c1-da0cc298475b,pii_full_name_094b2200d8c5,Female,54,Lakshadweep,Kavaratti,Kavaratti Branch,Business,8e3726db-9c29-4133-be4f-4bd20ae3c4b6,21-01-2025,23:06:11,3193.66,869aa2dd-2048-4601-b0f4-f4b741840586,Debit,Restaurant,38533.46,UPI,"Kavaratti, Lakshadweep",ATM,0,Clean,INR,+91957362XXXXXX,EMI payment,pii_email_95b6793bdbb5
eeb73f70-48b9-4552-90c1-da0cc298475b,pii_full_name_094b2200d8c5,Female,54,Lakshadweep,Kavaratti,Kavaratti Branch,Business,bd715ac7-c0bf-492b-89fe-664308879b59,16-02-2025,11:31:41,61699.68,2efc80c6-d6da-4039-83f8-445091507cd3,Credit,Entertainment,33050.61,ATM Booth Kiosk,"Kavaratti, Lakshadweep",ATM,0,Clean,INR,+91957362XXXXXX,Movie tickets,pii_email_95b6793bdbb5
eeb73f70-48b9-4552-90c1-da0cc298475b,pii_full_name_094b2200d8c5,Female,54,Lakshadweep,Kavaratti,Kavaratti Branch,Business,cf26dece-7585-45c2-b293-1f5c1ad06d84,22-02-2025,12:28:07,58022.2,ef4e4e32-6f40-4ba9-a4fd-c64065b8dd2f,Credit,Groceries,38852.83,QR Code Scanner,"Kavaratti, Lakshadweep",Mobile,0,Clean,INR,+91957362XXXXXX,Mutual fund investment,pii_email_95b6793bdbb5
eeb73f70-48b9-4552-90c1-da0cc298475b,pii_full_name_094b2200d8c5,Female,54,Lakshadweep,Kavaratti,Kavaratti Branch,Business,e9916013-02fa-4fc3-a338-f579e10bf82e,08-04-2025,22:43:41,18490.14,e745fec7-ddb0-462d-aad5-95dfa6a26eef,Transfer,Groceries,37339.4,Mobile Banking App,"Kavaratti, Lakshadweep",Desktop,0,Clean,INR,+91957362XXXXXX,Bus ticket,pii_email_95b6793bdbb5
eeb73f70-48b9-4552-90c1-da0cc298475b,pii_full_name_094b2200d8c5,Female,54,Lakshadweep,Kavaratti,Kavaratti Branch,Business,4494ddb9-f7e8-4095-bd0a-6324131f3e35,08-04-2025,23:59:08,24501.31,7f4518c0-3c03-413d-965a-a5ccc8368ae9,Credit,Groceries,35490.39,Debit/Credit Card,"Kavaratti, Lakshadweep",ATM,1,Clean,INR,+91957362XXXXXX,Train ticket,pii_email_95b6793bdbb5
eeb73f70-48b9-4552-90c1-da0cc298475b,pii_full_name_094b2200d8c5,Female,54,Lakshadweep,Kavaratti,Kavaratti Branch,Business,d2442d50-235f-4fcb-9045-b76425a78685,02-07-2025,04:29:03,75847.39,45e8dc5e-f34a-47cc-afe1-fc7819ce33ce,Withdrawal,Entertainment,22680.35,Digital Wallet,"Kavaratti, Lakshadweep",Desktop,0,Clean,INR,+91957362XXXXXX,Electricity bill,pii_email_95b6793bdbb5
eeb73f70-48b9-4552-90c1-da0cc298475b,pii_full_name_094b2200d8c5,Female,54,Lakshadweep,Kavaratti,Kavaratti Branch,Business,cea9e883-3d8c-460f-8b0f-4c5bcd4508b6,24-08-2025,07:58:25,26495.85,42a6cd0e-119c-4fd8-a44b-199e2a1d80e6,Transfer,Clothing,33040.26,Biometric ATM,"Kavaratti, Lakshadweep",ATM,0,Clean,INR,+91957362XXXXXX,Pharmacy bill,pii_email_95b6793bdbb5
eeb73f70-48b9-4552-90c1-da0cc298475b,pii_full_name_094b2200d8c5,Female,54,Lakshadweep,Kavaratti,Kavaratti Branch,Business,d32f9909-0ace-4ff0-aa17-367035ab60b2,07-09-2025,06:35:20,70743.16,aa0c285b-56cd-40c3-96b4-624bc32e5e90,Bill Payment,Health,30265.09,Self-service Banking Machine,"Kavaratti, Lakshadweep",Desktop,0,Clean,INR,+91957362XXXXXX,Restaurant dining,pii_email_95b6793bdbb5
eeb73f70-48b9-4552-90c1-da0cc298475b,pii_full_name_094b2200d8c5,Female,54,Lakshadweep,Kavaratti,Kavaratti Branch,Business,48859e73-231f-4a7d-a875-b46b9719524c,25-12-2025,04:15:10,81427.93,e6c1a463-9c03-42f3-b2c4-da27cdafea58,Withdrawal,Restaurant,30390.67,Magnetic Strip Card,"Kavaratti, Lakshadweep",ATM,0,Clean,INR,+91957362XXXXXX,Movie tickets,pii_email_95b6793bdbb5
f17c8bea-8aa0-4462-a3d6-ab14a3d4b742,pii_full_name_dabc654c703e,Female,54,West Bengal,Kolkata,Kolkata Branch,Savings,5b083a29-6d49-4ce4-abe6-f570c15f269b,07-01-2025,22:42:04,4939.36,f7010c31-ea0e-44a8-8c91-654245cd43e8,Debit,Restaurant,90185.24,Internet Banking,"Kolkata, West Bengal",Desktop,0,Clean,INR,+91921174XXXXXX,Insurance premium,pii_email_543fd7a711f3
f17c8bea-8aa0-4462-a3d6-ab14a3d4b742,pii_full_name_dabc654c703e,Female,54,West Bengal,Kolkata,Kolkata Branch,Savings,4dbef220-1e73-4bbf-b4e7-0ee51455b7ef,23-02-2025,02:54:55,41990.57,4cf130a7-f409-45e7-8921-ce7588289a4e,Credit,Clothing,86366.54,Video Banking,"Kolkata, West Bengal",ATM,0,Clean,INR,+91921174XXXXXX,Cash withdrawal,pii_email_543fd7a711f3
f17c8bea-8aa0-4462-a3d6-ab14a3d4b742,pii_full_name_dabc654c703e,Female,54,West Bengal,Kolkata,Kolkata Branch,Savings,09f4a1ab-6a25-461b-9065-9384375590c3,09-04-2025,02:11:26,88306.56,32261cab-32e0-4e5a-98a2-f6a3e46ce638,Transfer,Clothing,99210.43,Chip Card,"Kolkata, West Bengal",Desktop,1,Clean,INR,+91921174XXXXXX,Gym membership,pii_email_543fd7a711f3
f17c8bea-8aa0-4462-a3d6-ab14a3d4b742,pii_full_name_dabc654c703e,Female,54,West Bengal,Kolkata,Kolkata Branch,Savings,2c889e08-2123-462e-9d4a-9cee12e40d09,22-04-2025,05:59:20,32757.84,db2c6465-71e4-49a6-b469-62a25d090528,Transfer,Entertainment,99996.44,Voice Assistant,"Kolkata, West Bengal",Mobile,0,Clean,INR,+91921174XXXXXX,Mobile recharge,pii_email_543fd7a711f3
f17c8bea-8aa0-4462-a3d6-ab14a3d4b742,pii_full_name_dabc654c703e,Female,54,West Bengal,Kolkata,Kolkata Branch,Savings,1c525a34-24c8-4e5b-8e74-345b0089b57b,04-07-2025,18:50:53,43126.32,21077ea5-2e56-45d2-a1df-d744b1f254d3,Credit,Restaurant,90679.18,Branch Counter,"Kolkata, West Bengal",Mobile,0,Clean,INR,+91921174XXXXXX,Hotel booking,pii_email_543fd7a711f3
f17c8bea-8aa0-4462-a3d6-ab14a3d4b742,pii_full_name_dabc654c703e,Female,54,West Bengal,Kolkata,Kolkata Branch,Savings,9ffbc365-ffc6-4aed-8931-6bcdc26a0480,27-07-2025,23:54:24,55059.72,dc4af79c-9cbb-43ce-81cf-2334f27b785f,Credit,Electronics,97368.54,ATM,"Kolkata, West Bengal",ATM,0,Clean,INR,+91921174XXXXXX,Debt repayment,pii_email_543fd7a711f3
f17c8bea-8aa0-4462-a3d6-ab14a3d4b742,pii_full_name_dabc654c703e,Female,54,West Bengal,Kolkata,Kolkata Branch,Savings,66ef6985-71e4-4c18-9c60-02f3b1d03e4f,24-08-2025,05:27:44,69887.7,a143155c-bfd8-4c7b-9339-376082715909,Bill Payment,Entertainment,90379.77,UPI,"Kolkata, West Bengal",Desktop,0,Clean,INR,+91921174XXXXXX,Bus ticket,pii_email_543fd7a711f3
f17c8bea-8aa0-4462-a3d6-ab14a3d4b742,pii_full_name_dabc654c703e,Female,54,West Bengal,Kolkata,Kolkata Branch,Savings,58740ab2-752b-40e9-8f70-c88645d221ee,01-09-2025,16:19:08,89618.52,ea9c2c82-7d28-459c-a1f2-1f2b24ad01e2,Credit,Groceries,99996.44,Phone Banking,"Kolkata, West Bengal",Desktop,0,Clean,INR,+91921174XXXXXX,Insurance premium,pii_email_543fd7a711f3
f17c8bea-8aa0-4462-a3d6-ab14a3d4b742,pii_full_name_dabc654c703e,Female,54,West Bengal,Kolkata,Kolkata Branch,Savings,a7c50e7d-7c26-4d90-b9d2-3c5965de4555,06-10-2025,16:03:50,6569.92,bf28fd1a-76e8-4d41-9935-2c7d41993429,Bill Payment,Restaurant,91862.57,Mobile Banking App,"Kolkata, West Bengal",Desktop,0,Clean,INR,+91921174XXXXXX,EMI payment,pii_email_543fd7a711f3
f17c8bea-8aa0-4462-a3d6-ab14a3d4b742,pii_full_name_dabc654c703e,Female,54,West Bengal,Kolkata,Kolkata Branch,Savings,4e07cc92-7bab-4ef0-bb4d-430bc2c28562,25-10-2025,18:51:48,23343.24,71b2abf2-c76b-4340-b710-f438fd167662,Transfer,Entertainment,92519.56,ATM Booth Kiosk,"Kolkata, West Bengal",POS,0,Clean,INR,+91921174XXXXXX,Insurance premium,pii_email_543fd7a711f3
f17c8bea-8aa0-4462-a3d6-ab14a3d4b742,pii_full_name_dabc654c703e,Female,54,West Bengal,Kolkata,Kolkata Branch,Savings,e35a531c-6d2d-4404-ad17-ebdc7cc53a7a,14-11-2025,22:26:26,74245.72,1f50c950-5296-41b7-81c8-e19a6c41a4ad,Bill Payment,Restaurant,92571.87,Video Banking,"Kolkata, West Bengal",Desktop,1,Clean,INR,+91921174XXXXXX,Flight ticket,pii_email_543fd7a711f3
f17c8bea-8aa0-4462-a3d6-ab14a3d4b742,pii_full_name_dabc654c703e,Female,54,West Bengal,Kolkata,Kolkata Branch,Savings,acba1707-aceb-415e-a540-20c0b21b4c28,29-11-2025,21:28:37,2049.42,abd61d7a-79b7-4ea1-8837-c74964afabbb,Bill Payment,Electronics,82167.49,Mobile Banking App,"Kolkata, West Bengal",ATM,0,Clean,INR,+91921174XXXXXX,Jewelry purchase,pii_email_543fd7a711f3
f2bafec1-fad9-4d5c-8783-c65a849a8a1e,pii_full_name_50336853a713,Female,70,West Bengal,Kolkata,Kolkata Branch,Savings,edbeb630-61de-4143-8769-1cc9d0c2733a,11-01-2025,00:47:48,60515.8,9d9a0a6b-8b61-4493-aa81-2286019d2433,Debit,Groceries,68033.9,ATM Booth Kiosk,"Kolkata, West Bengal",Desktop,0,Clean,INR,+91913756XXXXXX,Mobile recharge,pii_email_d05ed11bffa4
f2bafec1-fad9-4d5c-8783-c65a849a8a1e,pii_full_name_50336853a713,Female,70,West Bengal,Kolkata,Kolkata Branch,Savings,5c70ce78-ab1b-4e1e-ae29-5687a53f0e54,19-01-2025,18:54:46,95714.31,834b6808-7393-41da-9321-822b1e946c3a,Withdrawal,Groceries,57265.34,Debit/Credit Card,"Kolkata, West Bengal",POS,0,Clean,INR,+91913756XXXXXX,Bitcoin transaction,pii_email_d05ed11bffa4
f2bafec1-fad9-4d5c-8783-c65a849a8a1e,pii_full_name_50336853a713,Female,70,West Bengal,Kolkata,Kolkata Branch,Savings,c6c9b6b6-192d-4c0a-82e9-6efbc01446f9,03-03-2025,18:27:03,75153.48,f69df9b1-f505-4933-9a0d-58df15069dd2,Bill Payment,Groceries,74085.48,Branch Counter,"Kolkata, West Bengal",POS,0,Clean,INR,+91913756XXXXXX,Grocery delivery,pii_email_d05ed11bffa4
f2bafec1-fad9-4d5c-8783-c65a849a8a1e,pii_full_name_50336853a713,Female,70,West Bengal,Kolkata,Kolkata Branch,Savings,b1cf2696-330b-465a-a444-36cc262a670e,16-04-2025,21:01:46,68646.55,c3292a21-35b8-4a7f-b95f-231aad3e0461,Transfer,Electronics,85915.47,Digital Wallet,"Kolkata, West Bengal",Mobile,0,Clean,INR,+91913756XXXXXX,Mutual fund investment,pii_email_d05ed11bffa4
f2bafec1-fad9-4d5c-8783-c65a849a8a1e,pii_full_name_50336853a713,Female,70,West Bengal,Kolkata,Kolkata Branch,Savings,ae94da38-7c6a-426b-829e-835269a73fc5,29-04-2025,20:13:09,33396.35,dfd1f4e6-7be8-4b80-88f5-cdad7aaa989e,Withdrawal,Electronics,43636.74,QR Code Scanner,"Kolkata, West Bengal",Desktop,0,Clean,INR,+91913756XXXXXX,EMI payment,pii_email_d05ed11bffa4
f2bafec1-fad9-4d5c-8783-c65a849a8a1e,pii_full_name_50336853a713,Female,70,West Bengal,Kolkata,Kolkata Branch,Savings,1e75f629-2dac-45eb-a033-ecee366bba16,06-05-2025,16:58:05,11971.27,cd4f5075-b0f6-4685-927f-3865c3c9b6d6,Withdrawal,Electronics,66836.77,QR Code Scanner,"Kolkata, West Bengal",Desktop,0,Clean,INR,+91913756XXXXXX,Bus ticket,pii_email_d05ed11bffa4
f2bafec1-fad9-4d5c-8783-c65a849a8a1e,pii_full_name_50336853a713,Female,70,West Bengal,Kolkata,Kolkata Branch,Savings,cd7e2766-ea64-46f9-bdb4-410766c5bf4b,08-05-2025,01:16:00,44206.03,b1be58b6-685b-4099-9215-f1e19ad90fc2,Withdrawal,Groceries,46065.84,Self-service Banking Machine,"Kolkata, West Bengal",ATM,0,Clean,INR,+91913756XXXXXX,Utility bill,pii_email_d05ed11bffa4
f2bafec1-fad9-4d5c-8783-c65a849a8a1e,pii_full_name_50336853a713,Female,70,West Bengal,Kolkata,Kolkata Branch,Savings,e4630f7a-35ce-4983-9919-04d885aabccc,08-05-2025,23:50:34,67788.93,0b6039cf-08fe-4d74-bfe4-b5ba24b79a1e,Bill Payment,Electronics,50486.45,QR Code Scanner,"Kolkata, West Bengal",Mobile,0,Clean,INR,+91913756XXXXXX,Food delivery,pii_email_d05ed11bffa4
f2bafec1-fad9-4d5c-8783-c65a849a8a1e,pii_full_name_50336853a713,Female,70,West Bengal,Kolkata,Kolkata Branch,Savings,22b17ff9-13e2-45fb-9651-778191aefee1,31-05-2025,14:16:11,56433.63,6bdd5465-9c67-4525-9e49-52a4af6ea505,Withdrawal,Entertainment,79050.82,Magnetic Strip Card,"Kolkata, West Bengal",Mobile,0,Clean,INR,+91913756XXXXXX,Food delivery,pii_email_d05ed11bffa4
f2bafec1-fad9-4d5c-8783-c65a849a8a1e,pii_full_name_50336853a713,Female,70,West Bengal,Kolkata,Kolkata Branch,Savings,248aa65f-0050-4f51-b8a7-5cccba989a00,27-06-2025,07:02:17,14080.99,2265cc8d-89ff-4d66-b887-7b9f2de95b67,Withdrawal,Health,81600.83,Self-service Banking Machine,"Kolkata, West Bengal",Mobile,0,Clean,INR,+91913756XXXXXX,Mutual fund investment,pii_email_d05ed11bffa4
f2bafec1-fad9-4d5c-8783-c65a849a8a1e,pii_full_name_50336853a713,Female,70,West Bengal,Kolkata,Kolkata Branch,Savings,ba88c3b9-36e0-48b7-b8f9-803e782562e9,08-07-2025,22:20:25,54144.06,3669cd68-d10c-45f9-baf1-24b8a2d49835,Transfer,Entertainment,84694.18,POS Mobile App,"Kolkata, West Bengal",Mobile,0,Clean,INR,+91913756XXXXXX,Electricity bill,pii_email_d05ed11bffa4
f2bafec1-fad9-4d5c-8783-c65a849a8a1e,pii_full_name_50336853a713,Female,70,West Bengal,Kolkata,Kolkata Branch,Savings,c5f0ad3f-3083-4703-b873-865f6f9b9599,14-07-2025,03:25:13,65107.3,1f9c787a-7dce-49fc-96fa-01d012daafb6,Bill Payment,Restaurant,83008.93,UPI,"Kolkata, West Bengal",POS,0,Clean,INR,+91913756XXXXXX,Online shopping,pii_email_d05ed11bffa4
f2bafec1-fad9-4d5c-8783-c65a849a8a1e,pii_full_name_50336853a713,Female,70,West Bengal,Kolkata,Kolkata Branch,Savings,fb4da895-34e1-48ef-85ef-c31f0e62cab4,15-10-2025,07:22:37,36041.85,f65b6cea-ecf1-4a3a-8bc4-dfe31c8c53a4,Transfer,Clothing,89519.66,Contactless Card,"Kolkata, West Bengal",Mobile,0,Clean,INR,+91913756XXXXXX,Hotel booking,pii_email_d05ed11bffa4
f2bafec1-fad9-4d5c-8783-c65a849a8a1e,pii_full_name_50336853a713,Female,70,West Bengal,Kolkata,Kolkata Branch,Savings,1ad8ca9e-2745-4c86-b009-556ac6b28f5c,27-12-2025,21:02:32,9105.26,483829f5-a3fe-4f69-8669-510378c906e3,Transfer,Electronics,46976.37,Biometric ATM,"Kolkata, West Bengal",Desktop,0,Clean,INR,+91913756XXXXXX,Hotel booking,pii_email_d05ed11bffa4
f30d98bc-701d-4012-967c-bcfac8363874,pii_full_name_3bf6ec3a6849,Female,22,Uttar Pradesh,Varanasi,Varanasi Branch,Savings,7186d951-3495-4d6b-819a-e68d6fc7f57a,07-01-2025,09:33:35,14560.35,ca1989ce-c035-4d33-aa73-d5e46764d025,Withdrawal,Groceries,5972.47,Biometric ATM,"Varanasi, Uttar Pradesh",ATM,0,Clean,INR,+91933664XXXXXX,EMI payment,pii_email_e64591d1b58b
f30d98bc-701d-4012-967c-bcfac8363874,pii_full_name_3bf6ec3a6849,Female,22,Uttar Pradesh,Varanasi,Varanasi Branch,Savings,6a86caae-4e80-490e-9cba-5c3baa7631df,09-01-2025,12:08:25,92327.28,bb7b3a03-75c1-43a6-8c96-f3b580af0559,Transfer,Restaurant,26570.12,POS Mobile App,"Varanasi, Uttar Pradesh",Desktop,0,Clean,INR,+91933664XXXXXX,Flight ticket,pii_email_e64591d1b58b
f30d98bc-701d-4012-967c-bcfac8363874,pii_full_name_3bf6ec3a6849,Female,22,Uttar Pradesh,Varanasi,Varanasi Branch,Savings,f3760c9e-1817-489d-9524-6e283965d095,26-01-2025,18:33:27,79430.7,a6a6e1e3-df90-4375-8811-3a73479b851a,Debit,Restaurant,5029.66,Debit/Credit Card,"Varanasi, Uttar Pradesh",Desktop,0,Clean,INR,+91933664XXXXXX,Jewelry purchase,pii_email_e64591d1b58b
f30d98bc-701d-4012-967c-bcfac8363874,pii_full_name_3bf6ec3a6849,Female,22,Uttar Pradesh,Varanasi,Varanasi Branch,Savings,b0b6f405-88d3-4893-9d8c-79a0a5298fe2,14-03-2025,19:06:01,67369.15,e16f9bbe-eda4-4485-a228-7bd94964f40b,Debit,Entertainment,19627.1,Contactless Card,"Varanasi, Uttar Pradesh",Desktop,0,Clean,INR,+91933664XXXXXX,Hotel booking,pii_email_e64591d1b58b
f30d98bc-701d-4012-967c-bcfac8363874,pii_full_name_3bf6ec3a6849,Female,22,Uttar Pradesh,Varanasi,Varanasi Branch,Savings,d76c7d21-eacd-43e1-96a2-c0714387c2bf,21-04-2025,01:28:12,1921.71,0e72755e-2aed-42ba-a0eb-c93fdd2cea42,Withdrawal,Health,26377.95,Self-service Banking Machine,"Varanasi, Uttar Pradesh",POS,0,Clean,INR,+91933664XXXXXX,Salary credit,pii_email_e64591d1b58b
f30d98bc-701d-4012-967c-bcfac8363874,pii_full_name_3bf6ec3a6849,Female,22,Uttar Pradesh,Varanasi,Varanasi Branch,Savings,e4c064c7-6122-47e3-91be-3b6e3d8546da,19-06-2025,06:49:47,55834.91,7bc090c8-f858-485a-b8a2-53abba5f78c8,Credit,Entertainment,13006.23,Virtual Card,"Varanasi, Uttar Pradesh",ATM,0,Clean,INR,+91933664XXXXXX,Salary credit,pii_email_e64591d1b58b
f30d98bc-701d-4012-967c-bcfac8363874,pii_full_name_3bf6ec3a6849,Female,22,Uttar Pradesh,Varanasi,Varanasi Branch,Savings,48b10b6c-0c4c-4378-bc48-bcdf85aa9cf5,26-06-2025,22:19:36,90270.13,ab62ca34-8682-4be6-9232-0d852a1dd59d,Transfer,Entertainment,22033.24,Video Banking,"Varanasi, Uttar Pradesh",POS,0,Clean,INR,+91933664XXXXXX,Pharmacy bill,pii_email_e64591d1b58b
f30d98bc-701d-4012-967c-bcfac8363874,pii_full_name_3bf6ec3a6849,Female,22,Uttar Pradesh,Varanasi,Varanasi Branch,Savings,fdebdc08-cbb9-408c-9dce-0d70ed22b805,05-07-2025,02:17:10,63880.69,dc34a7c5-f36f-4832-b7a7-6af54fe4ca56,Withdrawal,Health,13782.62,Phone Banking,"Varanasi, Uttar Pradesh",Mobile,0,Clean,INR,+91933664XXXXXX,Cash withdrawal,pii_email_e64591d1b58b
f30d98bc-701d-4012-967c-bcfac8363874,pii_full_name_3bf6ec3a6849,Female,22,Uttar Pradesh,Varanasi,Varanasi Branch,Savings,04e1eb4b-7a30-4f99-a41a-cf812c168c11,04-08-2025,08:03:14,74373.54,378d00e1-6175-48f2-8bc3-91537c62a634,Debit,Clothing,6345.26,Voice Assistant,"Varanasi, Uttar Pradesh",POS,0,Clean,INR,+91933664XXXXXX,Food delivery,pii_email_e64591d1b58b
f30d98bc-701d-4012-967c-bcfac8363874,pii_full_name_3bf6ec3a6849,Female,22,Uttar Pradesh,Varanasi,Varanasi Branch,Savings,938f66fc-ea51-43e9-9b6a-e9620abefe04,11-08-2025,17:19:43,5435.87,82802cce-13ba-429a-bf29-02e46c5151f7,Transfer,Groceries,20170.68,Internet Banking,"Varanasi, Uttar Pradesh",Mobile,0,Clean,INR,+91933664XXXXXX,Gas bill,pii_email_e64591d1b58b
f30d98bc-701d-4012-967c-bcfac8363874,pii_full_name_3bf6ec3a6849,Female,22,Uttar Pradesh,Varanasi,Varanasi Branch,Savings,245c5a21-5ed9-477b-9491-8eb560a072ab,14-08-2025,18:22:18,60559.3,7b593c66-da50-4b4a-b587-9f635e92a224,Credit,Health,28733.0,ATM,"Varanasi, Uttar Pradesh",Mobile,0,Clean,INR,+91933664XXXXXX,Grocery delivery,pii_email_e64591d1b58b
f30d98bc-701d-4012-967c-bcfac8363874,pii_full_name_3bf6ec3a6849,Female,22,Uttar Pradesh,Varanasi,Varanasi Branch,Savings,6581e4fa-1981-4571-af3b-41b50ea84573,29-08-2025,19:23:44,25138.02,7b608b76-b5bf-41f6-aae1-d1a332a8bf51,Withdrawal,Health,22677.06,UPI,"Varanasi, Uttar Pradesh",Mobile,0,Clean,INR,+91933664XXXXXX,Grocery delivery,pii_email_e64591d1b58b
f30d98bc-701d-4012-967c-bcfac8363874,pii_full_name_3bf6ec3a6849,Female,22,Uttar Pradesh,Varanasi,Varanasi Branch,Savings,d2802c4d-8589-45d0-8a88-cbdc416fdbe9,06-09-2025,05:05:44,31576.25,acbbbbbb-fffb-4b5e-ac9b-d66d34915ba2,Transfer,Restaurant,25190.87,ATM,"Varanasi, Uttar Pradesh",ATM,1,Clean,INR,+91933664XXXXXX,Electricity bill,pii_email_e64591d1b58b
f30d98bc-701d-4012-967c-bcfac8363874,pii_full_name_3bf6ec3a6849,Female,22,Uttar Pradesh,Varanasi,Varanasi Branch,Savings,aa363737-e451-46b6-be9a-fef04a8815eb,13-09-2025,08:29:52,139.34,bf7d2d7c-1d2e-4e84-8f49-5076427683a3,Debit,Restaurant,26364.01,QR Code Scanner,"Varanasi, Uttar Pradesh",POS,0,Clean,INR,+91933664XXXXXX,Mobile recharge,pii_email_e64591d1b58b
f30d98bc-701d-4012-967c-bcfac8363874,pii_full_name_3bf6ec3a6849,Female,22,Uttar Pradesh,Varanasi,Varanasi Branch,Savings,772e47e3-ef93-4e97-80cc-37efb8d60c96,14-10-2025,09:09:29,70774.42,525838b7-b72c-4745-aa48-793b148949ad,Bill Payment,Restaurant,17337.39,Chip Card,"Varanasi, Uttar Pradesh",Mobile,0,Clean,INR,+91933664XXXXXX,Food delivery,pii_email_e64591d1b58b
f30d98bc-701d-4012-967c-bcfac8363874,pii_full_name_3bf6ec3a6849,Female,22,Uttar Pradesh,Varanasi,Varanasi Branch,Savings,4ead26f2-8861-4190-9313-d321f7742a17,01-11-2025,15:46:53,10832.42,1fa43f6f-3efe-4920-b27b-301cb5be7275,Credit,Health,7428.5,Internet Banking,"Varanasi, Uttar Pradesh",Desktop,0,Clean,INR,+91933664XXXXXX,Movie tickets,pii_email_e64591d1b58b
f30d98bc-701d-4012-967c-bcfac8363874,pii_full_name_3bf6ec3a6849,Female,22,Uttar Pradesh,Varanasi,Varanasi Branch,Savings,b4899b09-d151-454a-8260-e8640aa3728c,26-12-2025,22:17:33,43181.63,3e6bd75c-8237-4f68-9ecf-eeb00cf7d02e,Bill Payment,Entertainment,24414.83,Mobile Banking App,"Varanasi, Uttar Pradesh",POS,0,Clean,INR,+91933664XXXXXX,Salary credit,pii_email_e64591d1b58b
f3eef158-d450-4f95-bbea-b452ac267563,pii_full_name_9307a4082c2d,Female,67,Kerala,Kochi,Kochi Branch,Savings,89b9fa80-c952-4f6a-bde4-99b6a8c3abd5,07-01-2025,23:12:41,43381.47,fddb4561-cc09-4a17-9258-c5991f185c69,Transfer,Groceries,82658.37,Self-service Banking Machine,"Kochi, Kerala",POS,0,Clean,INR,+91948000XXXXXX,Cash withdrawal,pii_email_8fe050313a37
f3eef158-d450-4f95-bbea-b452ac267563,pii_full_name_9307a4082c2d,Female,67,Kerala,Kochi,Kochi Branch,Savings,81f0f4f3-89fe-4c63-990d-8ae8b1d0bcbe,22-01-2025,06:23:01,59959.0,6b8ac28e-f17e-47db-90c5-a77024a54d00,Credit,Electronics,86794.17,Voice Assistant,"Kochi, Kerala",POS,0,Clean,INR,+91948000XXXXXX,Bus ticket,pii_email_8fe050313a37
f3eef158-d450-4f95-bbea-b452ac267563,pii_full_name_9307a4082c2d,Female,67,Kerala,Kochi,Kochi Branch,Savings,a31b1a24-aa21-4713-aa4a-aa8aed168eaf,31-01-2025,17:25:05,51716.09,d4f0042d-502a-45d0-96dd-ba3322ef13d1,Debit,Restaurant,78320.22,Contactless Card,"Kochi, Kerala",POS,0,Clean,INR,+91948000XXXXXX,Hotel booking,pii_email_8fe050313a37
f3eef158-d450-4f95-bbea-b452ac267563,pii_full_name_9307a4082c2d,Female,67,Kerala,Kochi,Kochi Branch,Savings,a854aeaa-0122-4c79-b0f3-f1bc6901335e,05-02-2025,11:23:11,18410.78,dcac5c0d-730b-42a3-9e3b-d87191f3b636,Debit,Health,88456.11,Biometric ATM,"Kochi, Kerala",Mobile,0,Clean,INR,+91948000XXXXXX,Gas bill,pii_email_8fe050313a37
f3eef158-d450-4f95-bbea-b452ac267563,pii_full_name_9307a4082c2d,Female,67,Kerala,Kochi,Kochi Branch,Savings,ac07ab61-1705-4cfd-82c7-edd21c9327e6,30-03-2025,21:30:51,33023.46,b4b659ff-4bb7-4a4f-9818-1081a2db744b,Bill Payment,Entertainment,83491.83,Phone Banking,"Kochi, Kerala",POS,0,Clean,INR,+91948000XXXXXX,Mobile recharge,pii_email_8fe050313a37
f3eef158-d450-4f95-bbea-b452ac267563,pii_full_name_9307a4082c2d,Female,67,Kerala,Kochi,Kochi Branch,Savings,9844fa73-3c93-477b-a58b-dd0f4446cd8e,03-04-2025,04:57:48,158248.14,152b243c-93be-419d-9922-515affdf6488,Withdrawal,Clothing,74675.77,Mobile Banking App,"Kochi, Kerala",ATM,1,Money Laundering,INR,+91948000XXXXXX,Bus ticket,pii_email_8fe050313a37
f3eef158-d450-4f95-bbea-b452ac267563,pii_full_name_9307a4082c2d,Female,67,Kerala,Kochi,Kochi Branch,Savings,6b3b682c-f960-4785-96cf-54fa887ec16b,02-09-2025,19:27:20,80570.41,5255ec2f-16be-4268-8970-78231e3b4291,Bill Payment,Groceries,66618.73,POS Mobile App,"Kochi, Kerala",Mobile,0,Clean,INR,+91948000XXXXXX,Train ticket,pii_email_8fe050313a37
f3eef158-d450-4f95-bbea-b452ac267563,pii_full_name_9307a4082c2d,Female,67,Kerala,Kochi,Kochi Branch,Savings,f63fd43a-aed8-4ee6-84ec-458cf07c6529,13-10-2025,18:25:25,76578.4,40247e4a-01a1-4ee1-b9f1-152a997dbd50,Debit,Entertainment,80798.27,Digital Wallet,"Kochi, Kerala",Desktop,0,Clean,INR,+91948000XXXXXX,Electricity bill,pii_email_8fe050313a37
f4c4d093-b782-4844-a681-5f5d182bd7c4,pii_full_name_14627d4d61c8,Female,18,Punjab,Amritsar,Amritsar Branch,Savings,8de76788-92b5-4b6b-95ba-93bc66eb13ce,21-01-2025,14:02:01,24301.16,f3d854b8-5dde-4165-9a8a-335ca3d4cb54,Bill Payment,Restaurant,7706.19,Contactless Card,"Amritsar, Punjab",ATM,0,Clean,INR,+91963682XXXXXX,Grocery delivery,pii_email_a1b47191020e
f4c4d093-b782-4844-a681-5f5d182bd7c4,pii_full_name_14627d4d61c8,Female,18,Punjab,Amritsar,Amritsar Branch,Savings,992170a6-942a-45f5-a390-a40765ce486a,26-01-2025,03:30:15,24124.64,41095da8-91a4-4d44-abbe-6204c436544f,Transfer,Groceries,8147.76,POS Mobile Device,"Amritsar, Punjab",ATM,0,Clean,INR,+91963682XXXXXX,Hotel booking,pii_email_a1b47191020e
f4c4d093-b782-4844-a681-5f5d182bd7c4,pii_full_name_14627d4d61c8,Female,18,Punjab,Amritsar,Amritsar Branch,Savings,14cd6495-62b0-4c57-8093-35a3cf42437e,17-02-2025,22:00:18,89076.36,caea8481-3e05-4837-b573-93a3be4cfcab,Credit,Restaurant,18224.24,ATM,"Amritsar, Punjab",ATM,0,Clean,INR,+91963682XXXXXX,Cash withdrawal,pii_email_a1b47191020e
f4c4d093-b782-4844-a681-5f5d182bd7c4,pii_full_name_14627d4d61c8,Female,18,Punjab,Amritsar,Amritsar Branch,Savings,daf7270c-d6da-47d5-a51d-9d3a46491e00,05-03-2025,18:11:12,41829.48,a581c9d0-450e-415b-9aab-f559d3dcc7d1,Transfer,Groceries,12330.7,POS Mobile App,"Amritsar, Punjab",Desktop,0,Clean,INR,+91963682XXXXXX,Movie tickets,pii_email_a1b47191020e
f4c4d093-b782-4844-a681-5f5d182bd7c4,pii_full_name_14627d4d61c8,Female,18,Punjab,Amritsar,Amritsar Branch,Savings,2182c31d-0070-489f-a6c4-265a2794ddc8,05-04-2025,15:18:49,85639.06,fad4f267-d9c7-4242-ac23-8481022b142d,Bill Payment,Restaurant,16686.09,Contactless Card,"Amritsar, Punjab",POS,0,Clean,INR,+91963682XXXXXX,Hotel booking,pii_email_a1b47191020e
f4c4d093-b782-4844-a681-5f5d182bd7c4,pii_full_name_14627d4d61c8,Female,18,Punjab,Amritsar,Amritsar Branch,Savings,c327db6e-a83b-472e-9c07-129a51503289,13-04-2025,05:54:10,11147.79,616c60a0-21f8-4f04-8402-ee6bd729d22d,Debit,Health,22329.53,POS Mobile App,"Amritsar, Punjab",Desktop,0,Clean,INR,+91963682XXXXXX,Mutual fund investment,pii_email_a1b47191020e
f4c4d093-b782-4844-a681-5f5d182bd7c4,pii_full_name_14627d4d61c8,Female,18,Punjab,Amritsar,Amritsar Branch,Savings,07051077-707b-4945-bbb9-1d954792ffbb,21-04-2025,20:21:38,30141.02,af2b7ece-6b54-4919-8023-da3c4c116285,Bill Payment,Groceries,9316.6,ATM,"Amritsar, Punjab",POS,0,Clean,INR,+91963682XXXXXX,Utility bill,pii_email_a1b47191020e
f4c4d093-b782-4844-a681-5f5d182bd7c4,pii_full_name_14627d4d61c8,Female,18,Punjab,Amritsar,Amritsar Branch,Savings,e122aa71-6ade-4ace-ae96-ce9d691eb2f8,26-05-2025,13:14:41,79168.0,9c3488bd-7026-41fa-a1d9-1d4939c9ba77,Withdrawal,Restaurant,23444.31,UPI,"Amritsar, Punjab",POS,0,Clean,INR,+91963682XXXXXX,Insurance premium,pii_email_a1b47191020e
f4c4d093-b782-4844-a681-5f5d182bd7c4,pii_full_name_14627d4d61c8,Female,18,Punjab,Amritsar,Amritsar Branch,Savings,dc27684a-e613-4575-83eb-14b7a06d4503,29-05-2025,14:23:16,20663.53,db9580d8-7101-4c76-9f7d-d9d3cbcc39d9,Bill Payment,Restaurant,20263.18,Contactless Card,"Amritsar, Punjab",Mobile,0,Clean,INR,+91963682XXXXXX,Utility bill,pii_email_a1b47191020e
f4c4d093-b782-4844-a681-5f5d182bd7c4,pii_full_name_14627d4d61c8,Female,18,Punjab,Amritsar,Amritsar Branch,Savings,060994c9-befb-47da-a6ad-d4341d4a76e9,02-06-2025,06:09:23,49868.16,4257c989-b98c-4827-b0d6-d1efaa326be1,Transfer,Groceries,25250.0,ATM Booth Kiosk,"Amritsar, Punjab",ATM,0,Clean,INR,+91963682XXXXXX,Mutual fund investment,pii_email_a1b47191020e
f4c4d093-b782-4844-a681-5f5d182bd7c4,pii_full_name_14627d4d61c8,Female,18,Punjab,Amritsar,Amritsar Branch,Savings,d5ef1e8c-1429-49b9-8bbd-12762736a35f,09-07-2025,08:44:34,72219.88,cddc2e4c-da51-4198-953a-b392248dda8e,Transfer,Electronics,31361.11,Virtual Card,"Amritsar, Punjab",POS,0,Clean,INR,+91963682XXXXXX,Electricity bill,pii_email_a1b47191020e
f4c4d093-b782-4844-a681-5f5d182bd7c4,pii_full_name_14627d4d61c8,Female,18,Punjab,Amritsar,Amritsar Branch,Savings,d549116c-886c-4397-b660-b94983baf3fa,06-08-2025,14:45:56,55472.64,ad70e187-c138-4e49-88f2-bfd6a9bb1820,Transfer,Groceries,24139.12,Contactless Card,"Amritsar, Punjab",Mobile,0,Clean,INR,+91963682XXXXXX,Bitcoin transaction,pii_email_a1b47191020e
f4c4d093-b782-4844-a681-5f5d182bd7c4,pii_full_name_14627d4d61c8,Female,18,Punjab,Amritsar,Amritsar Branch,Savings,4cc44cd6-8aea-4d87-bfc2-cc8960a17542,10-10-2025,21:38:43,19708.97,60ec4e5e-600b-4bd6-b299-deab86a65983,Debit,Health,5735.29,ATM Booth Kiosk,"Amritsar, Punjab",POS,0,Clean,INR,+91963682XXXXXX,Jewelry purchase,pii_email_a1b47191020e
f4c4d093-b782-4844-a681-5f5d182bd7c4,pii_full_name_14627d4d61c8,Female,18,Punjab,Amritsar,Amritsar Branch,Savings,51a71b42-4f31-4501-9caf-f4addbaad719,10-10-2025,22:36:31,59233.84,b03a165a-9672-4667-83c4-158f604ef685,Withdrawal,Restaurant,12300.85,Contactless Card,"Amritsar, Punjab",Mobile,0,Clean,INR,+91963682XXXXXX,Train ticket,pii_email_a1b47191020e
f4c4d093-b782-4844-a681-5f5d182bd7c4,pii_full_name_14627d4d61c8,Female,18,Punjab,Amritsar,Amritsar Branch,Savings,552b9b11-093e-4cce-a28f-516cc3ab7c2d,25-11-2025,06:45:36,65497.84,0bedf95f-229b-4d94-bfc7-eaa62e9ea8c9,Withdrawal,Groceries,10136.3,Biometric ATM,"Amritsar, Punjab",POS,0,Clean,INR,+91963682XXXXXX,Mobile recharge,pii_email_a1b47191020e
f514df8c-9cce-46e1-a1b7-82ef2a049b98,pii_full_name_bdd87cd69446,Female,34,Madhya Pradesh,Gwalior,Gwalior Branch,Savings,717b37a5-5eb4-41e5-a62b-2896d532fd93,11-01-2025,13:38:02,77546.56,9f08365a-69c6-453e-b222-32e3a67541bd,Credit,Health,61222.19,QR Code Scanner,"Gwalior, Madhya Pradesh",POS,0,Clean,INR,+91967132XXXXXX,Mobile recharge,pii_email_6ab0cc36a131
f514df8c-9cce-46e1-a1b7-82ef2a049b98,pii_full_name_bdd87cd69446,Female,34,Madhya Pradesh,Gwalior,Gwalior Branch,Savings,00cd0172-77ed-4784-87eb-4a02cd053dad,10-02-2025,12:27:48,85507.18,c2000733-d698-4129-96e0-d207aa063876,Debit,Entertainment,54281.33,POS Mobile App,"Gwalior, Madhya Pradesh",Desktop,0,Clean,INR,+91967132XXXXXX,Train ticket,pii_email_6ab0cc36a131
f514df8c-9cce-46e1-a1b7-82ef2a049b98,pii_full_name_bdd87cd69446,Female,34,Madhya Pradesh,Gwalior,Gwalior Branch,Savings,c8a962e4-8259-4791-981b-ef5f341c035f,13-02-2025,15:29:12,57348.95,71d02beb-52f6-43b1-9ecd-2f8a9ac4541c,Debit,Clothing,41664.21,Chip Card,"Gwalior, Madhya Pradesh",Mobile,0,Clean,INR,+91967132XXXXXX,Debt repayment,pii_email_6ab0cc36a131
f514df8c-9cce-46e1-a1b7-82ef2a049b98,pii_full_name_bdd87cd69446,Female,34,Madhya Pradesh,Gwalior,Gwalior Branch,Savings,8c807a2f-3ef0-4320-b6ea-6f2cd96646c3,15-02-2025,19:25:31,81770.58,c906226c-8eeb-4c2b-8e02-3216124d4b26,Transfer,Clothing,47532.34,Mobile Banking App,"Gwalior, Madhya Pradesh",Desktop,0,Clean,INR,+91967132XXXXXX,Utility bill,pii_email_6ab0cc36a131
f514df8c-9cce-46e1-a1b7-82ef2a049b98,pii_full_name_bdd87cd69446,Female,34,Madhya Pradesh,Gwalior,Gwalior Branch,Savings,c699b65c-c98c-4255-bb17-aa101b500fd9,17-02-2025,17:44:06,65042.87,4a2de139-f841-4d4d-92d8-2536c5fc5c6c,Debit,Electronics,59007.53,Digital Wallet,"Gwalior, Madhya Pradesh",Desktop,0,Clean,INR,+91967132XXXXXX,Debt repayment,pii_email_6ab0cc36a131
f514df8c-9cce-46e1-a1b7-82ef2a049b98,pii_full_name_bdd87cd69446,Female,34,Madhya Pradesh,Gwalior,Gwalior Branch,Savings,c031ea61-f61e-41b2-93f2-26f2a33a3db5,04-03-2025,04:48:56,43727.85,681123fd-4a8b-48e8-89ed-f3fda58480e0,Credit,Restaurant,53467.54,Biometric ATM,"Gwalior, Madhya Pradesh",ATM,0,Clean,INR,+91967132XXXXXX,Cash withdrawal,pii_email_6ab0cc36a131
f514df8c-9cce-46e1-a1b7-82ef2a049b98,pii_full_name_bdd87cd69446,Female,34,Madhya Pradesh,Gwalior,Gwalior Branch,Savings,6a65a515-bb5e-47d2-a36b-7396d3944e6e,21-03-2025,22:39:45,32265.99,d234daae-eed2-4429-8ee5-60271cb59a7a,Transfer,Health,68268.07,Debit/Credit Card,"Gwalior, Madhya Pradesh",Desktop,0,Clean,INR,+91967132XXXXXX,Movie tickets,pii_email_6ab0cc36a131
f514df8c-9cce-46e1-a1b7-82ef2a049b98,pii_full_name_bdd87cd69446,Female,34,Madhya Pradesh,Gwalior,Gwalior Branch,Savings,fec4d38d-2180-4531-aa1b-71715d9a05dd,15-04-2025,20:24:52,40457.99,4a005f5a-1bee-493a-8b78-cd1fc81e4677,Withdrawal,Restaurant,47399.1,Chip Card,"Gwalior, Madhya Pradesh",Desktop,0,Clean,INR,+91967132XXXXXX,Mobile recharge,pii_email_6ab0cc36a131
f514df8c-9cce-46e1-a1b7-82ef2a049b98,pii_full_name_bdd87cd69446,Female,34,Madhya Pradesh,Gwalior,Gwalior Branch,Savings,25c663d7-2300-49b1-a689-aeb6d3898231,26-04-2025,19:45:45,54434.95,a73a8843-8469-4691-b96d-da3b99643a95,Credit,Restaurant,65511.82,POS Mobile Device,"Gwalior, Madhya Pradesh",Desktop,0,Clean,INR,+91967132XXXXXX,Movie tickets,pii_email_6ab0cc36a131
f514df8c-9cce-46e1-a1b7-82ef2a049b98,pii_full_name_bdd87cd69446,Female,34,Madhya Pradesh,Gwalior,Gwalior Branch,Savings,4337c2b3-852a-462b-9d9c-8469a75392fe,28-04-2025,21:45:22,40421.1,063e107b-caa5-425e-8ae7-748e9dfe94d0,Transfer,Entertainment,72310.18,Contactless Card,"Gwalior, Madhya Pradesh",ATM,0,Clean,INR,+91967132XXXXXX,Debt repayment,pii_email_6ab0cc36a131
f514df8c-9cce-46e1-a1b7-82ef2a049b98,pii_full_name_bdd87cd69446,Female,34,Madhya Pradesh,Gwalior,Gwalior Branch,Savings,aae5930c-ee4e-46c0-b12b-2014f9eadef3,25-05-2025,09:06:03,68879.42,0bca9fba-63a0-42df-83ca-cc2065ba5dbf,Credit,Health,65895.48,Virtual Card,"Gwalior, Madhya Pradesh",POS,0,Clean,INR,+91967132XXXXXX,Debt repayment,pii_email_6ab0cc36a131
f514df8c-9cce-46e1-a1b7-82ef2a049b98,pii_full_name_bdd87cd69446,Female,34,Madhya Pradesh,Gwalior,Gwalior Branch,Savings,a7a41c2b-dae0-4266-985a-f04a444df02e,04-07-2025,18:17:22,28364.25,1851a97a-6002-453e-9b88-263ba61ab34d,Debit,Health,51444.9,Self-service Banking Machine,"Gwalior, Madhya Pradesh",Mobile,0,Clean,INR,+91967132XXXXXX,Hotel booking,pii_email_6ab0cc36a131
f514df8c-9cce-46e1-a1b7-82ef2a049b98,pii_full_name_bdd87cd69446,Female,34,Madhya Pradesh,Gwalior,Gwalior Branch,Savings,81a3510f-8c66-4320-b8dc-3143863a3578,06-07-2025,04:24:51,11538.66,650d7c79-27d6-42cb-818e-813b25bb9c35,Bill Payment,Health,60068.33,Self-service Banking Machine,"Gwalior, Madhya Pradesh",Desktop,0,Clean,INR,+91967132XXXXXX,Gas bill,pii_email_6ab0cc36a131
f514df8c-9cce-46e1-a1b7-82ef2a049b98,pii_full_name_bdd87cd69446,Female,34,Madhya Pradesh,Gwalior,Gwalior Branch,Savings,ba2f9992-ca5c-46b6-93e9-0008c885cb1e,14-08-2025,00:14:01,23089.3,3fdf1cba-42d1-41fe-baa0-7d5f6fa7ba45,Bill Payment,Clothing,39355.28,POS Mobile Device,"Gwalior, Madhya Pradesh",ATM,0,Clean,INR,+91967132XXXXXX,Jewelry purchase,pii_email_6ab0cc36a131
f514df8c-9cce-46e1-a1b7-82ef2a049b98,pii_full_name_bdd87cd69446,Female,34,Madhya Pradesh,Gwalior,Gwalior Branch,Savings,9e0c19ca-13d6-4c4b-96d2-1b40535d4422,15-10-2025,09:21:40,88269.3,7173fb4e-642c-434c-b180-2c53dd48cbdf,Transfer,Groceries,49094.75,Voice Assistant,"Gwalior, Madhya Pradesh",Mobile,0,Clean,INR,+91967132XXXXXX,Taxi fare,pii_email_6ab0cc36a131
f514df8c-9cce-46e1-a1b7-82ef2a049b98,pii_full_name_bdd87cd69446,Female,34,Madhya Pradesh,Gwalior,Gwalior Branch,Savings,c1644844-3309-4985-be16-d3267d76ac37,15-10-2025,12:41:17,72645.16,46582b26-786d-44ef-a7fe-7fb78baaa0a9,Bill Payment,Health,40267.82,ATM,"Gwalior, Madhya Pradesh",ATM,0,Clean,INR,+91967132XXXXXX,Gym membership,pii_email_6ab0cc36a131
f514df8c-9cce-46e1-a1b7-82ef2a049b98,pii_full_name_bdd87cd69446,Female,34,Madhya Pradesh,Gwalior,Gwalior Branch,Savings,cf7efd93-5e7c-436d-9a76-169c3f18d9cf,27-10-2025,20:06:32,94781.38,ca18020f-760d-4c86-9203-e41516d4206b,Bill Payment,Restaurant,62832.05,POS Mobile Device,"Gwalior, Madhya Pradesh",POS,0,Clean,INR,+91967132XXXXXX,Train ticket,pii_email_6ab0cc36a131
f63c8564-0816-4f3b-b3b4-b5db96185c6c,pii_full_name_4720bd0be2fa,Female,54,Chandigarh,Chandigarh,Chandigarh Branch,Savings,ccfb6990-c71b-488a-9c35-6815bbd78427,10-02-2025,08:51:08,53860.56,fff71643-f94f-476d-85eb-c6ef573637e2,Credit,Health,59907.55,Contactless Card,"Chandigarh, Chandigarh",POS,0,Clean,INR,+91948102XXXXXX,Taxi fare,pii_email_ae6b292c8bbe
f63c8564-0816-4f3b-b3b4-b5db96185c6c,pii_full_name_4720bd0be2fa,Female,54,Chandigarh,Chandigarh,Chandigarh Branch,Savings,913c892d-b36f-4535-82de-48d5baf02fd7,21-02-2025,12:36:41,15980.15,aef0d4e9-3d4c-4f9f-b715-4ea7a8d37bae,Credit,Health,51840.2,Voice Assistant,"Chandigarh, Chandigarh",Desktop,0,Clean,INR,+91948102XXXXXX,Food delivery,pii_email_ae6b292c8bbe
f63c8564-0816-4f3b-b3b4-b5db96185c6c,pii_full_name_4720bd0be2fa,Female,54,Chandigarh,Chandigarh,Chandigarh Branch,Savings,f519fd15-ba03-406c-ae33-847ef1a48429,04-03-2025,18:26:08,34503.18,0f63908b-fc83-4fd9-b04d-eaeb7198e588,Credit,Electronics,39218.58,POS Mobile Device,"Chandigarh, Chandigarh",Desktop,0,Clean,INR,+91948102XXXXXX,Flight ticket,pii_email_ae6b292c8bbe
f63c8564-0816-4f3b-b3b4-b5db96185c6c,pii_full_name_4720bd0be2fa,Female,54,Chandigarh,Chandigarh,Chandigarh Branch,Savings,ba2d76ac-629e-4654-b0b0-d971b8c1e680,05-03-2025,11:17:55,54963.28,57cce660-f3d8-4679-a886-cd02d770b3a1,Withdrawal,Health,30841.1,Branch Counter,"Chandigarh, Chandigarh",Mobile,0,Clean,INR,+91948102XXXXXX,Pharmacy bill,pii_email_ae6b292c8bbe
f63c8564-0816-4f3b-b3b4-b5db96185c6c,pii_full_name_4720bd0be2fa,Female,54,Chandigarh,Chandigarh,Chandigarh Branch,Savings,58648330-5024-4225-a518-91d1cce70098,05-07-2025,08:05:12,69319.0,59d449d3-589e-47e7-8022-c73bc61b09a7,Bill Payment,Entertainment,44908.31,POS Mobile Device,"Chandigarh, Chandigarh",POS,0,Clean,INR,+91948102XXXXXX,Jewelry purchase,pii_email_ae6b292c8bbe
f63c8564-0816-4f3b-b3b4-b5db96185c6c,pii_full_name_4720bd0be2fa,Female,54,Chandigarh,Chandigarh,Chandigarh Branch,Savings,c1dff421-5574-4fd2-b62f-b580563f370a,12-07-2025,12:49:14,91400.45,d5ceb29b-c7f4-44a5-a32d-0038224ae502,Bill Payment,Groceries,35768.26,Contactless Card,"Chandigarh, Chandigarh",POS,0,Clean,INR,+91948102XXXXXX,Salary credit,pii_email_ae6b292c8bbe
f63c8564-0816-4f3b-b3b4-b5db96185c6c,pii_full_name_4720bd0be2fa,Female,54,Chandigarh,Chandigarh,Chandigarh Branch,Savings,93a7eab8-0785-4c7e-b7dd-19bfe01d8c42,04-10-2025,23:45:42,96653.59,598abfd5-1533-45a2-8e8d-8505d16e58be,Debit,Restaurant,50242.19,ATM,"Chandigarh, Chandigarh",Desktop,0,Clean,INR,+91948102XXXXXX,Mobile recharge,pii_email_ae6b292c8bbe
f63c8564-0816-4f3b-b3b4-b5db96185c6c,pii_full_name_4720bd0be2fa,Female,54,Chandigarh,Chandigarh,Chandigarh Branch,Savings,0c1dd07f-7c38-4fed-ad34-cfca9ba8587f,11-12-2025,02:03:13,28811.5,7cdf9bcd-248e-45ff-b6a6-1dba35f379e1,Bill Payment,Groceries,36337.43,Biometric ATM,"Chandigarh, Chandigarh",Desktop,0,Clean,INR,+91948102XXXXXX,Train ticket,pii_email_ae6b292c8bbe
f7917170-6d2b-4db4-a93e-4434700154f0,pii_full_name_d241bd9bc4d1,Male,41,Madhya Pradesh,Bhopal,Bhopal Branch,Business,f649e5df-4b0a-4a1b-a516-1a19953933aa,27-02-2025,04:27:40,73048.44,f55e2ff4-2cd6-4008-9c99-d07085884e2b,Withdrawal,Electronics,80494.88,Digital Wallet,"Bhopal, Madhya Pradesh",Mobile,0,Clean,INR,+91973335XXXXXX,Restaurant dining,pii_email_2efa16162cda
f7917170-6d2b-4db4-a93e-4434700154f0,pii_full_name_d241bd9bc4d1,Male,41,Madhya Pradesh,Bhopal,Bhopal Branch,Business,27b8842d-c229-4b48-89b3-69b0dfb33990,04-03-2025,00:56:45,26839.03,cd3e6dbb-1971-489b-8e8b-c1c755bd7796,Credit,Restaurant,84735.75,Self-service Banking Machine,"Bhopal, Madhya Pradesh",Mobile,0,Clean,INR,+91973335XXXXXX,Bitcoin transaction,pii_email_2efa16162cda
f7917170-6d2b-4db4-a93e-4434700154f0,pii_full_name_d241bd9bc4d1,Male,41,Madhya Pradesh,Bhopal,Bhopal Branch,Business,a64c64c6-836f-4998-9772-0ad0b0049b5d,24-03-2025,18:17:51,66730.09,d1b552e3-757c-4707-af5a-333541488271,Transfer,Entertainment,90793.89,UPI,"Bhopal, Madhya Pradesh",Mobile,0,Clean,INR,+91973335XXXXXX,Debt repayment,pii_email_2efa16162cda
f7917170-6d2b-4db4-a93e-4434700154f0,pii_full_name_d241bd9bc4d1,Male,41,Madhya Pradesh,Bhopal,Bhopal Branch,Business,0359fe49-b813-4ee7-a2b4-fab4404ee938,07-04-2025,04:56:27,40068.43,5c849cee-e293-455e-beab-f81fd082d559,Transfer,Clothing,94800.73,Magnetic Strip Card,"Bhopal, Madhya Pradesh",Mobile,0,Clean,INR,+91973335XXXXXX,Pharmacy bill,pii_email_2efa16162cda
f7917170-6d2b-4db4-a93e-4434700154f0,pii_full_name_d241bd9bc4d1,Male,41,Madhya Pradesh,Bhopal,Bhopal Branch,Business,999e8fab-1478-468f-826b-530d7628181b,24-04-2025,10:36:14,6379.72,f3fa3fc4-20ac-4b20-8072-43d7204281be,Debit,Health,91423.06,QR Code Scanner,"Bhopal, Madhya Pradesh",Mobile,0,Clean,INR,+91973335XXXXXX,Food delivery,pii_email_2efa16162cda
f7917170-6d2b-4db4-a93e-4434700154f0,pii_full_name_d241bd9bc4d1,Male,41,Madhya Pradesh,Bhopal,Bhopal Branch,Business,0d3ec89b-88f6-4a2e-a99f-20c2445d27f0,15-05-2025,10:53:23,91769.07,1397cc96-a4a3-40e8-9b1b-6945e402fe66,Transfer,Clothing,99996.44,Video Banking,"Bhopal, Madhya Pradesh",Mobile,0,Clean,INR,+91973335XXXXXX,Bitcoin transaction,pii_email_2efa16162cda
f7917170-6d2b-4db4-a93e-4434700154f0,pii_full_name_d241bd9bc4d1,Male,41,Madhya Pradesh,Bhopal,Bhopal Branch,Business,db2b5ac5-6459-4e1f-a715-3327b122042f,18-05-2025,03:08:44,61113.58,d84978ed-cde1-4896-a739-5cb25bc2c367,Withdrawal,Health,85289.74,Internet Banking,"Bhopal, Madhya Pradesh",ATM,0,Clean,INR,+91973335XXXXXX,Gym membership,pii_email_2efa16162cda
f7917170-6d2b-4db4-a93e-4434700154f0,pii_full_name_d241bd9bc4d1,Male,41,Madhya Pradesh,Bhopal,Bhopal Branch,Business,d08b3ce5-6a67-49b0-9393-8dd3cca13b88,06-06-2025,14:37:19,29459.21,65044221-a5a2-4e7a-83fb-5853b4856142,Transfer,Entertainment,86102.22,Chip Card,"Bhopal, Madhya Pradesh",ATM,0,Clean,INR,+91973335XXXXXX,Grocery delivery,pii_email_2efa16162cda
f7917170-6d2b-4db4-a93e-4434700154f0,pii_full_name_d241bd9bc4d1,Male,41,Madhya Pradesh,Bhopal,Bhopal Branch,Business,36b61f89-673b-40cd-b14f-3acfd81f9a49,27-06-2025,02:51:58,8387.56,451d7fa9-334a-4a27-a317-4d20bc6a963b,Withdrawal,Groceries,84450.98,Mobile Banking App,"Bhopal, Madhya Pradesh",Desktop,0,Clean,INR,+91973335XXXXXX,Hotel booking,pii_email_2efa16162cda
f7917170-6d2b-4db4-a93e-4434700154f0,pii_full_name_d241bd9bc4d1,Male,41,Madhya Pradesh,Bhopal,Bhopal Branch,Business,0295149d-5031-487c-ae5d-570c52fe81f8,16-07-2025,01:29:46,37784.43,fa347add-c409-476d-97d2-94f31147a06c,Debit,Clothing,91022.29,Contactless Card,"Bhopal, Madhya Pradesh",ATM,0,Clean,INR,+91973335XXXXXX,Gas bill,pii_email_2efa16162cda
f7917170-6d2b-4db4-a93e-4434700154f0,pii_full_name_d241bd9bc4d1,Male,41,Madhya Pradesh,Bhopal,Bhopal Branch,Business,3861597b-5ad5-47df-ac11-c9532ed9f6f2,15-09-2025,03:00:18,10524.95,cf9fdfdb-abb0-48d4-81f8-b2a8ff71ac03,Transfer,Groceries,84667.82,Magnetic Strip Card,"Bhopal, Madhya Pradesh",ATM,0,Clean,INR,+91973335XXXXXX,Bus ticket,pii_email_2efa16162cda
f7917170-6d2b-4db4-a93e-4434700154f0,pii_full_name_d241bd9bc4d1,Male,41,Madhya Pradesh,Bhopal,Bhopal Branch,Business,aadcde60-a42d-4d97-82bc-bdab966c42e8,23-09-2025,01:24:34,26614.19,96570663-20ba-4ec9-ba2e-8c433c6c0156,Credit,Entertainment,83156.3,UPI,"Bhopal, Madhya Pradesh",Desktop,0,Clean,INR,+91973335XXXXXX,Gas bill,pii_email_2efa16162cda
f7917170-6d2b-4db4-a93e-4434700154f0,pii_full_name_d241bd9bc4d1,Male,41,Madhya Pradesh,Bhopal,Bhopal Branch,Business,944006cb-f0cc-4be4-9ef8-222547feba18,30-09-2025,10:56:40,23991.32,3c97e1b1-6665-45a4-a504-b1ca9b5cb6b4,Withdrawal,Restaurant,82051.85,Chip Card,"Bhopal, Madhya Pradesh",POS,1,Clean,INR,+91973335XXXXXX,Flight ticket,pii_email_2efa16162cda
f7917170-6d2b-4db4-a93e-4434700154f0,pii_full_name_d241bd9bc4d1,Male,41,Madhya Pradesh,Bhopal,Bhopal Branch,Business,f1ab6447-0a8c-4d06-bf03-b93433d182c5,05-10-2025,03:33:29,67332.78,966694c9-bef5-4661-9c3d-aa8cd1646493,Credit,Restaurant,91401.09,Biometric ATM,"Bhopal, Madhya Pradesh",ATM,0,Clean,INR,+91973335XXXXXX,Pharmacy bill,pii_email_2efa16162cda
f7917170-6d2b-4db4-a93e-4434700154f0,pii_full_name_d241bd9bc4d1,Male,41,Madhya Pradesh,Bhopal,Bhopal Branch,Business,6db3c40e-2546-41fe-8be8-8ce13f428cf4,11-10-2025,00:53:36,65982.47,dc7a9ab9-a127-4b12-a594-90c1363513f7,Withdrawal,Electronics,92061.03,UPI,"Bhopal, Madhya Pradesh",ATM,0,Clean,INR,+91973335XXXXXX,Taxi fare,pii_email_2efa16162cda
f7917170-6d2b-4db4-a93e-4434700154f0,pii_full_name_d241bd9bc4d1,Male,41,Madhya Pradesh,Bhopal,Bhopal Branch,Business,69e9cef3-2921-487a-b269-c7e08cef4c47,17-10-2025,21:02:05,24868.95,05b14cbf-9fc7-4dad-83c2-4183cdb4dfde,Withdrawal,Clothing,83615.32,Mobile Banking App,"Bhopal, Madhya Pradesh",ATM,0,Clean,INR,+91973335XXXXXX,Food delivery,pii_email_2efa16162cda
f7917170-6d2b-4db4-a93e-4434700154f0,pii_full_name_d241bd9bc4d1,Male,41,Madhya Pradesh,Bhopal,Bhopal Branch,Business,00053f35-bb79-44b1-bba6-535cda6c6b85,06-11-2025,23:19:28,32225.68,5fe5cdff-a87e-4b95-a006-3117eb4f3d00,Debit,Groceries,87799.72,Internet Banking,"Bhopal, Madhya Pradesh",POS,0,Clean,INR,+91973335XXXXXX,Movie tickets,pii_email_2efa16162cda
f7917170-6d2b-4db4-a93e-4434700154f0,pii_full_name_d241bd9bc4d1,Male,41,Madhya Pradesh,Bhopal,Bhopal Branch,Business,4ff287c2-c590-472d-8124-3fb51c20a216,17-11-2025,22:55:26,51635.82,09018fea-da7a-43e8-9929-8268bc2966ef,Transfer,Electronics,98659.27,Voice Assistant,"Bhopal, Madhya Pradesh",Desktop,0,Clean,INR,+91973335XXXXXX,Utility bill,pii_email_2efa16162cda
f7917170-6d2b-4db4-a93e-4434700154f0,pii_full_name_d241bd9bc4d1,Male,41,Madhya Pradesh,Bhopal,Bhopal Branch,Business,738ba6ed-1ba6-491a-9eed-53c93391bc64,04-12-2025,15:54:09,87599.41,4042fed6-cbf6-4053-ae55-6c5479e66c0d,Credit,Electronics,93495.69,Contactless Card,"Bhopal, Madhya Pradesh",Mobile,0,Clean,INR,+91973335XXXXXX,Mutual fund investment,pii_email_2efa16162cda
f7917170-6d2b-4db4-a93e-4434700154f0,pii_full_name_d241bd9bc4d1,Male,41,Madhya Pradesh,Bhopal,Bhopal Branch,Business,2aa27922-c1be-4b1f-b742-ff762a2ae26a,07-12-2025,15:28:04,77860.28,98ad2650-39e3-484d-9b7d-bdcf42cb3517,Debit,Clothing,92210.41,Chip Card,"Bhopal, Madhya Pradesh",ATM,0,Clean,INR,+91973335XXXXXX,Flight ticket,pii_email_2efa16162cda
f8707315-36f0-4d70-98ca-9fc82672fc2c,pii_full_name_1dcc18b2fdde,Female,51,Tamil Nadu,Chennai,Chennai Branch,Business,328002bf-7c85-40d3-8545-eabba0464542,01-01-2025,12:53:49,13949.8,2f97af99-b43f-4a89-9501-fad118dc8a90,Withdrawal,Groceries,92632.76,Contactless Card,"Chennai, Tamil Nadu",ATM,0,Clean,INR,+91994056XXXXXX,Flight ticket,pii_email_57c276896a64
f8707315-36f0-4d70-98ca-9fc82672fc2c,pii_full_name_1dcc18b2fdde,Female,51,Tamil Nadu,Chennai,Chennai Branch,Business,df324dae-a1ae-4007-a2a3-f0c33d20a034,01-03-2025,04:04:13,41159.92,4376fdb1-b3b4-458d-85f9-24a0172c2940,Transfer,Health,70237.51,QR Code Scanner,"Chennai, Tamil Nadu",ATM,1,Clean,INR,+91994056XXXXXX,Pharmacy bill,pii_email_57c276896a64
f8707315-36f0-4d70-98ca-9fc82672fc2c,pii_full_name_1dcc18b2fdde,Female,51,Tamil Nadu,Chennai,Chennai Branch,Business,6712dc12-97ba-47f7-8363-172f84b96d7f,08-03-2025,04:24:30,24079.13,4f5e258f-a981-436c-82be-94aa3dec57b3,Bill Payment,Groceries,90224.85,Internet Banking,"Chennai, Tamil Nadu",Mobile,0,Clean,INR,+91994056XXXXXX,Gym membership,pii_email_57c276896a64
f8707315-36f0-4d70-98ca-9fc82672fc2c,pii_full_name_1dcc18b2fdde,Female,51,Tamil Nadu,Chennai,Chennai Branch,Business,4c6541dd-4053-4db5-a600-9bb65ec2463a,15-06-2025,13:42:16,89422.99,e064b853-38ba-42ff-a0b9-19ab7c88ba88,Debit,Clothing,66121.52,Magnetic Strip Card,"Chennai, Tamil Nadu",ATM,0,Clean,INR,+91994056XXXXXX,Mobile recharge,pii_email_57c276896a64
f8707315-36f0-4d70-98ca-9fc82672fc2c,pii_full_name_1dcc18b2fdde,Female,51,Tamil Nadu,Chennai,Chennai Branch,Business,1d286c6b-27d9-48ea-bbbc-d2ff07967cc0,26-06-2025,20:23:30,15102.07,6cf309bf-3410-4206-af9d-f5c712b6f68f,Bill Payment,Restaurant,94027.74,Virtual Card,"Chennai, Tamil Nadu",Mobile,0,Clean,INR,+91994056XXXXXX,Mutual fund investment,pii_email_57c276896a64
f8707315-36f0-4d70-98ca-9fc82672fc2c,pii_full_name_1dcc18b2fdde,Female,51,Tamil Nadu,Chennai,Chennai Branch,Business,5c0bce9c-65f0-4afb-bbb2-f2361b7d23d8,25-08-2025,12:18:11,83294.49,29d0d3b9-8e2c-4068-83cb-a3905660ec82,Bill Payment,Clothing,61908.06,POS Mobile Device,"Chennai, Tamil Nadu",Mobile,0,Clean,INR,+91994056XXXXXX,Restaurant dining,pii_email_57c276896a64
f8707315-36f0-4d70-98ca-9fc82672fc2c,pii_full_name_1dcc18b2fdde,Female,51,Tamil Nadu,Chennai,Chennai Branch,Business,75bef38c-8cb6-44bc-a665-0fbf452653bb,10-10-2025,12:20:36,82037.41,08899bce-d3fd-4f37-9d16-c31be1e87920,Credit,Health,70111.8,Voice Assistant,"Chennai, Tamil Nadu",Desktop,0,Clean,INR,+91994056XXXXXX,Mutual fund investment,pii_email_57c276896a64
f8707315-36f0-4d70-98ca-9fc82672fc2c,pii_full_name_1dcc18b2fdde,Female,51,Tamil Nadu,Chennai,Chennai Branch,Business,e28919bb-f49e-4441-ba75-aaf0050a4138,15-11-2025,06:20:27,84343.27,c3ff095a-64c5-4867-ada1-e27dfbecb792,Withdrawal,Restaurant,81790.52,Chip Card,"Chennai, Tamil Nadu",POS,0,Clean,INR,+91994056XXXXXX,Bitcoin transaction,pii_email_57c276896a64
f8707315-36f0-4d70-98ca-9fc82672fc2c,pii_full_name_1dcc18b2fdde,Female,51,Tamil Nadu,Chennai,Chennai Branch,Business,00c4fd09-cc99-411f-a278-fcc59f26190c,27-12-2025,13:22:59,67267.04,567a3d72-f7a0-4f60-8306-2983ef6f5d2a,Bill Payment,Health,75063.82,Voice Assistant,"Chennai, Tamil Nadu",Mobile,1,Clean,INR,+91994056XXXXXX,Bitcoin transaction,pii_email_57c276896a64
fc67a55f-dd70-4ec5-8853-3ad43353001d,pii_full_name_87b2b02dfd7f,Female,58,Tamil Nadu,Chennai,Chennai Branch,Business,0a08c75a-5f21-4fd7-9222-4ec0ab9768eb,03-01-2025,18:39:03,73604.2,c11eae18-5daf-460d-852a-27145aa0175f,Bill Payment,Clothing,7043.17,Branch Counter,"Chennai, Tamil Nadu",Desktop,0,Clean,INR,+91954425XXXXXX,Flight ticket,pii_email_6d5511144c57
fc67a55f-dd70-4ec5-8853-3ad43353001d,pii_full_name_87b2b02dfd7f,Female,58,Tamil Nadu,Chennai,Chennai Branch,Business,23861874-3944-4f7e-9bdf-22a16a972d77,10-01-2025,14:52:23,55715.78,d68c0b79-05cf-4d32-bc7e-8a7b5ac37979,Debit,Health,5029.66,ATM Booth Kiosk,"Chennai, Tamil Nadu",ATM,0,Clean,INR,+91954425XXXXXX,Taxi fare,pii_email_6d5511144c57
fc67a55f-dd70-4ec5-8853-3ad43353001d,pii_full_name_87b2b02dfd7f,Female,58,Tamil Nadu,Chennai,Chennai Branch,Business,a3970f5a-89ae-4fc0-8d42-9ac68df01d84,14-02-2025,23:52:27,44515.99,ce5a84a0-b3c3-4598-b77c-c1c017330249,Debit,Groceries,7253.49,Voice Assistant,"Chennai, Tamil Nadu",ATM,0,Clean,INR,+91954425XXXXXX,Electricity bill,pii_email_6d5511144c57
fc67a55f-dd70-4ec5-8853-3ad43353001d,pii_full_name_87b2b02dfd7f,Female,58,Tamil Nadu,Chennai,Chennai Branch,Business,ba38a405-d141-4df9-9304-89a89c564b03,12-03-2025,19:49:30,50336.1,e9dd78ea-6403-4421-a6b2-d31abdd238b4,Transfer,Health,14299.21,QR Code Scanner,"Chennai, Tamil Nadu",Desktop,0,Clean,INR,+91954425XXXXXX,Mutual fund investment,pii_email_6d5511144c57
fc67a55f-dd70-4ec5-8853-3ad43353001d,pii_full_name_87b2b02dfd7f,Female,58,Tamil Nadu,Chennai,Chennai Branch,Business,5eca1c63-f0df-4d1f-a509-d42f26c8f3bb,14-04-2025,12:49:36,1771.84,a0b7154b-956d-4a7e-b374-fb41f5b548d1,Withdrawal,Restaurant,5029.66,Digital Wallet,"Chennai, Tamil Nadu",ATM,0,Clean,INR,+91954425XXXXXX,EMI payment,pii_email_6d5511144c57
fc67a55f-dd70-4ec5-8853-3ad43353001d,pii_full_name_87b2b02dfd7f,Female,58,Tamil Nadu,Chennai,Chennai Branch,Business,72cba047-eb9b-4abd-ad73-4470787f65bc,22-05-2025,21:15:45,93205.99,21cb0dff-63b0-4d8c-bf07-b69d207b5647,Debit,Electronics,5029.66,Mobile Banking App,"Chennai, Tamil Nadu",POS,0,Clean,INR,+91954425XXXXXX,Movie tickets,pii_email_6d5511144c57
fc67a55f-dd70-4ec5-8853-3ad43353001d,pii_full_name_87b2b02dfd7f,Female,58,Tamil Nadu,Chennai,Chennai Branch,Business,05a58c61-edfd-4e76-8721-29ae4906d176,29-05-2025,22:55:34,52556.05,25ed8784-7100-4fa7-a720-09f942e9745c,Bill Payment,Health,5029.66,Virtual Card,"Chennai, Tamil Nadu",Mobile,0,Clean,INR,+91954425XXXXXX,Mobile recharge,pii_email_6d5511144c57
fc67a55f-dd70-4ec5-8853-3ad43353001d,pii_full_name_87b2b02dfd7f,Female,58,Tamil Nadu,Chennai,Chennai Branch,Business,db1693fd-3bb6-49e8-8629-a84ef9b2691f,24-07-2025,09:18:39,2187.01,98155ec7-2c82-4fcc-8167-a65b225b2cdc,Bill Payment,Electronics,7770.54,Digital Wallet,"Chennai, Tamil Nadu",Mobile,0,Clean,INR,+91954425XXXXXX,Gas bill,pii_email_6d5511144c57
fc67a55f-dd70-4ec5-8853-3ad43353001d,pii_full_name_87b2b02dfd7f,Female,58,Tamil Nadu,Chennai,Chennai Branch,Business,21994abd-1847-4000-8b41-46e2e1796877,12-08-2025,13:46:02,1043.76,3ac9ddc6-c23a-4723-b822-2452c4e1e7ae,Credit,Restaurant,14403.59,Chip Card,"Chennai, Tamil Nadu",ATM,0,Clean,INR,+91954425XXXXXX,Gym membership,pii_email_6d5511144c57
fc67a55f-dd70-4ec5-8853-3ad43353001d,pii_full_name_87b2b02dfd7f,Female,58,Tamil Nadu,Chennai,Chennai Branch,Business,b7165749-bc69-4f5b-a167-83e5edfd5fef,04-10-2025,14:50:47,90852.63,9b017abf-0ac6-46aa-8967-dcfdaab1cd00,Credit,Entertainment,16338.76,Magnetic Strip Card,"Chennai, Tamil Nadu",Desktop,0,Clean,INR,+91954425XXXXXX,Train ticket,pii_email_6d5511144c57
fc67a55f-dd70-4ec5-8853-3ad43353001d,pii_full_name_87b2b02dfd7f,Female,58,Tamil Nadu,Chennai,Chennai Branch,Business,a9b76d33-ee7c-44a4-bd63-1c8126e947d3,22-10-2025,23:53:33,48546.44,92b07ae0-66d1-473f-9c7b-aadedf2326e7,Credit,Clothing,11705.09,Branch Counter,"Chennai, Tamil Nadu",POS,0,Clean,INR,+91954425XXXXXX,Restaurant dining,pii_email_6d5511144c57
fc67a55f-dd70-4ec5-8853-3ad43353001d,pii_full_name_87b2b02dfd7f,Female,58,Tamil Nadu,Chennai,Chennai Branch,Business,99659983-94b9-4c1e-859a-ae5171d1164a,20-11-2025,12:39:18,83495.17,f0b39b8b-f29a-4b7a-97d7-c5b0a3f094d9,Withdrawal,Health,7989.24,Internet Banking,"Chennai, Tamil Nadu",Desktop,0,Clean,INR,+91954425XXXXXX,Mutual fund investment,pii_email_6d5511144c57
fc67a55f-dd70-4ec5-8853-3ad43353001d,pii_full_name_87b2b02dfd7f,Female,58,Tamil Nadu,Chennai,Chennai Branch,Business,47edb54f-9d48-4e0a-b994-b4395c79609c,26-11-2025,03:58:02,3930.81,f6387791-2aee-4920-80e7-910737ce74a8,Credit,Clothing,5422.74,ATM,"Chennai, Tamil Nadu",POS,0,Clean,INR,+91954425XXXXXX,Train ticket,pii_email_6d5511144c57
fc67a55f-dd70-4ec5-8853-3ad43353001d,pii_full_name_87b2b02dfd7f,Female,58,Tamil Nadu,Chennai,Chennai Branch,Business,668a54ad-94fe-40e0-bb47-b864e962ca0f,05-12-2025,05:44:18,38428.6,402fe89d-045a-4d94-8dc1-f0f177bbfdbb,Transfer,Electronics,9265.6,Chip Card,"Chennai, Tamil Nadu",ATM,0,Clean,INR,+91954425XXXXXX,Mobile recharge,pii_email_6d5511144c57
fcc16370-c566-4b6f-a452-1d5e08b6698c,pii_full_name_dc1cc50d1053,Female,43,Lakshadweep,Kavaratti,Kavaratti Branch,Business,2967f1c1-154d-4827-86d4-9273a6a8c83c,12-01-2025,02:40:58,90507.96,10567a4f-6a8f-4f70-ad8c-79df352b9340,Credit,Electronics,89149.15,Virtual Card,"Kavaratti, Lakshadweep",ATM,0,Clean,INR,+91997312XXXXXX,Train ticket,pii_email_ea73ecd66155
fcc16370-c566-4b6f-a452-1d5e08b6698c,pii_full_name_dc1cc50d1053,Female,43,Lakshadweep,Kavaratti,Kavaratti Branch,Business,e9e879e2-6a69-4015-856b-a0b3cd8ddf6b,18-01-2025,10:16:34,63560.67,054a6f2b-79a0-4d52-b029-a6eee7c71aed,Bill Payment,Electronics,78151.3,POS Mobile Device,"Kavaratti, Lakshadweep",ATM,0,Clean,INR,+91997312XXXXXX,Salary credit,pii_email_ea73ecd66155
fcc16370-c566-4b6f-a452-1d5e08b6698c,pii_full_name_dc1cc50d1053,Female,43,Lakshadweep,Kavaratti,Kavaratti Branch,Business,ff0f31f5-abd8-4c51-a40e-eb988466d0fa,20-01-2025,02:22:43,98599.62,39d254e8-d467-4f0d-8132-b3aae9975c3d,Transfer,Entertainment,94357.54,Virtual Card,"Kavaratti, Lakshadweep",Desktop,0,Clean,INR,+91997312XXXXXX,Train ticket,pii_email_ea73ecd66155
fcc16370-c566-4b6f-a452-1d5e08b6698c,pii_full_name_dc1cc50d1053,Female,43,Lakshadweep,Kavaratti,Kavaratti Branch,Business,1926c1f5-055f-4061-ac56-26c77a8f6e0b,01-02-2025,02:53:19,50052.16,557b3a8d-6f3d-4d2d-82ff-1cabb4b0c927,Bill Payment,Restaurant,81594.0,Voice Assistant,"Kavaratti, Lakshadweep",POS,0,Clean,INR,+91997312XXXXXX,Online shopping,pii_email_ea73ecd66155
fcc16370-c566-4b6f-a452-1d5e08b6698c,pii_full_name_dc1cc50d1053,Female,43,Lakshadweep,Kavaratti,Kavaratti Branch,Business,347538ca-5cbc-498e-a2d9-700b62e8fcbc,12-04-2025,10:01:24,88113.77,618d549c-e0f3-447a-84f0-1403d29bacf5,Credit,Groceries,84507.37,POS Mobile App,"Kavaratti, Lakshadweep",Desktop,0,Clean,INR,+91997312XXXXXX,Electricity bill,pii_email_ea73ecd66155
fcc16370-c566-4b6f-a452-1d5e08b6698c,pii_full_name_dc1cc50d1053,Female,43,Lakshadweep,Kavaratti,Kavaratti Branch,Business,5db8f25f-76b7-43a7-b953-e4ee5aeac0a0,31-07-2025,21:29:25,63462.75,49b5ce07-7ac4-49dc-ab0a-843ef4d678ba,Transfer,Groceries,84497.58,Voice Assistant,"Kavaratti, Lakshadweep",POS,0,Clean,INR,+91997312XXXXXX,Utility bill,pii_email_ea73ecd66155
fcc16370-c566-4b6f-a452-1d5e08b6698c,pii_full_name_dc1cc50d1053,Female,43,Lakshadweep,Kavaratti,Kavaratti Branch,Business,fcdd772f-ec06-41ab-bb46-5b8117069f8a,05-08-2025,14:54:35,72495.33,07f1a04a-0f5b-46a2-92cf-a16e3fd81c2e,Withdrawal,Restaurant,75696.0,Magnetic Strip Card,"Kavaratti, Lakshadweep",POS,0,Clean,INR,+91997312XXXXXX,Debt repayment,pii_email_ea73ecd66155
fcc16370-c566-4b6f-a452-1d5e08b6698c,pii_full_name_dc1cc50d1053,Female,43,Lakshadweep,Kavaratti,Kavaratti Branch,Business,fc330fb0-e0b3-4811-b229-5a93be751930,06-08-2025,11:23:40,20742.61,5773c77a-34f9-4fa3-9753-99e7cbe59e37,Withdrawal,Electronics,87985.3,Internet Banking,"Kavaratti, Lakshadweep",POS,0,Clean,INR,+91997312XXXXXX,Food delivery,pii_email_ea73ecd66155
fcc16370-c566-4b6f-a452-1d5e08b6698c,pii_full_name_dc1cc50d1053,Female,43,Lakshadweep,Kavaratti,Kavaratti Branch,Business,da0cad47-1f85-41f9-9434-86acd17b3984,23-08-2025,21:42:42,78869.49,32c84f3f-cef4-4606-8d7d-24a88c6bdf89,Bill Payment,Health,80098.35,POS Mobile App,"Kavaratti, Lakshadweep",Mobile,0,Clean,INR,+91997312XXXXXX,Electricity bill,pii_email_ea73ecd66155
fcc16370-c566-4b6f-a452-1d5e08b6698c,pii_full_name_dc1cc50d1053,Female,43,Lakshadweep,Kavaratti,Kavaratti Branch,Business,eba2923c-4e92-4969-a170-61b7af5526f6,28-10-2025,07:51:31,25499.32,6ef6a7d2-0038-4b8e-9ad0-6f109eb4023c,Bill Payment,Entertainment,86599.22,Chip Card,"Kavaratti, Lakshadweep",Desktop,0,Clean,INR,+91997312XXXXXX,Taxi fare,pii_email_ea73ecd66155
fcc16370-c566-4b6f-a452-1d5e08b6698c,pii_full_name_dc1cc50d1053,Female,43,Lakshadweep,Kavaratti,Kavaratti Branch,Business,a48e3c4a-365c-4878-8a7d-99a0ba2c886e,31-10-2025,19:34:58,42979.78,84cf996c-bdd0-436b-866f-4a73a9460c6e,Bill Payment,Groceries,90059.56,Mobile Banking App,"Kavaratti, Lakshadweep",Desktop,0,Clean,INR,+91997312XXXXXX,Gas bill,pii_email_ea73ecd66155
fcc16370-c566-4b6f-a452-1d5e08b6698c,pii_full_name_dc1cc50d1053,Female,43,Lakshadweep,Kavaratti,Kavaratti Branch,Business,0fcd023d-f3f8-456a-b581-2aa706a07ff2,10-11-2025,08:07:02,27371.04,a8ce6211-0d41-4739-b39b-e353938e98df,Debit,Restaurant,78856.9,POS Mobile App,"Kavaratti, Lakshadweep",Mobile,0,Clean,INR,+91997312XXXXXX,Mutual fund investment,pii_email_ea73ecd66155
fe3852d7-1d1c-42e9-a04e-0b2eadee2651,pii_full_name_46af40bfb89f,Female,53,Tamil Nadu,Chennai,Chennai Branch,Business,28ffc67f-c47c-459a-b613-7c883aa45fe8,31-05-2025,06:47:43,1624.94,3b23f114-06c9-49c4-901d-acbf6aadcaa1,Debit,Electronics,63455.71,Chip Card,"Chennai, Tamil Nadu",ATM,0,Clean,INR,+91977584XXXXXX,Salary credit,pii_email_4981b69fe5af
fe3852d7-1d1c-42e9-a04e-0b2eadee2651,pii_full_name_46af40bfb89f,Female,53,Tamil Nadu,Chennai,Chennai Branch,Business,77e3cdc7-8635-4fd9-9320-55f6be4749e9,10-07-2025,11:38:38,75551.58,047fe43e-d222-42a5-8896-ad6b63c6bcaa,Bill Payment,Clothing,55900.55,ATM Booth Kiosk,"Chennai, Tamil Nadu",Mobile,0,Clean,INR,+91977584XXXXXX,Gas bill,pii_email_4981b69fe5af
fe3852d7-1d1c-42e9-a04e-0b2eadee2651,pii_full_name_46af40bfb89f,Female,53,Tamil Nadu,Chennai,Chennai Branch,Business,de8a6b07-eb4f-4128-b75a-a3dfc7128110,22-11-2025,06:24:37,87129.61,86349286-8c02-4c52-ad88-1c3c1e3b5de7,Debit,Electronics,63618.2,Debit/Credit Card,"Chennai, Tamil Nadu",Desktop,0,Clean,INR,+91977584XXXXXX,Bus ticket,pii_email_4981b69fe5af
